31830
13387
30540
21400
23802
31601
28648
25569
4364
14004
9456
18580
11979
29738
14771
28442
10257
28694
1020
30302
32552
18023
1929
3191
15838
23937
17854
20359
25308
28224
13723
13795
14643
19770
30700
16756
20024
22853
7103
605
31122
13114
1819
11485
11153
8952
22511
18039
30146
19883
20809
11857
448
8526
10440
1243
27212
6510
18516
14000
10912
16689
22540
11969
6145
5784
9344
29616
6548
13057
13601
13434
4722
23792
9974
2137
12798
26382
8080
26089
7799
114
27711
5513
11721
23072
8582
8964
8361
17871
20173
4721
5088
12784
6742
23639
7143
9963
22898
29973
16053
10668
30965
25473
16341
10078
18919
10960
29371
20086
1660
2998
1880
30964
9030
24781
1260
3045
16554
6715
26396
28717
20625
7312
4420
2179
17503
1773
3086
18621
22313
9323
16708
21070
18467
3258
10722
14861
6487
14345
8816
23352
9885
2598
22926
23480
10439
6375
3281
17830
31004
12744
1997
23055
10504
25301
6515
244
16913
2763
29598
31381
16909
13434
10472
13808
10130
16749
15554
28804
8879
10189
31172
858
15833
18307
577
326
4904
6813
20255
2667
25028
17651
4325
30973
6042
18186
10006
19275
9043
22584
8638
28412
8838
11273
330
20888
16428
9954
10396
23115
22357
17892
13663
12518
11802
15891
12952
30247
23763
5816
22910
20794
13706
17156
21644
30335
16303
32501
14548
2958
7180
29566
10646
3193
25852
26082
23057
5713
24280
30305
24985
15083
3251
12822
5610
16867
32071
31776
24508
31458
25646
4608
15768
1309
21334
12098
26857
12318
10415
5216
20822
22983
1062
29923
25167
28052
22999
4299
18150
26912
29822
32049
8161
2539
31791
24619
24589
2138
21832
9200
17109
1023
27555
25916
4370
1307
15888
8438
10277
14177
15874
25873
30532
16893
22408
2224
26385
24789
13695
12173
24433
8975
5639
7323
24475
29395
17203
6122
23663
19026
1029
27595
22794
14855
6553
15670
28055
9276
7328
17256
12391
20945
20240
8912
13637
17465
13850
28460
5891
26821
4189
6384
16217
4389
31833
18919
24816
21804
25382
29980
22457
16851
31589
7675
25475
31105
30840
6836
28877
10633
14830
21984
25560
30964
3905
21351
6657
21634
25540
31905
5454
15339
26327
30651
1607
29802
1117
3677
10247
17532
16752
26505
8850
7398
20819
6343
26473
21237
30375
21119
15452
20489
1250
11174
26784
23125
5630
20636
14369
23264
18542
6485
18713
17615
6486
19128
22498
487
12027
1860
32009
2126
10105
13049
4515
32145
16308
20086
11748
2795
26256
3423
30189
18117
4197
11265
10470
22393
24237
18489
9805
13147
28672
16785
23949
8698
27715
25773
23507
25251
8476
26086
27677
7207
17064
28468
32148
31198
9329
17745
17435
6636
32410
18459
18216
12483
4957
21051
21202
1514
18616
15364
32556
11772
2658
1437
16850
9715
2052
27747
15809
13222
9126
28553
17772
12177
9319
2049
17164
7125
370
6048
31543
11391
22829
21373
23988
9485
26804
11674
22670
12079
6021
454
24935
3786
27517
2497
10511
22338
30979
23714
11605
1529
9091
32118
7453
9747
16926
15658
17075
24957
31903
29611
26719
9005
29873
21579
27450
11947
3920
24935
28735
20688
29310
17222
28581
3533
2871
1605
2669
28784
12198
1073
24119
24227
12697
31989
19289
5942
30003
8821
24882
15582
24544
7097
25788
4733
13198
17230
9569
19619
10779
9449
5136
7253
25865
32334
20623
22286
1401
18288
8467
24580
87
1498
2062
13996
722
28493
27720
20096
31503
8107
1841
5120
6430
26131
3446
17143
23597
27982
17874
29183
32763
17258
551
30535
24208
1188
11981
2708
6700
11660
27689
18566
9085
22627
26242
31517
28692
27080
24593
19323
29978
28820
8535
16620
14911
15618
17332
12579
6388
29459
2612
1479
31706
7216
15532
31534
12922
31761
14598
15464
11574
11487
11993
127
13695
18069
14653
3325
30281
5548
19165
16815
26812
9463
8269
4521
31021
7884
11422
3466
30796
18788
13360
25345
11423
8836
2504
30096
6191
24157
8674
29840
18049
19890
28745
4726
14023
28472
17380
16724
13912
12354
5331
6307
16222
8349
30907
18495
12238
7609
12637
15539
27806
14602
2414
22711
17714
23982
29602
26615
11031
31056
8203
12054
4595
11340
31649
15603
3004
17684
20002
24875
29993
2770
27164
27615
18022
6991
9031
6839
23564
24595
32537
22310
19536
24270
21397
10736
7291
26870
18532
2026
27290
28338
28198
23553
24438
30967
24586
29310
31942
3824
9116
10633
7076
2724
15071
2795
12094
8403
7324
13080
8142
8224
1785
10604
20940
11126
24653
3509
11617
29604
6707
16114
14880
13386
19166
24410
8945
30713
28844
22944
13901
26518
5117
19318
14001
10495
15173
31056
3916
4337
25952
12138
16635
11306
32294
13324
7032
25546
320
12045
5839
16639
16186
10902
24849
5089
30936
4392
29771
411
17582
19680
18617
15820
29419
27642
30520
29485
25462
28309
24570
8051
572
8629
10621
26231
24008
11150
11198
8340
3092
11520
7082
10320
20894
7262
2773
11071
16063
15731
3950
549
14136
23239
10355
21595
6158
9246
12833
2676
28569
22082
32431
21535
31703
4098
26427
17743
25350
30843
26885
20122
23153
6806
8923
5343
12170
6610
18132
27692
26425
9284
21569
31199
26484
17884
11745
16907
24336
233
24660
9245
24534
20447
11474
2751
24282
29784
11293
21244
3848
14170
7604
11941
18944
32472
14154
1524
31524
23675
2166
7280
16622
31138
18092
32016
14472
1191
5484
29091
10134
868
7865
2415
30806
12021
4045
29465
15340
15552
19979
11717
9975
14515
30773
21885
15464
21709
2015
3799
6804
20960
10020
21970
7816
26005
3735
13314
20892
16816
32636
8685
21835
8341
11833
6068
16705
31499
12551
4342
10166
19265
18157
2033
13307
271
2799
11242
5970
2941
26499
22223
14339
7049
24132
1564
22188
1061
30698
23291
7641
23424
28794
26031
20436
16774
29626
16434
1727
28586
32232
15389
15071
30179
13483
10185
827
18676
19530
28340
17510
1521
19740
6438
16793
3839
19776
28436
17412
25947
29325
16964
19558
25758
20684
9138
732
17215
30757
2099
22774
31833
18392
8280
4624
1710
22830
26517
9696
31981
5806
11938
12619
6960
21395
9506
27005
13769
30590
9859
17720
3390
4713
20005
20588
9106
27868
5822
24073
30406
26723
2301
3089
17568
17471
15725
19953
15275
6748
13725
28945
15743
10371
20606
20394
5698
14801
24076
9688
19823
17512
5680
15600
29654
3940
30437
24851
4837
29969
19867
21763
8485
5467
28632
14390
8199
3205
26405
4905
18145
542
5160
32247
24372
9265
3342
5418
13872
25277
15148
12497
18298
32612
31717
4563
1324
17767
18638
31106
24862
32210
11024
24435
31588
29684
32270
14734
6679
7698
17736
2657
20057
15965
6527
10681
27283
4128
28955
31604
11777
21822
18377
2193
18801
22492
26984
11913
8519
13403
25638
22754
28869
32649
26086
30977
12937
7448
2278
12352
29271
23119
21406
24640
27673
8447
28651
5505
7204
22201
23916
47
9405
15422
9004
28479
11484
24887
17538
443
7216
38
32054
602
22626
22173
2277
8532
26526
19886
31143
116
7248
1698
25070
17775
11819
8173
21938
9844
25712
18018
1739
9476
13677
26276
158
27396
32580
4829
18171
32273
15853
28850
23622
15635
25214
17270
29397
23573
12202
26269
19866
21076
16264
19572
5122
28309
5782
21776
7452
1468
26622
4484
30206
28571
28440
18264
10085
17928
559
18486
32411
6706
17032
29157
23966
5173
3488
27260
22142
12523
5046
27855
5639
4613
14217
14638
24992
5211
7011
32335
11379
8321
32598
20104
1998
27035
21702
30017
29385
3698
11048
16554
19754
20679
23048
5033
29061
22247
3153
21527
15016
11135
4297
2347
30774
28594
5083
15926
5777
29545
9881
32145
32253
10218
14081
30676
27907
8365
23935
11081
21012
5738
9140
8097
26735
8311
10358
2533
7237
6225
17688
27823
31258
23417
6123
2201
11630
24449
6148
12534
21149
19558
5696
22720
8196
4384
20358
27602
10853
9848
29772
18519
18572
29722
18781
27779
23091
3051
17881
11393
30244
12188
21117
1196
17309
21632
3620
23553
760
6554
15246
19156
2443
25595
15457
14787
13518
5451
15725
27881
6331
4261
30772
20308
28027
424
11690
4792
62
6602
15929
30564
11115
14320
776
20598
6649
11836
19581
6219
23068
6694
10753
10554
805
719
24323
28290
29347
12689
10559
8576
25807
30939
15424
26406
27687
23868
5667
25000
3160
21693
4511
2680
31841
4212
22850
26741
21494
1110
8189
30304
10274
8525
17123
19855
23345
30091
14382
26853
9165
10013
28547
5121
3943
31939
1911
23222
985
26879
31825
3259
1097
19308
13329
10660
15696
23633
2994
18705
7259
30326
18861
21286
30290
13110
6590
7483
376
3286
30186
16084
9875
31509
8385
13011
27980
15876
5345
6380
2008
19224
3515
11098
16856
4222
3482
15568
22142
686
1249
21171
29170
10307
32403
12166
25076
6154
30233
24998
14786
7513
14912
10807
27964
30370
386
20574
10054
25159
4998
13488
24430
28080
11242
14571
29391
15004
31295
20452
17460
11956
25429
18881
10113
16742
26553
12392
7247
23536
21373
18488
7127
32699
6967
2294
32273
9963
2636
8970
14877
4916
9839
25835
1505
32495
27748
5336
6388
25709
18954
4809
5818
20363
31128
22181
25553
28038
8743
7861
27308
20241
24945
25177
4990
4261
8920
23801
29530
23833
26538
17727
30360
32370
25763
1155
2682
28924
6323
647
2576
11418
16642
22885
29272
6234
20018
1477
8618
23628
16100
26451
9811
1429
893
9585
24705
12479
20266
19496
31583
11859
31265
13669
384
21930
22826
4706
4225
31232
11870
10594
28650
13770
5935
7073
3926
73
7081
18315
12244
16736
17144
6956
15500
22435
20777
27368
5798
17584
4661
8300
22631
29634
22075
21988
21405
20099
781
12654
20286
5154
24302
5327
18508
9894
30874
30054
14843
17026
20615
28766
12566
21609
10091
28455
11935
24931
5630
28710
7606
13601
20993
18347
24763
19085
17535
27940
14775
8870
21843
10385
4600
32139
4074
13368
25852
10709
1354
9882
21137
24106
3923
14501
7225
20752
22853
15403
4563
766
20867
22163
12664
28345
26775
21455
32420
5086
16757
9614
21654
4026
14084
25266
14329
14434
23258
23300
27587
28160
20807
4902
19806
5740
11926
15562
15366
30460
14735
32546
3954
24732
14145
9111
25014
25121
9214
31422
12392
29914
32166
3464
6401
22376
809
28345
13447
2768
3399
16539
22121
9679
25754
17139
12971
29294
14551
32052
12098
2517
7505
22771
25794
25188
11966
16539
4662
1024
17982
5730
2127
22187
23961
6011
20418
16216
2248
32653
3819
32509
10424
101
29366
2025
15178
25064
7871
15704
27806
24139
26808
20805
19857
3718
25356
13439
21380
31493
31425
19711
1376
9377
11427
26233
31190
6608
5535
4401
2796
27672
25197
25360
25269
6602
25202
20215
17759
16364
16868
1619
15476
10359
12079
6386
1881
2243
28567
18197
29979
1087
10015
14790
2922
18277
22442
5483
7910
20205
23393
6812
16538
12097
24148
18738
9414
28722
7012
14752
26338
20713
24672
8327
20191
2080
7534
12420
31664
21650
941
20045
5897
29103
30488
19196
30311
17557
22446
6314
19792
21820
26064
11584
21724
26608
17898
1930
3188
19205
26453
2701
30682
11462
21116
8987
32361
3502
8766
27556
20383
8923
11412
16975
28888
15551
7796
1353
22620
1561
3829
26973
14748
12067
19891
7878
26297
22797
28789
14401
27462
21931
25613
2150
17487
3947
1152
26935
22938
11657
103
8698
7212
18566
2965
24388
28175
17110
9466
29015
14163
6617
29639
17581
19539
17164
32723
18645
2362
27009
18750
14718
18117
8076
852
32210
3146
22720
30388
4613
8953
16409
20145
12077
28258
15995
22008
9556
11831
17755
26227
7115
3411
12732
4206
11202
8700
23390
15609
2326
17253
9266
20365
11626
22647
7184
2802
14713
977
3244
15711
170
20750
455
30692
29414
18246
8610
21765
22694
1239
27064
4776
5456
18533
9132
817
25539
2847
9857
6635
16688
4164
14345
5802
31277
3558
8864
5294
3588
21231
21274
203
23633
3681
4857
15047
20684
7138
13027
26116
355
31095
14676
11614
29324
19088
27025
32343
30169
3141
14045
32626
22220
24287
30702
17884
18926
2202
28322
3665
21019
5545
30703
32062
4128
14715
30744
10787
12424
21821
22311
31292
27570
18336
8599
3680
19495
27100
8529
18473
12075
24053
730
10837
13202
4668
23242
6252
2773
7706
8064
14755
24677
23561
27412
769
19263
25827
6541
11456
32193
20575
5972
5878
10172
24280
29673
24949
16074
28753
3285
15087
8418
27831
25824
11102
17705
357
31619
23970
28427
22510
14496
11372
6027
10774
16497
30300
215
22305
17343
32102
10272
24145
8276
21882
2472
25258
26034
9828
27421
7160
4613
17649
8229
22803
6999
26451
32058
30562
6403
30918
27832
29598
8556
20596
23092
30680
12270
20374
26640
2750
10005
10973
9036
17434
17165
25360
10655
10907
4186
12534
30151
7896
15049
26742
17949
30610
18599
5885
20844
13113
5680
24864
15875
25266
9546
25475
3849
12632
5492
6905
31761
11841
22521
6124
26350
15042
29801
256
25545
16949
29001
10483
1905
7929
13578
15304
28657
20667
29496
18212
15208
26612
31220
8696
24853
19123
29604
30560
8370
13981
28905
30923
31747
9266
20178
31581
28334
28498
19791
1169
22605
26879
27112
2595
19650
13924
21166
26925
16074
8470
1394
22672
14550
15515
28470
23189
6166
1321
8161
29140
32214
23471
26167
7509
27405
794
26631
24566
14899
721
2726
22284
27476
4737
16285
9293
30307
29472
2463
12014
6096
22828
19902
8
19292
19508
17630
15936
26925
8090
8553
3239
6429
26775
15684
20703
4184
5503
25602
9344
19750
2631
3416
30137
17669
26180
7121
6971
14587
22325
29635
24402
9258
7556
32386
18005
30885
9673
28115
5185
7810
23440
21412
21921
26929
6492
25082
28593
30476
23020
26410
31682
12078
3772
23116
29152
20873
16335
3053
26291
19763
22700
20228
24739
20737
18087
11815
2111
19031
19553
255
14304
17982
11922
30202
11913
26807
7686
25663
27154
28240
742
31207
27782
27636
3385
6762
28873
16647
11946
343
21118
28595
24972
32073
11559
20348
24859
22294
30350
19995
14085
14665
6245
12937
16937
11219
19753
5722
6814
30717
17484
2380
30455
2209
20882
4896
30405
6810
11196
1960
30302
20857
32356
24866
20445
1145
21288
5316
11626
22454
5642
5528
20668
30105
14615
31114
29659
31895
15175
29888
10027
29979
5797
7977
20646
25536
22959
14425
12393
19396
28672
23956
3698
13754
24108
26152
30120
3710
29932
23040
8219
29294
16251
13943
30862
14551
12607
30058
21811
21422
22188
2705
20405
22401
3430
19215
24187
16300
1957
29511
4908
17104
7902
16114
8814
19329
14752
18286
6388
26943
18620
7257
25015
19880
8104
19039
387
10731
11301
17488
11190
128
20768
25206
5189
16151
26838
27685
8959
13518
12860
24467
27670
14502
11678
27626
4571
5176
11398
20892
29641
1700
6367
7415
20165
29643
14170
28409
12964
5054
26897
18533
28910
13941
12395
2838
26849
28613
32063
9620
21689
16268
1084
7397
31791
2607
9608
26790
28736
30022
9895
21850
13359
31893
17311
24833
30669
21311
23385
17901
18168
25910
15179
10193
21090
3318
20052
5915
13716
20851
13031
24195
24114
16463
31852
20196
30848
14417
9187
32075
1317
14355
27595
10062
31791
1274
15170
12704
8536
15979
13421
29922
28039
12604
2586
19643
12698
32617
22692
7466
22115
28681
1559
16923
24048
31616
28053
7481
2576
26613
23033
13828
19474
2567
5049
8227
25040
32187
1553
7163
17389
27577
16222
9600
18778
11961
20680
25931
9247
27960
20771
14318
7000
31599
1815
16260
9853
6533
32383
13196
19943
25092
3344
25335
29840
31882
2619
7295
28443
26817
15956
28987
3092
30096
19699
1392
29048
14483
7835
25515
29560
6601
3481
1548
18554
18317
23087
2533
15969
9928
10738
16772
21774
4964
5745
6220
25126
1284
3863
32011
8726
27634
4691
18055
23125
23128
501
18010
28905
19892
5852
32256
7469
11398
14286
10799
5585
19531
14247
6246
24610
5039
16054
31433
9356
3327
25444
11820
11357
31965
13846
9838
27851
20791
17493
29960
17209
31866
22317
7653
18102
4354
28882
11893
21191
12502
19850
19197
12134
9618
27590
9777
31306
13476
24466
5892
13673
955
30000
16575
7868
8573
26368
336
13634
1657
10916
6629
3911
8796
6496
17850
26086
18791
30663
13103
31181
5664
8340
4894
13632
4936
22230
12907
12129
16910
848
20957
29870
20610
24863
12332
14539
5196
23965
31323
21890
7582
12166
5703
15112
30311
26969
31617
13697
25034
2817
3673
11207
12238
22197
12603
15207
31063
27933
63
21997
22613
29878
27387
17250
28731
20599
8348
11794
23219
10677
565
7059
19599
20804
3926
30466
1795
15327
225
4240
26898
7625
1561
13885
13639
27061
22524
18916
24485
14052
5843
30840
30688
21133
9735
30349
974
129
31286
26138
24088
12047
3462
18813
27957
8741
28217
10175
18073
22969
7042
17946
4649
14183
9367
6840
16883
10076
15880
23742
29212
20594
16719
21897
1305
3996
19112
22327
20514
17029
26915
31850
27620
9588
5367
5448
32119
18547
24601
26055
2959
24496
5389
6439
13302
29475
14333
3776
21818
12657
7688
25597
163
27153
3804
24489
18535
29357
9351
8809
15905
31691
23946
16522
13696
6316
5423
10493
7996
32372
22045
32160
4175
16012
15146
16576
18785
69
21104
31707
21124
32190
13987
17322
32545
18439
21154
15710
28210
5766
843
2347
23218
9626
2964
13827
20562
26751
3799
8868
6254
4722
1390
28628
29503
15125
24448
26603
29010
8724
18970
32659
313
22025
19074
21452
1408
17053
9160
18739
1763
27120
15005
12419
22205
19772
27496
5212
13764
18613
1687
5187
21236
26291
26419
28907
14025
28178
22456
11698
28337
12249
14627
27503
3265
22555
8268
24683
20391
17947
23926
4525
1760
12211
8741
12667
1835
5111
14640
18205
17213
16661
1302
996
23734
29056
14485
26987
16724
17485
32121
9501
10342
5341
32179
17655
1156
30140
682
10639
15742
21193
7894
22870
18066
32407
5514
6426
25826
12052
29969
28111
14885
11624
5885
27534
26524
15648
31420
30174
23879
32396
11884
21811
10586
20581
14832
17844
23531
29875
16452
25409
21229
31982
19213
5813
609
16740
29813
26728
3275
26586
25397
23545
16355
15734
19699
14666
18830
26589
29391
26315
14604
12696
19513
14588
8307
30140
21509
23341
27228
28362
11201
13704
14300
27860
2374
29778
23222
14049
8845
5230
16334
7059
3012
6435
24033
29959
15265
20255
31860
9213
10743
16571
26378
17977
15495
16256
24730
11305
30232
9962
27456
20935
7114
15469
14387
24257
17575
20662
21495
29143
1915
1587
25300
15237
15077
24789
390
11235
31663
789
7734
14281
27995
15413
23977
31030
26878
19400
24760
12019
3666
32372
32256
24435
27398
2039
17370
8958
11352
15976
22158
22799
3814
6847
32451
19706
193
8856
31802
3537
10692
7988
28860
32137
20004
17857
30545
23385
16199
13531
15283
19811
20186
27474
9730
11670
30750
7214
28345
7635
13186
1008
12001
10062
10359
8987
16517
26936
12672
499
869
6811
26248
24965
23022
25477
8569
32231
29290
20840
12554
17857
12405
27329
11737
11020
19120
9720
9657
28954
28857
18311
4429
7127
3418
27487
18390
25678
30976
15751
25929
22127
12399
9735
22181
31759
25525
27652
131
14640
29020
5164
13294
15747
8676
32341
25974
12075
14193
1632
23168
29380
9664
11364
16608
13476
1631
2057
25770
5984
7454
2865
30788
11154
193
22494
8896
5338
15351
11600
18537
35
31376
12397
16796
20264
5866
4966
29658
7478
7084
24728
282
307
3511
27824
356
12511
4698
13331
31387
26970
17861
10109
2715
16615
21953
11239
30596
17903
13470
20911
6740
3913
30828
1779
22460
8632
14958
18749
6956
20149
2763
6758
2097
28783
19591
15540
22016
10001
3506
31302
2387
31555
12255
31666
115
2547
29912
29164
1430
7509
17296
5994
23404
22312
14681
19589
30709
20540
23383
21283
24981
20785
31797
28051
25194
2177
10774
25784
1501
25025
14543
14698
5239
25123
15443
1305
503
11840
1902
19891
417
7444
695
20680
13528
31818
28608
2541
10223
27066
27791
30814
4413
26161
19282
26599
1647
1392
4686
16644
7202
24439
14361
9287
9138
9987
28681
21754
31564
2389
6892
14086
9291
15157
12281
25619
5057
22327
12807
7153
29011
28989
1277
5174
14411
829
14218
27433
28392
5956
5398
16863
26616
21179
5112
16804
17065
18154
29673
4253
7325
10938
8376
31147
10812
25023
11584
19345
10574
29813
31384
13146
25033
24010
24457
5621
10471
20957
25669
11555
6780
25094
26197
27539
31879
8726
14548
27722
263
13024
5339
29001
23056
22008
28220
13674
21533
28346
115
5516
27304
5262
10201
21743
2808
6763
23323
225
31035
12186
22763
14235
3028
32189
24053
22118
12534
26639
30485
21250
29298
20461
17351
17479
27597
662
15583
24077
26262
13359
21370
25674
4342
11274
31796
22906
649
1575
31387
27716
876
11771
228
26714
18840
30321
30685
11937
8302
29487
803
30866
11922
30490
5525
27360
19965
23580
10760
15194
10830
30757
29757
28180
6497
25455
7696
28097
25123
29703
25841
868
26021
4745
11160
28968
24175
19498
21493
13451
10774
17916
30054
13250
20753
30062
17197
23129
16584
16914
14113
26907
27630
29860
21667
32049
17681
5959
6100
4750
18287
11025
25862
1418
524
22218
3184
22476
22785
29425
13861
15470
28951
5888
19015
12124
31124
3058
10615
7165
18517
18433
18833
22294
31773
22452
2710
28651
6445
22553
22506
7335
21525
26191
27072
17917
32457
10312
15058
30224
19447
21197
1621
11920
23704
20675
25132
27174
19398
28588
18780
19731
11469
13681
10944
18708
12164
17246
20478
14472
24286
27246
12473
13524
11708
21705
1544
11271
17925
26763
12839
31162
19961
18375
20589
1851
6082
4556
382
14058
28492
18854
18370
7906
31319
1512
2070
22236
24267
19881
705
23889
9035
18125
22697
22495
32268
6534
28871
13038
1512
11545
20952
25747
31150
8678
17493
22197
4541
11427
20646
15470
4049
14056
28051
22195
284
26864
29435
27704
26265
158
9416
30862
14237
6590
27170
22158
29359
19342
1251
27131
12441
16252
23883
3171
28095
9522
13814
16710
32176
10192
23562
30075
23803
18552
10165
19918
21828
16912
24791
18670
10134
23107
23547
14471
12539
17353
25484
21931
15690
30185
16710
29814
31809
7484
31722
6898
19667
2483
7478
32568
21187
15835
5140
12504
2674
864
1810
29051
20214
10449
11026
199
1643
19618
29250
24451
26766
22903
10063
19964
5000
6048
18646
2471
25351
30687
14620
3591
15763
31602
5630
23761
19488
23885
19755
4431
20447
24744
16528
17154
2650
26809
3860
31627
27584
15811
21894
17356
31613
9039
31699
3146
12046
9145
25213
29909
8980
13551
1096
14188
27303
6774
24631
14939
26860
10414
16310
3494
26858
19798
11545
22442
26521
338
11845
29954
17468
1964
6061
20392
19185
7642
2945
12636
19847
319
31009
5450
16015
28148
12504
15591
694
31431
24519
3100
27730
30340
2079
28838
5434
10868
18836
22717
2779
9764
3598
31987
136
30823
28321
352
31762
31134
25791
12796
12441
2871
7084
24140
31649
28788
30259
6209
14440
9326
7320
23133
23928
20825
9933
22807
6264
19721
14056
897
23623
16053
6101
30504
5452
20988
13384
27451
30727
6949
31222
22256
7660
4267
32005
22308
25714
15865
28609
5954
16999
4978
17040
16741
1926
30644
40
14785
14923
32286
14847
10559
2054
26256
6403
7015
31535
19057
26252
13187
27641
6903
8591
15617
24361
21666
29716
6938
18217
3082
7402
23473
23384
14299
8601
29054
31141
23582
23704
22891
18012
31418
15296
12094
32319
27962
17153
30073
11993
3024
10068
5246
18703
17818
5616
21751
16888
3621
31681
22901
13807
17456
24854
23383
16870
30130
11674
12014
1789
9502
26757
21215
3155
29669
18707
3784
29467
22076
11062
25894
12531
13345
15495
23670
17522
7064
30083
25498
6144
26683
13044
21887
1771
1009
941
24573
14519
9470
32378
20990
18101
11580
13399
5347
24535
3751
4832
21795
24258
22815
19209
7733
1573
21866
4111
28081
22345
20857
17071
434
14058
492
23701
26238
21574
7384
12311
1897
1651
4551
20515
18166
5109
768
13430
25152
6288
25609
28175
9112
32091
24939
32740
10352
14102
30133
12243
15992
16061
20419
25563
7174
30813
28224
24460
30651
31783
5226
30140
17252
30147
31765
636
3614
3559
26867
16715
20926
4647
274
21385
12143
20239
3750
2862
24477
20591
3849
19899
22802
31734
13056
9073
29535
14850
13376
18113
2174
8375
9265
18437
22965
21839
6129
6509
15293
6064
21916
5948
20004
11332
26315
24628
16880
6149
13402
4686
29573
25303
3951
16303
23497
21531
19383
12248
7301
23937
20211
16669
11279
10269
14772
32344
25638
30654
3426
15582
30749
22651
29571
22194
5692
19086
2618
21753
14435
24678
23054
7854
26608
759
22765
32663
30947
20565
7793
7032
64
18561
11618
8582
2485
15490
30331
21534
20605
13240
30833
14519
32644
15214
8497
1046
15564
21678
21609
5825
1039
29785
15179
7605
5286
18807
16782
11099
30377
15819
25525
23737
23384
25770
12947
24293
23737
19470
12303
26816
24707
25575
26917
31968
8763
28593
28973
1998
10397
13899
8800
11890
10813
25607
18328
24779
9582
21246
4951
1252
12131
11686
2059
19971
16020
8102
13712
5155
29795
2280
28663
16292
10752
26352
25478
7490
17546
26733
10751
11844
5239
24334
17702
18677
17461
919
8829
7512
6673
16436
3154
29208
4441
29965
11259
11710
3773
27418
353
38
13307
26937
29627
16436
5820
8062
24476
20931
24248
23754
17968
10206
3873
17055
450
14131
32575
27442
9090
27844
18008
13762
24198
31968
7890
11561
9230
7762
1179
15537
21772
1496
4809
10024
11492
13783
25726
29751
18800
30284
32015
18415
29767
2310
31589
22693
4415
28179
7331
30464
22064
19576
21000
23632
12283
21285
28184
13089
30923
9767
11510
3601
25499
11296
7189
16606
16633
20468
9487
20419
265
2758
16341
26885
5836
18979
4105
7369
8354
1660
29096
18216
31246
7642
14572
24709
6842
18125
10609
10270
26299
12197
26774
23778
21525
7653
28454
30851
2434
8693
15928
8395
23151
13079
23379
17203
17480
18332
22486
3762
20725
15704
26519
16339
677
9811
19147
29450
11466
19905
3878
29000
24164
2357
27715
10957
16771
10769
16197
21566
5127
9025
27071
23031
7595
14121
6097
7586
18242
16859
12692
12808
14144
29582
31672
2344
6011
3916
11116
18566
26675
490
29054
14278
1104
25917
16580
32121
15084
17291
21434
7735
8721
12096
13676
29166
1732
738
20887
889
7746
23879
20491
3701
23689
11782
16211
3920
5146
26155
21144
6562
17150
8495
14019
26817
12551
23079
17122
24208
17240
315
1997
25751
10535
1370
777
25433
17858
9772
30956
17377
31696
8776
14850
12191
15834
5544
22448
626
2058
7257
3095
8966
10034
3447
22843
13664
28943
25177
9061
23479
20944
7689
19142
31110
21202
18679
2140
11487
32430
21742
4634
29186
18037
32070
19011
9518
19514
30556
32279
22199
14033
1855
30641
9561
29399
19628
26416
4812
1266
23613
26389
1688
20826
30941
8172
29483
31897
383
20271
20777
18831
26384
13671
25859
6328
16041
12180
715
27826
17418
32719
17479
6137
24644
2350
25924
30710
2229
744
14892
24888
2617
26297
29915
8449
5279
7816
11183
14340
6746
13640
22238
12909
22649
3868
14349
16674
6874
27838
24606
30792
4250
15905
18249
22282
17615
2133
11118
31893
3962
25260
10409
11879
4791
20251
16424
5066
6199
29154
16697
19099
25328
27759
18599
14672
18707
24448
19015
16954
10815
22665
22734
15366
5620
11861
8165
21386
13898
4335
17536
15039
21219
20675
8043
18697
30
8449
1573
28863
20109
22850
5618
11751
3754
31342
13612
21057
31941
31453
16090
21128
26945
7612
3204
30964
12544
22963
21061
8451
6684
4804
289
24697
26840
11127
9113
16805
16598
12596
26749
29415
9866
10224
20482
3951
13550
14604
12052
25927
23415
18809
31981
23700
14408
15137
7911
25625
25255
23938
9870
1788
14765
20892
13818
4045
2881
25870
32348
23748
10055
10364
3286
18762
13076
17715
22928
20667
20773
22032
19720
20075
28945
18334
12201
32487
23485
894
14240
9853
20431
27404
10475
254
16997
25919
15282
24258
6150
977
15579
4845
27097
928
7385
5873
11028
11349
24772
1876
17080
21315
10671
23988
28028
1426
17974
3080
31750
7580
598
23848
16737
18327
10626
16016
17836
14709
28402
22368
4367
8712
12351
4264
8948
4970
17965
29411
26995
27804
22471
31937
19725
1645
25522
22314
9374
10141
29627
2687
9613
1091
11954
6435
9286
19564
15483
9018
14570
3589
12386
30640
7236
28155
28079
13949
20736
31904
14970
26664
27927
10577
29889
11914
6030
6486
7608
29397
3680
26121
12128
13525
18617
1594
28763
24437
2404
26323
14847
18052
30087
30392
25769
12729
910
10737
20052
6389
22117
14347
12138
30153
22762
6587
12761
20024
11682
2501
32362
23742
18090
3356
13391
31121
14833
17995
32506
10534
9637
6163
15926
29687
14571
23382
29808
27524
13523
11316
28501
151
31115
4723
24227
3789
29651
2340
19768
16722
32432
10627
12400
13548
3429
32032
429
31547
12703
15164
5687
25407
20976
30070
10567
11034
9342
30631
19550
32535
16893
24330
12763
27116
25818
11424
1485
6716
10425
22226
18694
8544
24098
7769
25201
3943
18039
10843
23205
4187
19498
12246
30137
28358
2860
10306
8026
8053
15785
23410
23836
14972
24818
16572
15118
1403
9915
31577
26257
29471
1670
30222
27498
15339
863
25100
18197
29752
31178
7446
18012
17274
2554
17121
24873
8390
29251
28096
2201
14481
28114
27265
6993
24507
27548
25489
29717
14284
12692
18279
18071
26749
16417
28192
16012
4730
2511
16999
5381
24422
21317
29080
4093
21279
20343
26405
8238
16964
19484
5944
4394
4597
611
23706
32678
9434
24545
28115
2585
6503
23502
11667
28550
15710
11378
23120
4245
23189
28890
24881
1769
16633
8911
22571
18094
12755
25865
25450
32369
4170
415
2546
10549
31529
11458
15750
1731
13283
24491
6600
28225
30421
24530
7843
12038
10442
18017
27110
29613
32196
7144
13361
23400
31994
23634
5397
15767
1565
30488
21111
19354
15327
8116
16181
1251
30646
601
27917
12623
10973
12513
13754
21942
20637
23559
24415
22209
21962
11478
24617
15867
6544
21089
1328
21803
27504
6069
159
3042
10885
5644
8981
23376
27148
22339
17483
7259
16163
31886
7926
1011
7121
15723
9199
14751
23367
21204
2193
15452
25445
8889
5218
2472
32640
16301
29174
15066
22627
4320
1809
3252
11667
13901
6156
1339
13272
32052
14970
11206
15608
30923
23307
1878
3270
4913
23216
22309
32603
10915
1791
14722
25764
3826
29146
13531
13597
29492
27723
22300
987
10170
10419
24376
20944
12355
18468
9476
9803
2671
22283
13132
4286
14455
32018
18465
30660
25626
25668
12144
22882
11739
7026
11225
24717
31849
30678
25021
29677
24671
14839
30873
8673
24621
31180
26259
3523
16470
7716
6739
17005
7133
25414
30484
3580
24825
13524
22267
19156
1552
24309
1959
14820
2787
23218
29961
21035
6663
14753
30326
10618
24212
29889
29178
23164
25121
8870
18928
3061
1775
22742
18639
32071
29284
15474
32583
15418
31675
1561
18573
26620
29435
32009
26867
9575
21541
11655
31419
10371
15026
24194
7469
30540
10556
2675
6631
18869
31100
24455
29813
10988
2164
2816
6177
16352
29421
21464
6156
22273
30244
18600
13694
9542
18625
1225
8315
21621
8
20665
9879
18079
21843
8640
17419
13033
24512
15571
19207
32659
5671
184
5450
32050
11599
7019
29681
26432
9825
11969
20876
19927
8604
10315
14967
19642
18763
20605
16232
13205
26868
21775
26180
902
1235
21156
7479
26075
1414
8618
25603
30
19466
27265
8088
18767
16870
17631
19430
17520
14758
26227
32751
17479
13195
9416
30752
7263
23169
20077
6881
25424
19793
8019
11115
10816
2072
21622
7897
19882
504
8895
18306
17246
21261
5417
19079
2505
30371
5668
5032
7287
32166
10295
15196
4566
17753
4584
4896
17981
1611
224
19471
14380
20360
26699
27571
31190
16908
7806
795
23516
8317
32220
23597
13660
1817
3322
4414
27946
24557
29185
17120
10333
26439
13652
24571
16910
21615
6003
13344
28764
31378
32288
12313
15027
30207
15552
8389
9551
14742
15363
18467
13819
4220
17607
3244
13855
26644
29242
13030
22009
30251
3903
21814
5419
3955
25364
3573
5238
16947
12593
1991
13509
2364
28787
26664
10093
11039
32121
18504
21427
6557
19535
12313
13711
25951
23881
18342
6575
6632
31026
12966
23231
5575
30886
19025
1000
13073
6845
10610
31894
21518
12010
16062
8575
10291
5666
22884
28385
15696
24384
25573
8202
12555
680
16678
26654
5773
298
32708
10261
25723
27178
22439
17923
32552
3326
9690
2460
13065
22936
23193
8695
13161
13413
3500
14482
29021
16756
11508
13719
24315
27355
31044
6493
29383
9815
17778
3890
32622
15922
11181
7512
13239
8554
11536
5709
22198
32527
28536
12111
5187
12525
3475
24608
28074
14699
11578
28679
8868
22707
20481
21527
9862
32019
4620
17075
30137
4771
19236
8274
24426
30249
17929
10624
6018
3897
522
32294
9433
21921
13012
29194
32678
17924
29320
18073
29755
2500
23056
12773
7663
22053
29618
22250
3675
18096
15333
4885
29897
14038
9316
17671
23017
24278
19842
28822
17350
14305
27069
25620
22009
27515
32661
17108
16924
21028
32159
6379
7298
17720
21717
23604
26917
18452
3376
32407
29920
19578
2169
30090
20191
5687
26460
23255
30291
514
17598
2720
4202
13224
15184
25249
14974
28518
26980
1718
19597
8854
26368
20125
8169
24463
25137
16636
11824
20678
21922
16294
7295
26425
3437
18714
1763
18445
28209
29517
8208
15733
12901
937
31062
11991
4588
18517
1744
25642
2025
5815
13279
6307
10964
4919
7126
8336
19150
9798
15095
9860
18993
17055
11167
17332
25708
24781
17341
30625
22286
21486
9864
17143
8480
23478
7794
27061
19640
6071
21335
8335
30411
16351
12539
10641
2371
17986
4531
9220
23377
17945
354
5013
11269
25611
11431
25268
11036
940
20565
25659
1049
30276
15652
6224
8087
1745
17318
14476
3805
1871
7292
20317
21939
17206
8393
24232
1652
31557
26343
22963
25701
20094
5977
30275
69
13426
3585
6401
805
27838
7059
24866
7034
2006
31562
5959
16497
27905
20698
930
16258
421
17061
28507
18504
21957
1073
21810
27280
31176
25818
1381
15024
24956
14020
16596
4122
30810
8724
3939
4656
19212
14432
21920
1882
27180
23651
28070
6742
27215
20982
18241
2512
9538
2620
21330
30259
8339
28
15989
16830
15699
14580
16098
14042
5403
15755
31121
26795
10317
8008
17058
485
16796
23970
15611
30177
13007
16344
7475
18416
20161
30434
5039
23791
17581
7079
8714
2843
16552
23920
24506
23591
30063
29853
29169
13708
29539
11671
15042
23329
28882
8197
901
32747
26488
26179
9852
22838
11078
26895
31671
26596
24162
4998
3380
27654
26222
848
22091
13993
18189
2327
4681
19954
1443
3389
24156
5998
31325
11470
12975
31907
12914
8883
30421
15851
18344
20777
13675
26498
20761
32626
13049
7389
20791
8138
27674
11837
17678
12701
16093
11397
14537
5111
17258
28488
1400
23612
6121
16679
7184
1305
9119
9818
435
2490
5466
29068
24882
16702
8464
6892
21969
3688
16579
3457
21322
14231
31911
24253
20244
31480
32391
9302
3812
13050
29797
23633
16501
7938
1633
7008
16005
9313
25564
30061
10016
7043
11228
21623
10016
32104
13490
12701
7925
1368
30427
25720
1186
6867
7973
31918
9992
6088
3090
22980
13927
16135
14977
30004
13858
30455
25995
4800
15298
7308
23980
19205
7998
628
23331
9299
122
28817
20379
11708
17933
14252
31498
20587
31047
11624
18394
19256
9075
9332
12871
3193
4185
13573
16136
24090
6663
27012
17713
6128
25041
9091
3928
19530
6807
19702
6134
8905
18502
10656
25873
21874
6305
23755
18200
1026
14658
30524
32527
20865
20187
8550
4075
26
29122
13790
16192
32554
21421
24591
2329
8087
29370
4911
2855
25187
32178
28018
11039
5505
19854
23421
31837
13031
6202
4125
10445
13796
16538
9273
24843
23220
26571
29445
6089
31826
9131
1657
3186
1165
32411
10242
26892
8798
9347
26999
30563
14969
24855
14926
12644
17954
21337
23824
12487
5186
31327
20746
16881
8378
32599
1094
7704
30199
24776
25017
4264
19654
25371
4030
3045
24170
27225
29379
28882
7405
8502
18498
3666
17843
4431
28148
7054
597
4272
10561
12694
2988
10393
762
2123
811
22914
2890
31356
30322
24668
6634
5455
16673
24858
24213
14051
16618
6768
21948
51
4075
1754
30074
7742
14650
3809
9930
11877
7105
12442
24312
16916
28492
16495
27989
17828
8160
10017
20783
20096
29519
16654
11264
5255
11529
17072
9190
6834
9269
18023
19027
19191
0
26488
23302
2413
3637
3669
26426
688
26639
21023
16669
14727
22859
4969
15235
6084
15744
13375
4572
1644
18355
4454
3171
20760
26662
8422
13465
22683
17522
22982
11762
22757
30165
18711
1742
17960
461
30772
5546
1337
16614
2119
13976
824
10192
9999
31980
28787
9908
16609
11577
8840
4808
5101
4988
25034
20002
2243
2454
9702
8650
29718
16896
1479
32274
9663
10938
24246
5418
26884
31876
30406
1007
23067
19025
7791
32004
13546
9465
5497
10788
273
10030
14107
14262
16170
32177
12645
16034
31567
16325
19419
100
26845
11237
355
10591
27512
7346
29025
3443
12624
18991
27680
4817
17058
11056
7796
16142
10881
2832
8349
6775
7382
10147
27759
23973
15782
27499
32432
7505
28051
6159
10178
26729
16294
29960
20353
3170
31819
22174
12399
29649
21917
4371
19983
21301
12516
11294
10894
6167
10588
27291
32680
20054
12345
31360
32458
28604
28135
24851
23668
20948
18582
30554
10978
9728
13302
2771
18411
16326
11839
30310
25129
5483
3701
18328
22874
11971
2026
17409
32262
30279
1796
25344
29795
8296
19264
4013
15989
7459
25207
18191
12665
18390
26977
26256
23172
18770
13655
16045
5736
24625
19293
15858
24791
874
18527
18470
7883
4898
7867
3523
26660
3013
19712
30633
5267
28502
29173
31506
4024
22787
25054
27081
14471
28413
8442
4759
20464
9862
26448
17918
15039
3660
4524
4906
6849
4853
9188
20773
808
29179
16479
18506
19504
20154
14552
4092
18947
7623
7264
29848
27354
23172
26274
31143
102
15089
13419
19545
14446
21957
8554
14895
2233
28350
13108
32759
4654
23861
30090
1277
16186
16629
11231
22144
8562
31053
15381
30563
21114
4708
13960
22565
23589
7373
8013
2835
27613
9051
23740
2236
21830
13111
28459
6310
10270
10799
22013
12863
23912
16209
17884
27158
24521
31161
5186
16203
29490
2471
31806
23877
16319
14293
8309
9634
991
24327
28263
5748
12726
9187
18163
24746
31679
24323
4125
17100
5302
27977
5136
31724
9909
23154
20831
27353
17821
6638
8336
11669
24759
16879
21211
21769
30619
31937
11823
248
5713
9305
27254
30770
23735
15408
5146
4362
5410
15698
30664
32265
7752
26801
31604
21220
11358
5056
2205
21932
9597
9021
27602
28741
7498
10318
19829
22041
13270
21456
10175
12813
23491
13292
24068
28853
19369
28651
22840
31427
7863
30283
19891
29638
26782
20754
3633
20753
16554
5218
4125
23800
2098
6990
1295
31299
28723
1772
11667
15324
568
13227
18732
9419
12413
6375
18328
9316
12627
18107
8022
8895
10694
30231
28006
12649
27518
24338
16976
13401
18915
18817
16487
5926
19077
3016
28495
25207
13498
27632
26813
17850
17545
5882
17022
26905
1222
8819
22971
7081
5247
19529
25467
12773
23447
27869
26217
10332
29361
20313
472
24230
16975
25668
9732
32412
7483
596
8602
25545
23079
10627
10363
5915
12432
31844
14269
13022
23784
25528
31475
17131
20467
4157
5807
29981
28018
20166
31813
11781
7679
25232
10961
21983
14392
22996
379
29124
1311
4249
1785
23841
25537
21964
19030
14183
20502
26258
16626
23044
20777
13277
17867
27283
4728
9790
7674
23887
11422
21498
9857
31694
24879
23903
3907
17388
19940
25432
18260
13061
23288
19520
32371
20839
26833
19188
24533
4614
227
23596
27173
23154
3538
11787
2248
18183
24278
9716
21093
32611
31332
30880
4261
12062
1035
2157
30007
30389
14748
32249
8216
26822
19341
20208
23313
26499
5279
10018
11905
30305
29887
26585
13148
21520
21290
12649
18036
28848
3029
11016
247
5186
19468
31968
6713
18780
8793
12387
5812
24609
17831
27359
26702
7537
22439
13906
25562
27229
9843
19583
12256
6110
12658
6209
4257
2758
30075
24864
13654
25590
17469
21794
27321
30930
10974
25827
22214
12274
11234
9704
8643
5658
20559
12081
12414
16237
21518
9229
21462
18653
29077
24883
4476
3558
4291
13
27131
26236
23819
9303
16374
322
1749
18409
17585
11772
13345
30929
3540
11335
25710
15781
14443
21128
19418
5144
15664
8482
27018
15818
23053
5612
23884
20325
13533
21474
16507
13797
7027
29466
1572
9783
1245
3322
9830
11014
14313
22697
6431
17618
15081
27587
25541
20546
28852
29521
16017
9915
1773
30968
5347
11569
6536
2160
25826
17725
12169
18744
16994
21616
29967
24712
268
21992
22162
12168
18872
10784
24937
16831
7966
6412
3471
32718
5550
14950
21670
31326
17084
14403
14908
24919
9952
8169
10574
31570
6045
13540
19210
12626
27712
31319
15065
686
29195
26257
15261
30034
27539
29920
21047
22056
8039
2474
26957
24016
14834
23737
25162
3479
1699
24023
14246
22695
17483
18331
5223
28027
6342
21634
1256
13206
26589
19009
9433
20853
4459
20314
28295
20162
23231
16110
3933
9930
1858
28370
26027
24369
25689
7141
2983
30436
19597
28832
5042
16720
26090
23022
23004
466
8100
7742
3753
23406
13057
27351
24342
26819
11122
19308
24023
4158
14851
16369
4579
26767
22518
25773
20018
16729
31915
24719
14021
9262
27332
3525
5864
25018
22662
4235
27828
32574
30593
20545
19927
6209
8051
1729
2456
2178
8298
23023
11285
29232
41
13202
18127
29789
9933
19298
8809
9649
16048
5985
15789
10075
19342
5743
15824
25677
15590
10521
13303
20649
32675
27827
23545
15734
21244
19622
14439
5272
25753
15882
12234
4351
30711
22904
3883
18206
7437
18201
5593
4511
14896
12547
28262
13909
27956
12230
14579
22386
2004
25921
2733
1274
11091
14779
1688
631
18276
28463
29580
5359
72
32486
29565
27923
16438
30027
16383
441
30719
16380
4104
28300
21234
8733
2808
11010
25085
17137
27864
11663
534
2731
16351
20249
473
16769
20283
683
19059
9475
14094
13677
4030
26539
13750
27348
19373
20149
8785
26902
2283
25136
11392
2529
16575
25430
18796
844
20531
32025
29191
15630
18549
25342
5781
1517
7805
21038
27498
15738
32240
10443
29429
17916
17221
1920
26877
21162
24870
12636
29483
26141
13593
7648
15049
5380
3935
29014
21449
24858
29212
20325
5385
16469
19385
15331
17877
9312
12423
32234
17582
5708
22437
14638
2889
14979
24355
12685
13275
20733
7015
27880
25492
1462
30160
10034
15977
9567
7834
19654
18455
2643
5634
28414
22117
21966
20650
26369
30889
18777
31550
6876
30861
21641
8536
6357
22547
10985
15265
31995
28887
30261
26938
21762
6293
30921
22618
30286
28394
13400
8760
31310
14431
26849
7723
21771
27299
32735
28687
14849
19992
14273
21996
17197
22673
9113
30930
3687
9563
21272
17671
17650
11898
14010
3429
16722
11060
5182
32253
18269
14292
8025
8704
661
10920
2731
224
16053
14924
9458
5810
3722
22826
22142
11223
21764
27202
4837
20443
25741
13095
4855
31645
10393
12106
27380
7856
3455
10363
20733
7170
6791
14509
10185
31163
29252
6394
8601
18536
11556
25063
3950
1369
16965
8424
12409
31815
29322
26407
5587
27707
27119
13697
28270
29610
2841
27089
20300
2021
6450
4466
19438
31665
13299
17663
29456
22833
23042
29021
915
4877
25983
12796
28091
20685
14041
8281
29850
23174
487
15560
972
26553
28980
21616
3429
21880
5018
2199
1064
1994
18450
23328
17914
31313
7114
25681
2710
17450
20088
5594
10881
4885
28911
12051
21057
25046
20975
18054
30154
28123
11586
3245
6201
12318
20740
11261
15300
23885
11587
27171
3569
12585
456
28301
9223
2348
7731
21036
23490
4718
26702
23672
13387
3785
7323
4533
13159
30011
32047
30325
10991
29069
25283
11359
29312
1842
25609
19502
26995
23410
1852
8445
21776
27336
12795
10433
28414
11656
19287
32279
14334
28612
17451
3904
25306
24689
31148
18025
27543
7110
9792
1840
12018
13541
21652
9573
5643
701
2280
14605
10843
13359
5294
29613
9707
28527
18516
23237
21448
174
30558
2970
21682
23542
695
27704
7188
30293
23881
28088
14649
14909
16075
17343
16572
6955
30938
13639
27200
3207
8780
27298
13922
24523
3265
23739
12524
19944
14458
18848
9035
12262
14959
21053
19268
10954
18587
9578
27106
21180
24731
23593
16051
2409
15479
27432
17204
7079
2496
19854
14985
25175
5851
19700
26993
27280
27292
2736
2682
26874
31255
11866
21105
31863
28850
23945
6429
1033
15999
24798
31277
3056
24777
6724
622
5650
6381
12405
15681
16800
1387
5057
13901
5623
20797
16395
17265
29892
28008
24596
11004
30572
2256
13820
31265
15275
14928
27909
8101
25467
4362
14491
7899
19511
32508
25745
28370
16640
20949
15022
22989
11360
11782
24936
28915
3373
16411
6127
26696
12976
6220
29549
28380
1031
25679
396
22339
22216
31601
29754
9284
6375
28901
15017
19925
20954
8284
11161
21064
16122
26838
9433
26559
3885
2487
17419
25061
450
22045
7337
8160
27804
12913
3909
5761
28051
4156
9749
19134
19223
23612
6830
20579
18454
4792
26896
8452
28448
28176
5091
24374
6346
25496
32256
23039
12624
25254
32051
25738
382
2538
2623
22047
32464
18174
12835
18003
26328
5182
11420
22908
10720
18650
15339
12648
26833
12074
14808
22095
2643
21825
30199
11269
11062
19396
18730
18292
28177
18173
615
14410
28200
22059
4284
6895
22931
9500
3728
1722
30365
31742
4651
11364
6251
29043
26489
14525
18142
739
5898
20381
7609
1814
24158
13086
9991
12034
32096
27400
13495
2273
32048
141
32138
14727
21541
8759
303
24563
2835
17438
30636
22308
18377
4190
20479
18990
24798
15304
517
20108
24238
4824
14236
30904
3487
21223
4356
7929
1449
9122
2188
15996
19221
17595
14698
13991
27780
17375
3562
20138
16948
20199
6347
14679
12927
30290
7653
2867
8100
29683
3600
22221
25290
18919
31298
25422
30786
19914
16887
12626
16653
29738
214
16886
32158
28732
32657
21554
26080
31694
11277
3178
635
23421
23747
14911
11092
29480
25446
12459
20306
32421
12997
25677
26984
17074
7156
17409
18128
18990
26278
32692
660
905
18654
12663
23123
21113
455
7377
16450
27118
7135
30810
20081
585
6747
30085
32592
16328
5576
31422
20337
23877
3054
17333
11407
28449
26361
23545
21968
21115
32731
10184
4423
7333
8172
28454
23229
7896
17875
7980
28593
21030
12714
13731
23709
16305
31837
2769
28539
14619
15955
28051
13192
30013
2385
17836
23112
25884
14747
12381
13770
21784
25180
19254
10285
11879
22855
8491
11363
27842
9599
28138
23605
7262
21940
11116
6023
29726
399
7626
12510
24583
31313
20819
17183
4084
28343
16091
5274
24203
1568
2645
11078
9327
14065
4005
30286
19383
23609
12719
12493
14240
20113
8116
25046
21630
1095
1246
7608
25593
31931
22041
27776
22901
31496
12837
31167
23250
21479
2025
29069
14678
21201
30475
11981
30439
31332
7869
7859
11134
9224
20186
32132
24280
17106
20273
20637
10863
19881
12577
16823
14248
5287
24422
16233
28238
1473
24626
1774
26431
9387
32127
31529
30565
14838
18340
27878
26344
32124
9767
14435
10402
16381
27347
23567
9684
22538
6922
27793
29207
22050
25436
2572
31637
17436
26968
15010
2936
29636
28577
20023
10915
8393
69
12151
16032
27095
4427
17946
29402
25856
22411
20070
16909
21344
15299
18934
13306
14337
9702
28091
9055
22012
4791
12608
8230
23009
10135
25394
16861
12889
14491
26399
32358
23562
29922
126
22768
9403
11558
20208
32038
10681
26768
24517
6821
5497
15313
30914
5300
24702
5742
33
23087
6525
31323
9690
31173
30912
20940
12833
18020
17096
22344
7472
8176
15926
17407
21574
13371
16620
14429
20464
19506
6255
4831
24455
31060
20879
10534
19962
14185
9035
5962
17357
22128
239
6512
2658
16601
6015
9119
5240
29172
14936
11215
28657
12458
789
23107
1240
25195
10416
5145
17826
2663
20969
5152
13492
18689
26348
1513
25382
28544
9774
22305
19655
31752
152
13085
13665
4554
231
23735
27454
16759
16979
23129
4842
13818
14958
10327
24635
6502
23120
25986
24719
17965
19185
11770
14933
6292
18646
6211
1487
29795
25328
2203
8981
21217
8385
20107
12638
27903
21440
16573
2939
21972
6143
19213
28068
6473
18443
8930
10359
13078
26643
5567
1342
29165
19533
9749
16241
6900
32406
27228
14204
24953
10073
25185
17089
1762
32177
14050
15585
14050
722
5976
15927
29683
3237
10772
7078
10240
25522
17037
5013
11617
30787
20985
19511
25613
29382
17946
1808
9995
9076
19035
11701
13866
5424
7963
7123
26610
18354
31561
19058
14298
21732
11313
16507
1212
1420
26517
27768
4997
6444
1024
19356
10801
17702
2903
515
22263
12068
23473
18490
14272
26295
19048
20994
21982
8767
32113
4689
27131
17162
28392
154
7247
25792
20207
17230
5399
31742
14265
25507
28994
18497
26594
28308
28525
7430
30466
10025
26897
17967
14465
11768
27643
2985
16557
16876
2045
6220
16393
32325
9444
18434
10472
14816
29865
8492
21307
27577
21996
32065
4776
14510
15005
9400
29404
3718
26365
25129
3617
28721
7365
20655
12851
22353
1700
27024
18255
20218
30703
5408
11662
11190
21653
17122
1137
1229
13649
19697
4285
21187
7203
10910
13449
22305
19712
13915
11669
12665
7881
2776
3549
17828
22650
15211
8814
22350
28324
27573
15481
32437
13597
2691
4262
23213
22773
13298
8362
9192
13997
32471
25372
1396
24740
14685
7556
24197
27090
22768
9398
20853
18616
8538
30558
17417
26263
18220
26331
13558
12001
4448
16977
2723
13037
15932
14329
16177
13806
12154
24764
3513
13606
8613
10753
1236
16471
29382
4547
8801
13947
15424
26854
23682
15028
17401
4043
15336
30086
2234
24866
27473
30276
28121
16127
24654
18632
18965
30256
330
4967
24001
27599
27848
20773
29733
18707
17900
31780
13345
6507
10813
15459
25619
3790
13481
28325
9467
24652
12746
6062
26845
30442
26983
6069
10343
23724
8510
12823
7124
8691
15616
15689
31504
11529
8094
3856
2333
10235
12739
30964
28341
167
12705
26866
10289
12053
12273
625
2729
13835
24117
17271
9309
4571
4673
2589
31827
2432
8953
3648
30018
5609
604
9082
22447
21397
14530
22352
18262
12896
9569
16301
10187
22429
10262
3472
13409
26212
6243
14337
20299
8749
11700
21321
19457
8094
15590
26722
14566
30626
28425
24749
27687
12475
21861
23011
22502
21145
32444
30286
27032
22507
29135
32057
30891
29301
12579
24485
2156
21859
11269
30013
24873
31197
16588
1420
17554
4571
13406
29038
16741
7483
17142
4292
27211
21777
11812
6252
29693
24894
27669
7281
32426
3140
23572
638
3741
26968
9297
30873
30747
8377
7393
17421
17034
22081
27655
31912
18137
24121
14258
2087
3355
13426
4166
27119
11637
27025
30879
15102
14395
31403
12116
24096
26966
18194
7480
17510
10985
6254
3367
21972
11060
28943
4351
21082
2488
5249
14316
16134
24475
32353
31209
13175
10063
15216
31875
7061
18287
22758
5344
16767
17641
24073
11009
13253
24674
1021
25156
23512
8918
8158
11053
22718
7551
29452
8805
29194
24825
21958
24835
14092
28579
28667
8715
7749
12104
29788
24884
14621
7679
4534
22255
20441
20047
3711
30116
31175
28311
17071
19519
1467
24493
25553
29163
18111
7878
22361
24349
6407
1686
32568
22485
13091
11192
13486
19233
6008
22607
25951
19426
14833
27374
1706
1746
11762
7349
21302
22982
28814
29373
1741
28721
8953
24247
3182
2282
18752
21199
21149
18735
24887
19671
14846
16617
26035
7329
21026
1073
4602
27052
22689
32276
31096
15363
11881
24723
18356
3171
14165
21998
15490
8092
22530
22307
14457
12601
1502
19377
28071
12643
7553
22177
2180
6659
29505
29895
25893
7975
20992
20550
9394
16039
23625
27986
14106
29448
924
5178
11525
3488
2565
7333
26123
31739
16883
32283
28451
31870
72
18888
9566
1610
29869
29053
28885
26724
23592
32760
11231
25618
16880
9829
2696
18056
17024
17189
5695
17859
1258
17869
4559
9398
24174
5234
22929
25252
21579
22052
5087
31181
28629
18104
17867
29004
6344
30667
8209
17984
27100
8963
6219
28714
13209
29080
8804
1174
8557
23827
7759
15870
13564
3414
19961
27115
2999
22493
26492
605
8880
17475
6037
30317
3244
14856
2136
26161
20090
15249
16418
21984
21892
21104
27856
7222
15524
4326
28462
4122
21305
19622
15026
14719
6777
30428
23915
2440
11529
13678
17460
24047
17611
8578
3885
21415
21239
20288
2668
11456
24173
729
7919
19852
7241
14024
20437
5376
30392
22360
6094
5212
30219
22374
15057
27151
16394
616
24589
17364
8587
12206
2081
19490
22083
15080
13199
1731
731
26089
19822
24770
5446
1962
11872
30603
32595
11410
19396
23374
32638
3060
26413
20644
27660
30426
21010
21877
13399
9217
6599
27929
3174
32036
12203
30653
30400
20861
24996
6409
8322
4490
14024
29184
17328
30733
1117
12839
969
17494
20228
17385
30878
27076
19505
6202
23395
22666
6110
21883
2567
17327
29313
28061
21697
2137
6971
24458
18924
6730
6738
10176
29716
6571
4065
9279
15953
30216
23246
28582
29395
17053
11261
30617
1983
8144
22979
21093
11834
24062
1950
6119
22466
15738
30243
16810
9669
28627
3895
22095
30572
15958
642
25650
2488
31188
1569
3914
24017
6054
3995
13905
22939
8173
6423
29477
22153
20766
18124
31343
4790
7359
184
7810
14386
24939
21653
31110
28313
1564
13321
725
10987
23210
25373
5029
12695
24974
10992
7912
32473
26348
9389
8304
2374
2257
12474
1879
4774
5305
28210
8094
31489
24148
18070
16148
18941
29577
25023
14713
25191
20924
5655
24548
5135
76
10505
3938
32729
13408
29622
4832
529
25060
16362
23627
5887
24014
29006
22773
28091
30118
20191
25915
7491
8261
158
9061
12235
11229
5513
14797
30804
3385
9675
15428
26240
13382
25904
17585
19621
2515
14811
32507
19488
31381
11067
11305
23532
13166
15675
24776
7539
29422
3001
653
29603
5147
14906
18748
4165
13933
3036
18120
27530
10013
14220
15036
23015
28576
19576
13529
13347
11630
15047
19201
17839
5895
21640
26196
30005
21048
23273
27544
23411
32666
27562
17118
15434
8029
25297
610
5650
13123
1182
16564
15153
16879
961
21013
10732
8032
14283
29988
5757
7865
6115
12986
23397
4419
19898
29970
17411
14004
29889
6701
25958
690
22937
1396
31072
23443
19914
29856
28635
13927
25529
7127
10864
13368
9940
19735
5686
9360
9232
11992
6104
4412
22165
17901
32235
14160
19639
22188
28030
4459
6441
24910
31986
22332
25709
15769
28940
5701
12943
6588
20552
18399
12563
24698
16496
2175
8492
19082
25198
21559
12847
7998
8287
27776
24646
26724
8680
19254
11113
7530
23245
18148
14986
2501
26559
19522
16144
29330
11638
20732
11399
16254
28160
25525
6294
10980
18521
32076
22321
15670
22075
30558
9999
6046
23607
19468
607
20965
16389
766
26551
28563
14617
28583
12109
12376
28534
9419
16489
16298
31943
16703
15130
1968
940
31217
27177
11103
20818
1320
4427
27619
15686
19212
27546
32064
15243
32616
28230
3641
21738
2223
9096
1905
31113
22589
12760
17872
25023
6112
25440
21544
28967
20631
16816
26648
20467
28313
6579
9777
11907
18073
31714
29016
26423
73
3255
18795
29313
2589
14693
32040
24894
31313
9414
13130
20806
301
24725
3828
4161
20616
18141
29523
24765
7307
1969
10880
5502
6583
16158
29603
30485
7209
10078
15454
10165
15389
15182
2409
31041
9138
23843
21113
27049
27117
21848
21863
14711
7935
15850
9358
20645
28107
11720
29813
26034
30371
14469
27822
6901
18258
5713
32765
1584
5216
2087
4029
22120
6033
19528
24192
3060
14255
14055
5622
30421
23945
17190
25616
28485
6716
12353
29540
31890
689
32521
17108
24109
25703
25493
8298
11006
14195
32564
19335
31483
29125
30373
573
20217
8108
14475
32249
10946
26013
2075
9061
5479
20272
8216
27020
29656
3947
513
15424
29105
5699
17801
23992
27735
8032
31815
2942
5188
7713
32175
27273
14495
10976
12097
32421
28944
21879
7424
12572
6610
258
30246
10895
22026
11495
16918
1061
3159
20244
24978
5096
4522
9096
12334
22635
30296
5397
23044
18352
10605
9060
14762
1354
26180
27193
21089
17343
8276
11768
14991
21808
24909
4457
2672
12092
19812
22712
8968
26145
16874
24000
24924
25380
16932
6536
4577
23092
9815
26382
14389
17098
16674
25412
32525
22547
28432
3673
25711
25681
17518
4665
30241
23423
19802
21079
12897
2355
5149
10410
24790
21961
25019
29685
30663
26302
27848
23372
24971
7770
27260
27348
13888
16018
13834
28106
15808
13100
558
10695
19921
18212
18693
24386
22684
18767
28194
13142
16225
25662
18142
26309
15720
11621
31983
32318
32571
12156
32573
16347
14866
29734
29937
10734
22415
20689
26318
18173
2475
31453
4804
779
23281
9984
7618
26137
3818
14313
6093
22509
26328
16419
1615
20754
7846
23357
26801
7456
13856
8744
27435
4670
23136
16096
15323
25060
904
25422
13845
26342
6839
10094
22523
5294
15413
4781
13901
27592
27121
21653
25218
6053
16942
28843
30487
6552
3705
24984
15911
9509
16094
30600
9788
4475
9563
30160
31077
1087
1429
13267
2696
14731
19658
17702
19706
3383
1543
27890
2637
10583
24219
24730
10857
32260
20171
7582
16862
26208
15047
22208
23161
7892
8157
15461
10774
28828
8685
9277
11188
13958
3357
21542
20175
7926
8141
29774
12522
20270
12494
27800
5483
19404
1486
12610
4011
19092
28183
17092
4942
20848
30074
25851
24272
18101
17285
20870
29793
22184
31485
26993
5363
21057
11656
10768
29073
27439
14249
26926
1778
28955
6385
7272
22350
29745
7284
12243
30320
28893
25979
12261
7181
26834
13432
19090
12372
3409
30783
27573
1734
24232
32626
30898
15176
25849
24125
28505
25974
26172
23620
27662
5691
15751
32474
23335
21406
14221
884
22934
1759
6246
24157
2248
4291
11918
4523
22989
30764
5935
28785
5048
26348
6051
8758
6473
26843
12340
31398
12745
8488
19495
31112
22838
27116
13050
1776
23456
4613
7913
16310
16339
11553
7351
26150
17718
10777
6314
19193
30963
9089
15576
17029
9816
7805
1185
31280
9854
11221
10621
16938
21288
8012
19704
8028
8429
20782
1018
14747
9370
7721
10060
31266
2002
6493
3416
28223
12535
9398
4400
16972
8782
25466
2770
26849
21597
15134
7339
16968
3992
22110
31321
22577
2365
24205
3253
423
18301
24361
5905
835
4316
1970
16830
32672
27354
16316
11730
19470
27603
16708
30247
32139
25636
11584
16807
16879
8847
20089
19143
22886
22497
32413
82
17443
24017
24976
9064
30803
25900
27396
1734
13392
20271
25161
21320
16664
13876
22630
30123
14589
27026
17512
6552
9886
24766
14842
21982
4117
27062
28214
28160
17010
5791
32443
19695
29033
11948
12032
7448
32583
9795
4072
8609
298
25179
17814
13552
21362
19241
24450
4206
21107
29179
30412
16778
2924
20068
1745
28672
31165
22169
13309
22875
9300
30491
29920
9656
12137
11670
20867
31182
13931
19209
11516
27179
570
8488
19776
13248
28566
7935
5433
23968
6616
8407
9496
10245
7647
30557
21741
27796
2382
27137
15732
21474
18933
14493
17202
1078
12684
24663
22465
11665
24999
10184
25961
5867
13286
13918
6384
4288
29292
15102
32178
28875
29843
26094
8180
31506
29662
14835
10613
23586
11568
30902
11334
6300
8763
11884
4060
5616
3898
8374
21604
8297
26851
9414
8278
4714
30359
8388
19533
247
23773
15472
24854
4470
11278
1288
15366
23735
18258
2156
19857
819
14282
11136
9753
22161
16399
16338
17668
15471
17372
7293
24081
11870
22535
15949
2284
31534
3766
13091
3840
11629
21455
21659
19340
15146
28080
5613
20985
25342
30241
26897
20075
23118
24454
32551
21654
12490
23130
26645
4307
3385
11992
21874
3954
10105
24315
1187
3666
9153
9385
5187
3248
13098
8235
18633
3389
7534
19169
1124
15987
6127
564
30250
32040
3579
16075
17522
25956
15950
19458
13950
25968
20952
5016
8542
1839
20417
20903
7184
25521
4779
17626
16108
29958
9015
11994
29248
14928
7114
14601
4151
25116
31121
4467
24063
28403
32450
21506
8234
2603
2597
5105
20053
30979
2004
6530
10760
26608
24383
10228
15582
49
626
24495
486
31657
667
4291
15944
10990
19910
4496
19756
8606
31212
28102
25303
31986
16684
401
2839
30869
4952
21773
26338
17846
24755
19456
27962
22620
505
32200
13139
7929
24992
18834
32760
22595
19038
31437
11819
31551
32491
4575
8972
26014
32520
1302
23292
17485
7616
3553
20993
27208
19694
22080
19308
2479
16895
6777
15546
795
22521
4877
24505
16178
21180
15082
12268
18041
26505
17890
22319
2922
11968
23388
19870
6855
25326
26953
12468
9773
4358
9050
5552
7404
7663
624
23357
18198
17727
22613
15953
5846
30023
19369
13910
9219
11343
20511
23688
1525
15138
28393
25246
32664
4302
29552
23724
12734
29605
20553
25160
18362
19335
20580
19180
21034
24932
26759
2459
17428
14332
15611
27591
17973
25065
12166
16243
21653
30944
2457
9365
23135
6708
5833
3518
16368
3227
17283
13308
7982
29493
5116
512
4635
12746
1896
14972
20394
26196
15212
24015
2769
7101
25557
4836
18399
6633
27274
5975
7184
30455
19391
31450
2910
19908
620
10712
30875
15793
6398
2904
23485
6055
12876
13859
12921
23640
7884
297
24339
28615
20999
29473
26996
9738
19530
21872
22141
3406
19615
28236
2459
6429
24315
9761
25755
4828
6841
7219
6592
29592
9543
28294
25619
2818
19744
14587
6651
6071
20730
4027
19981
13509
10048
30936
29221
16491
22978
10546
12470
8225
18860
2200
28766
1496
28596
16688
13758
6787
27800
24089
22408
12758
32200
15694
14553
27470
10847
22734
32202
25713
15448
11002
28226
24663
23039
12862
31502
2153
21413
22515
6451
10857
31128
16004
26498
6067
3667
15056
21102
2498
10481
31952
10779
12277
7144
11130
24247
19091
13299
30693
22285
30478
25424
27565
5463
4484
11564
30361
7764
20363
25948
32635
22171
30766
6221
31832
18991
23859
12094
21961
4691
31136
9388
6561
19872
22909
23822
16592
24148
11994
30659
3208
25325
14356
11337
16030
7415
23381
1967
12594
14882
7002
7757
4498
13207
18809
1458
16988
14220
6370
10974
10467
20758
30501
22706
27092
16959
19956
676
22810
17497
4650
10167
8446
8850
17421
25003
25747
25288
17616
29808
24913
28830
9565
29153
21504
32463
21073
17839
9432
4802
16711
15771
7910
28255
857
25065
14001
19490
24804
12817
9246
8557
25228
6583
21393
23331
27520
12765
29269
18546
18687
8792
6718
10224
23324
14208
24716
2794
15038
44
19475
760
234
2014
30361
19925
4933
314
23936
29550
6612
29885
9637
2617
519
18347
22151
5576
13046
12105
20652
13214
22250
25677
832
2625
24095
10899
9472
11921
7880
273
29782
29527
13908
3597
17093
22305
4080
7053
20360
1102
13389
14352
13686
5989
18083
20347
28713
8107
21238
20566
15455
3572
20888
12600
22432
1465
1007
27264
25378
17515
3704
14406
28137
4871
29708
14482
27186
30187
22114
14795
4626
3816
8150
19826
32603
26008
31336
29456
31423
2545
14344
28524
17976
17691
4113
9218
26279
19583
22035
31409
12475
11041
3541
14772
7444
21807
154
21459
10152
6618
14244
2266
15974
26468
32759
27211
794
5498
23391
6224
25745
10693
692
19187
21245
19132
23901
31633
5018
21692
4627
17036
30610
17754
5351
15681
31263
28920
22151
4154
2543
13974
30909
22948
460
9707
11320
10243
5244
19380
7055
18724
12262
6221
1923
1363
7031
5246
30853
6863
21956
22679
10616
3451
30065
31167
4023
7894
4433
24969
9306
557
29646
17352
21173
8464
7564
9893
12322
1026
23369
12526
24833
13172
29448
12977
20220
9461
11374
7178
5264
2211
14444
22073
16840
2789
15390
13047
24140
24156
755
26123
19611
8726
7183
15640
29333
30725
26349
2489
19260
24496
21321
29135
17851
10537
22589
6682
5544
5183
26282
24327
22662
28660
23257
4041
13454
20018
12642
24491
21679
8121
845
421
26067
19548
3448
8749
31076
7021
18232
13135
28942
118
19523
16128
22471
8233
7630
13232
19469
8602
32498
24350
24431
8108
28756
2928
3919
20169
3845
29315
15078
10967
23207
31616
14985
16743
9938
30384
31786
27695
15286
19345
18721
4026
27137
19753
6445
12894
5635
10394
5813
32623
32271
8695
14420
2738
16421
4950
5013
26644
25295
25126
19707
27548
25929
24259
18757
9631
6884
16968
1007
28467
21932
16037
12028
6885
9289
21745
32755
7599
10019
26113
20008
17444
16586
12601
26172
18414
9620
13730
14055
22906
3720
10557
15093
29170
4986
31383
17551
364
28792
4254
3516
19809
14949
15539
12840
4960
18148
4864
30243
17411
19320
7436
32492
27171
30697
6796
24624
4680
4073
17533
8910
18019
18423
18031
10461
29120
27012
25124
4848
16694
596
29017
2712
21409
9000
14820
5675
20114
29082
18431
22980
11076
4424
17124
27019
20434
10292
28570
4407
18600
619
22030
13521
13879
6373
15461
11962
17134
32685
27793
20207
13669
32577
30754
24460
29403
23868
28255
21135
1506
6194
14486
31967
32089
6876
4272
653
14235
10869
17928
22617
28150
5219
17534
32376
5215
24346
4551
22676
24931
574
13575
18197
4705
27143
15521
26015
16375
18922
22093
4827
22202
630
11628
9595
2090
7804
921
29304
18405
11122
14209
2206
10522
28953
11764
17739
12353
19550
20796
9844
27913
12670
6829
32232
28818
6510
23165
27097
29661
24186
12758
13976
17025
19500
29482
3488
15775
26223
23751
5590
2839
11252
25003
26895
17660
22485
29849
723
15686
26233
2412
3169
10695
25015
16556
10738
19553
14398
29023
11586
27509
9268
1313
20813
11934
25885
23159
25430
13216
20735
8545
32046
28571
195
26158
13491
12421
7135
16020
25751
21206
1842
19712
29283
32645
31535
3627
13755
1588
17726
9454
25827
10152
14431
6231
10882
25723
4369
14332
18598
9237
20594
6799
27913
18392
21159
27315
6803
32411
9342
30222
19487
27738
23634
12960
13442
31275
31280
11859
16329
25204
4919
7379
14787
19804
19525
30623
15808
4479
26576
25697
21399
27878
27409
21883
24046
18998
7784
6370
15797
26151
27900
18735
20212
26936
26530
21747
8903
18850
28416
4171
6822
2442
18674
1205
18666
9594
9516
29474
14989
18194
21793
15437
3634
4091
15140
9034
31845
4381
13517
7778
13603
16914
1183
10782
13981
3290
32487
21154
313
16848
32231
26428
19674
2012
24884
3133
9057
7403
7261
7944
1140
31388
6349
8296
30334
13116
28403
6439
10486
6901
15008
11484
3045
4418
3760
20228
162
32422
19436
20052
2016
23198
24367
10830
4331
19924
10952
26387
20015
17557
7968
21368
13050
1413
18077
30043
32387
8338
18629
4152
30762
18982
10407
31223
16641
30369
17014
12808
24204
18950
19576
28338
25285
12276
24350
5288
21859
12249
18549
19678
16988
20834
11965
11418
4521
9526
18006
9166
3145
17891
7908
9637
12936
25880
19371
16220
18305
14614
27451
4435
13794
24161
21074
24164
12783
443
24062
9587
15562
26194
12546
31046
27889
7225
24699
2711
8200
31509
21443
6248
31193
13593
23446
14999
21657
5684
17523
15026
1644
17288
26693
28428
8236
3871
835
19473
2406
13273
20501
8150
7590
3497
12088
11253
12021
8705
23971
4503
4511
3211
32427
17362
5434
9242
32036
29750
3811
27616
1993
11682
22731
9441
11486
4444
27379
5031
22803
27233
28979
20024
15788
2810
641
9797
25055
10384
23920
932
25469
10689
19959
17153
10965
6836
8308
27856
5590
15273
17904
22661
24179
24020
3493
4104
16460
619
6077
1891
8586
28670
25949
31934
17162
12807
10722
5262
15295
14018
16747
1545
17233
32574
28823
27613
4106
5556
20880
3361
19443
15897
4680
12940
25914
5359
26626
23525
15831
4192
23573
27066
32367
6029
21996
3925
4217
9252
1618
8428
927
8752
6124
4632
25191
566
18695
14472
14866
12669
21141
9975
22981
27821
16497
13403
3302
8348
7915
864
21705
19812
8576
7700
25996
8121
9961
31204
27199
13433
15960
30663
21576
14981
4606
13497
14854
26320
23248
15979
2229
28341
16779
57
3474
31886
20725
31836
6719
21122
23910
9569
18536
3998
1416
27609
8359
19239
12379
21587
10405
31279
11388
10631
7299
21351
21670
7892
22392
9524
23929
30445
12219
20997
12410
719
18851
26339
30812
3318
9740
74
17022
1232
28670
28983
22964
32370
19849
24706
15946
23178
14323
20590
24390
10900
7958
17535
30958
9553
23555
31115
15498
16245
14059
25620
9579
15520
1088
26837
7980
19600
7447
923
24888
2197
14033
20566
9100
25925
24058
10864
4287
27760
6257
22109
6463
21335
29385
26996
3037
16664
31984
25597
6028
22893
31246
12683
6757
24470
18352
908
25071
1428
16422
14878
16542
15256
7209
20260
7321
5051
6082
30617
23488
3567
24167
28453
20718
24630
614
8686
3707
3858
903
10417
16902
27196
10476
19217
32113
16792
12861
31791
4396
26217
9218
1402
23479
19650
13136
21449
12898
24893
5288
6823
18264
26350
12828
16877
12507
29082
3251
20887
30161
20517
19727
20432
17280
31562
18253
17743
12438
23695
30253
23526
12652
375
12659
19288
8587
3833
9101
2156
1648
2353
17013
27199
28556
17238
20441
14814
6031
3052
9338
24596
10982
26938
19154
9601
22402
31231
11513
14572
2524
20065
22985
28635
31542
19750
9537
30048
29987
31014
10279
23349
28233
11008
25329
16651
25702
4877
2022
1568
6033
6034
12417
14608
2755
25402
534
14829
28053
14275
1463
17041
21323
22775
14169
18739
23314
9182
4147
28985
11654
9778
4199
32333
29559
18963
3044
32179
10733
27132
16011
6618
30569
24822
27537
19505
26222
27403
3108
24891
10560
27134
20817
742
19180
25145
32037
15641
29064
17415
22290
12428
5564
21763
16277
26588
21378
19921
10006
735
14377
11
27664
11317
12704
6270
25713
3359
753
20887
5700
13204
25100
10776
25485
7826
8902
29711
11636
25779
4897
20489
12966
10496
27854
26755
11513
21001
32752
417
29263
14134
31523
12579
7356
14424
29885
21140
32235
29571
6484
3012
25021
3360
9088
30073
25652
15934
225
15458
24208
7465
18532
20044
12215
21566
26051
26520
25562
15101
7755
5357
32598
1376
21218
32042
28888
32107
9032
1951
28357
31493
22173
12924
17369
3590
11556
11657
20238
3729
32582
3352
15039
1956
19930
10553
12045
12269
10147
32044
898
25824
2074
6940
13300
23558
4974
2058
7340
32408
21450
5127
16840
9036
23510
678
9694
6767
29312
6065
29666
16436
11260
23579
74
2380
5129
12086
25967
15798
19831
30758
16183
21977
19174
2966
18929
11728
1232
6569
26752
773
20682
14387
21948
28673
15878
23850
1301
23170
6941
23895
30330
1998
2315
17233
377
19272
16251
4780
23463
833
26182
19310
24130
22544
10294
16834
20245
29029
25359
7665
12444
5594
6352
6285
23913
26827
1590
18160
29382
14952
642
3045
20124
7688
3196
164
9363
15041
10424
27140
28283
2613
29976
3564
15339
31150
5522
32010
9511
8558
24115
9416
25927
1600
24164
15740
24470
6483
12653
26847
5177
27208
14391
5313
18449
16266
8278
30203
25570
2270
23622
12196
20148
24635
28917
31368
18297
3291
15490
24789
497
15506
6725
25112
2763
26463
2063
4968
14093
4417
12467
4065
8885
24139
32709
19797
672
11515
8865
10557
19884
10952
6831
16886
282
5882
17638
28714
1078
10174
31375
29836
28473
17786
12108
11720
14702
4190
12376
27321
4756
25660
26896
11485
27524
20121
20659
28423
29203
11012
25958
17492
1082
22950
22651
25440
24180
17435
20466
29114
2408
9344
24896
9109
19144
17101
10576
960
7545
7269
9672
30680
29940
10732
13197
21692
20460
14169
22153
5953
24113
588
11948
5415
15828
4769
15920
14924
5004
325
25890
9760
600
8520
13854
15705
18022
16180
2138
1000
30516
27294
27365
21291
13557
32250
23857
16484
17718
22708
28880
18282
25281
32636
14459
3486
17601
5857
10328
20769
8488
27681
19325
22596
11854
63
29360
30016
26586
18775
16496
29224
6886
7727
13882
31003
32094
14
9989
19646
21673
14033
13071
25833
28556
29499
12507
17313
30539
27533
10106
5703
23569
9814
15883
30478
24721
26509
17534
25267
2286
29661
14749
13928
28888
7744
29260
18961
19705
21455
17935
31410
7055
6617
25806
14632
18522
12850
14805
28952
18360
22989
31
23590
27919
21901
27604
5479
107
16729
3344
280
22376
21871
20454
23696
30035
5626
15781
2675
30348
8422
25433
28457
19246
3571
405
29070
1266
5384
26992
29675
15441
28363
10958
22822
20713
9070
30689
27189
2338
15307
25071
12248
21777
2228
21333
5256
14493
29828
27340
25258
8416
4858
7147
29449
10448
25416
14573
8067
4382
30822
18869
19971
28510
31660
21519
10159
22633
15776
31033
20578
2559
18701
3234
12892
22449
11349
2033
12856
24318
27911
73
24351
18109
22964
203
29500
3515
11775
28253
14447
11428
15604
22698
9542
3879
5531
23658
17961
10325
21964
31460
18132
9802
8004
2737
12299
2320
25337
9666
11656
8384
30379
14501
28729
14058
10428
5891
168
26423
17985
14702
5563
27469
18265
2137
17309
24051
5566
22632
5884
14710
8601
31723
28789
5451
14491
3493
13388
26357
21321
22737
8801
18986
19607
615
27231
5169
14265
22427
20535
13966
18486
26022
29901
13537
62
16074
5872
12812
6461
4240
24720
22676
23216
28501
5163
8778
21304
31492
11913
17194
10220
16677
20649
15235
28148
23
1531
21848
16980
12185
15056
4358
5125
29328
30478
17704
21578
22020
12584
30136
321
363
19789
9847
16056
15402
7392
11406
28995
27737
29225
17269
3979
29382
7242
26900
7657
2109
24436
17704
2100
7
15706
8169
19927
5041
8678
11242
13350
7183
18475
10048
29426
23423
27548
6118
3930
15730
6523
10080
22757
12073
13972
24991
15566
30141
3370
23333
25503
9570
30514
617
19713
7660
30911
8317
24019
12435
24254
19694
5241
21235
13795
22764
22391
855
11747
30122
4670
16950
15588
6664
5189
17662
5937
27504
26204
17937
20275
11773
2622
5645
12701
32739
22629
21073
12774
25611
28706
25789
31484
24573
28140
12472
30775
12547
23545
4472
27275
23691
4363
3454
24067
8142
29069
25439
4970
687
18142
21450
12875
4582
8429
19655
22301
1117
30214
23101
20919
20442
29931
32695
10250
28895
15655
24423
12558
27087
29087
21100
23549
15697
22890
22096
30656
26617
738
29653
3750
7462
7419
753
10844
19238
31444
28695
5146
10913
30092
26296
25882
23860
8279
1290
31566
24412
721
32008
9810
20886
19858
18106
8352
23748
15618
18358
10499
13779
7790
5095
20558
1179
11100
11149
20301
12806
12060
23173
30972
24949
10912
7371
7415
6495
27278
11325
28210
24379
17298
7073
16874
19105
26873
8938
15067
21420
4476
183
13492
24738
24153
5405
968
22231
14505
6566
23814
13006
6381
6809
31275
27554
27882
5500
20022
9636
4023
24792
24092
30790
2068
16700
4542
19256
253
20356
4376
3792
12415
5211
443
21423
8395
31999
14461
1442
3977
3397
13167
19910
22382
29404
28687
24560
6161
24021
29119
14155
4090
16995
3190
1603
23804
26592
18358
23970
5830
26897
28094
20217
30644
2475
6912
3650
2027
1302
25045
22211
32420
14960
22128
5942
19912
22997
5904
10534
3006
30430
9338
6044
12160
9319
7847
14587
21237
32150
14778
8233
28539
16409
32565
10479
18626
23470
12139
9123
31201
6889
22329
25604
22691
18738
28145
14181
8994
31245
3991
1550
11160
21918
10064
9183
30321
3692
7703
5174
32421
25701
25010
17683
5188
22818
22500
1402
2387
31085
4581
15129
8406
24576
21519
6955
29742
21904
17882
27292
17061
12810
24074
2414
24392
25373
24359
19803
12533
15352
30766
28604
30900
29269
23942
4777
21066
27830
28213
8546
8972
17902
14676
4077
27378
10724
30656
15873
11244
28564
19987
291
23417
5206
27347
6671
4725
31843
21737
6489
28466
7317
32340
30548
24011
29038
28446
25395
15029
26460
7311
3438
919
6203
16546
29032
2652
540
17845
25166
24198
6981
6788
24386
24773
26489
600
29369
13512
29305
13692
8481
1363
21450
26097
10952
20114
8121
31842
9465
8877
27037
8538
11880
7324
15196
26293
17103
30013
9776
9557
29146
28323
20651
25366
32065
2481
9721
21763
8755
14824
2662
20938
4603
2942
14623
18541
24030
28592
12093
3899
23106
9049
18431
7935
15638
25538
28247
3703
31597
26044
1961
25095
10860
17132
31695
943
26471
20839
32352
30523
2887
6527
32050
7865
11567
24028
22557
9008
14431
27086
17922
21903
6488
6625
2828
7140
17984
21170
25654
16078
9865
23042
19470
11061
7630
17929
31928
31800
15869
30476
21301
24935
25787
20274
30694
13619
18436
7316
28747
22434
13842
27027
32273
8520
3201
10094
28492
626
10928
26388
17409
8868
25450
5174
19687
5190
12742
26273
10094
28826
13643
32203
15105
28657
14680
23211
7048
21023
19395
11214
30002
11052
9921
8104
25969
26700
29190
12584
25926
8465
7981
8847
10430
2272
25945
6785
6077
5282
8221
5980
17402
10427
5529
11466
75
25408
26598
16274
32035
22116
13749
13236
3672
18228
11826
16564
32298
17541
7215
24630
4482
10794
11390
2763
8567
25706
29598
14091
28182
1969
30363
20196
3683
4229
15151
3889
8603
24508
9005
1422
9660
18156
5919
8299
5959
14628
17454
1376
15941
29657
28995
8640
19592
13347
12140
10609
12595
19498
27009
30715
17789
11482
5895
2014
14001
14303
5716
29737
20857
28109
29172
14408
4701
19614
5452
8734
8071
29282
13437
10836
4041
22578
27532
9968
8929
14694
22719
3113
20219
31496
13898
12153
18295
10120
14122
16629
24813
21168
11090
28378
30318
31195
12037
26472
13325
13410
27011
11507
27294
18520
7911
28727
20670
30583
6480
25836
21780
6233
11583
17562
26070
20460
23872
29615
20878
32544
24781
31951
9502
14562
4719
22123
11009
21582
2342
9877
28629
28448
24843
30994
28694
29804
30516
7089
21293
31632
7384
5340
22441
4966
1459
26733
21708
19902
30124
7875
30025
7947
29110
16916
3916
26204
30708
17924
15803
12686
800
3447
7867
4544
23853
676
23415
5128
1323
30060
23837
12900
11372
13289
21288
20724
3813
4425
28389
7014
10966
20189
30768
22193
7086
7021
8063
31494
7209
7375
12579
10755
29627
14263
3530
21803
21297
2513
3143
10387
25750
18957
10390
3549
4691
827
9242
23402
18843
23767
31530
972
15366
26150
21452
22906
25724
6018
18880
15048
21333
32241
15297
14870
1470
17661
32263
5703
19551
4800
5648
6005
1339
27199
25504
9186
11479
2041
23303
8498
2718
27839
13474
30168
31876
2757
13732
16079
9706
18682
30230
3466
1473
20629
18461
16941
14323
22768
9340
22013
26110
26010
16473
10773
10978
10920
12356
11868
28222
2891
15477
29875
31414
26280
19029
1139
21399
9955
32577
534
3518
18045
138
32564
12214
16353
29888
1714
23840
6969
10800
14646
20824
3718
1707
3549
27989
25584
9353
2865
23761
6746
16622
3157
5802
29754
24396
26243
15497
26792
17961
697
7617
10933
14627
16302
24954
15101
5169
12299
7182
14208
11307
2264
21427
23981
6285
21556
14427
29376
19064
15434
4824
1614
5369
640
12100
17182
2702
30449
18080
16955
21478
1054
11195
5191
25577
8928
16213
29970
11512
19106
28549
23916
15222
12748
18008
26423
22919
29314
19387
14272
8215
26511
16027
25679
6431
21916
26954
1276
22307
13478
5413
27077
9728
11695
24948
9694
14564
8371
401
25928
31134
18141
9805
16549
23832
17659
5775
843
24865
16944
15166
6039
6000
22248
8801
3459
25062
26641
15749
28539
17428
17033
24415
22893
28157
2770
15539
1568
25629
21773
29813
18118
26794
31014
25389
6356
2585
30540
17824
19985
31460
164
28332
31469
5771
30782
5236
7957
14297
72
30909
15428
17512
26497
28824
20316
4455
2801
3906
24501
1435
32728
30792
6325
7332
6628
7406
8609
12162
8614
26834
10162
9815
20295
8653
20076
30574
23927
32538
31275
6013
18599
15290
10495
16167
3704
10262
19897
10693
371
32487
24902
12646
1274
339
7740
27668
17790
7768
6835
11866
16627
10606
13398
5891
13185
25704
698
2083
15485
24732
17390
12636
20375
31555
30547
3930
18005
31011
6829
1184
9664
1387
15739
28551
27741
6110
24196
24963
31838
1587
18355
23465
30234
17596
23588
13422
5819
6727
3199
2738
28470
19266
25989
27133
1921
34
27880
1032
16896
27397
16480
9087
4928
28821
11003
15365
25063
22576
9397
15225
8939
18247
28744
119
1539
3076
19269
6690
18011
31536
25700
13601
29580
25939
3096
23016
18123
26397
21351
24633
22624
6404
3321
15338
18779
25135
25711
1768
13698
29331
32758
27772
397
10332
24603
22989
22934
25742
29153
6055
29643
4844
1808
12666
27494
26905
10449
19878
18399
8445
30840
23285
1119
12906
4769
14185
11129
20479
10366
13369
23317
11085
17263
6934
17580
17465
26323
6322
32187
18337
1055
12419
13425
16707
29997
7621
7339
9434
28886
17854
10531
29321
11714
8005
25828
31357
10111
13189
258
975
14801
7167
27271
23207
1609
8654
31920
2471
22553
25135
9050
17031
31271
7232
439
14844
13152
3080
28997
31455
23887
30392
27905
29835
18670
19504
15576
18567
26044
453
30046
7013
24335
2626
8130
27881
9132
3884
7682
15214
2965
20299
8027
30342
4130
18021
14596
1249
19027
589
30491
24944
11109
18717
31200
5065
9123
29887
29473
1998
11135
10162
6133
2185
25313
16138
23213
25179
15039
9657
264
28758
23790
27918
27302
6375
17976
20091
7103
32184
18094
31387
24597
25300
23615
22899
6695
4365
7050
8185
4776
14235
6897
24274
23599
4357
5103
28256
7984
20293
11947
23548
25131
4903
11213
15488
8739
29426
24720
2057
20306
21578
14616
25339
539
7509
13575
30789
31808
285
4683
18662
19029
27445
6713
5296
6517
20128
17632
16459
5427
23534
9879
23678
25043
25256
23513
12970
1723
25070
26451
31383
23844
3167
13882
7539
22293
17209
16098
10776
12946
19649
28045
24206
27921
18918
21377
27345
2861
12065
19549
20692
2206
17567
3500
1477
1129
29090
21691
14483
32084
22309
9896
25006
12957
32191
22204
14
31979
6857
18170
10102
13189
12483
5880
17402
29122
3828
13550
14015
20673
29777
1293
12290
26969
22944
4882
27227
12883
9949
538
11075
3799
22493
11960
11477
8485
21553
14149
21713
13702
32333
24183
23782
22913
15850
31797
20529
29521
2472
28842
513
28055
13304
19865
25053
19277
32569
10736
20680
14331
15649
21407
23491
26669
32095
21418
32660
24100
3966
30845
22982
26316
23565
23169
27377
25326
22781
3820
20027
12455
7498
31965
2591
18713
22494
2216
24173
26208
11698
2414
13202
17863
17206
15602
3866
23100
29939
11687
12659
770
878
16142
16628
6822
13904
21566
9757
29236
15045
17604
32033
3242
16674
5038
16545
11949
7626
7395
4539
5755
29010
11446
16707
28705
7139
13754
32336
23022
32736
6359
19963
3367
22473
13213
12387
32508
9056
10457
5877
3515
28682
5990
4074
3652
119
13126
19216
19901
6021
29937
23502
23431
27234
21229
23650
12144
32241
14751
22126
42
29552
13665
5299
24060
2135
725
16924
26039
19843
31096
31230
8172
22931
1146
11678
24668
31379
7629
756
14768
10968
32636
4270
22890
19754
32574
7032
24604
29737
18507
14459
2519
14569
26478
31011
15079
25824
23899
1062
17597
29442
11076
16322
30509
11306
3495
28998
20954
25276
22890
30163
27118
4488
12073
30820
22542
25074
30927
18700
17037
23888
25955
14719
22495
19860
22309
8916
19793
4395
30682
30857
13816
26149
26468
3272
17895
28821
14485
27112
21925
59
12357
25911
14815
22880
31394
20215
17241
1282
19144
25510
31530
27697
6290
25219
28457
17081
28847
27981
8867
1281
2808
5454
30543
3379
6912
14744
8835
925
3821
6799
679
11864
12423
18087
26859
25639
23695
17519
11061
9889
17490
7631
4701
10131
28030
12429
30877
15776
25651
26646
11331
3114
21341
17532
27305
25206
30530
21179
1895
5642
7767
31296
5063
23642
11352
17324
6778
26532
21399
31957
17289
19225
30869
24077
29838
27197
29647
5288
16675
30608
9690
22200
16283
18030
4530
25627
5616
29748
29008
6328
21245
11428
30842
29701
26605
3467
14815
14797
22004
28064
25187
4144
25661
2736
16056
16107
29219
25336
16174
29657
14755
15827
28108
12474
5649
10133
2719
17972
8971
25782
16978
23
18348
8243
13055
26341
513
22833
13125
14994
1729
21475
3995
2696
2360
4527
12771
3822
16261
5260
26435
10026
30469
29103
14384
8612
19727
30566
1739
12493
24546
27204
26481
12641
3035
7550
26509
9705
2284
27285
14001
2947
31817
19509
26086
27621
21092
8286
12608
20640
29980
21953
1973
31650
12849
2157
17710
2303
26108
20906
21215
24049
15965
20261
8660
2333
10740
9550
13261
30743
18324
255
9804
9769
27124
23646
29676
10320
936
2820
24564
14984
3920
20831
16428
12873
18448
2900
6384
31314
17984
9769
16258
31653
21604
29091
30373
6099
4190
3179
14695
6265
11490
28598
10302
14347
26411
24101
19542
10192
1260
14826
9514
14126
28298
1581
13394
40
14728
6062
31643
15653
14147
14507
8541
11251
23519
17412
12041
8715
4481
31645
7682
13847
19390
7684
9902
8881
28500
32596
1484
18030
25112
10585
11272
25883
22320
18164
3020
3654
11138
24257
31066
19713
26220
8440
20760
1250
12982
19601
22570
8270
25541
28588
2886
29687
23313
1839
20420
31652
25049
16817
15093
21553
19221
27031
25526
5846
29100
14972
29253
31148
26343
9687
25171
22892
25893
19159
11098
4218
23249
9618
17200
16163
8594
14687
11997
26915
13761
14976
5546
3179
544
31493
2682
5409
5065
7916
32605
21223
19044
23437
5987
21344
22685
17974
19118
17904
10454
30226
4299
19652
31256
32079
1347
24339
18768
32127
14956
8355
23224
23359
11909
21134
30611
21783
5890
16710
13341
418
30245
21463
20930
30959
11982
8300
4494
11558
2708
10773
2789
13935
26132
11207
23156
5647
30601
5285
15719
13524
25502
6525
27868
8372
5248
32662
19864
19889
1846
1193
18425
24064
821
2093
23596
13673
28719
22999
18080
23537
15917
20834
18619
29623
5085
5004
27083
17948
14125
10337
17471
11302
25624
18107
13079
22055
1472
30986
29593
13977
1470
32593
3910
5197
9654
4721
8716
1989
5934
27818
20669
26590
17824
15199
960
27057
1741
24089
14855
30652
9557
5839
2112
1085
31109
3941
6224
23263
1136
22642
15613
13720
16705
17734
28138
6354
8399
18732
16329
15049
25458
14828
11468
31284
17686
7060
16732
10279
12173
22904
270
10552
26410
4216
6099
12769
25995
20097
11119
8741
22198
27479
24876
17526
27752
24209
27599
29655
31657
14053
13771
27966
6308
5797
31669
20540
9398
22922
27384
4831
709
18353
6346
27864
26067
31203
25950
32217
28114
21273
8027
13121
1722
13119
31630
12539
15834
18233
13531
16803
363
6692
26746
4587
32363
19422
608
15166
4265
4296
19962
24995
31004
24266
32545
26851
20088
27544
18251
1262
23555
24628
19198
10619
25253
26037
2955
7407
28735
28486
6392
12928
16702
25969
8254
28570
24688
5790
10677
8321
30998
4310
7116
8249
3898
18637
22013
22435
4675
12832
30720
14312
32198
11483
10559
13338
31903
27710
29835
32281
16961
15041
3085
2740
3658
16213
2431
8465
3675
10221
32412
31055
4646
23869
27092
11881
17864
9153
25413
1886
26202
19970
5607
23439
9410
25621
22790
5736
10959
25700
32246
7746
30342
433
9730
8840
32694
599
13477
5401
23507
9427
12797
21230
21504
11652
12668
16381
8558
431
4321
23133
17381
29638
9062
2218
9888
9450
7483
10155
1886
8110
21300
6962
21430
4126
8895
26180
28843
15616
5656
3706
8320
9817
6336
20135
31438
27955
20523
23739
10963
26782
27832
18152
26637
3061
1767
11267
23815
610
23751
21292
28788
9124
941
26289
9338
9744
25131
22064
80
12758
1600
9212
14347
14726
11213
8642
1717
15315
1864
24685
28320
21142
10420
22342
21497
13078
2769
1632
9632
902
8848
6195
2103
10703
713
18055
14202
30608
26672
1684
4558
22371
16774
16487
540
24419
2060
5511
15327
27883
31805
31449
32124
11680
6844
10689
19667
14769
23948
11402
25107
9053
7551
2568
13522
8118
10225
21627
24413
11429
23733
8119
19532
22575
26704
8834
25178
3318
28261
1854
8820
2051
14449
12232
27664
23490
15545
28831
23488
9294
4480
1865
30727
20719
8316
20466
8299
9954
11915
32343
29387
24920
2979
24034
6899
4800
32519
23830
16494
11081
17345
26670
1691
18595
10572
22273
21252
13062
11409
29225
19946
11126
7445
21348
20773
28485
8816
9530
14635
5337
13825
1505
19566
9648
25824
4445
11499
6560
28180
22251
2047
5988
4358
15776
30845
7764
8246
7246
20223
32116
11309
2215
13433
15280
23219
8613
23316
21862
15937
22825
12601
29477
16825
226
19179
32181
31829
7792
30043
13143
477
19145
10422
8781
798
8412
19522
11421
21143
32629
169
30995
8565
8801
25749
30085
2242
22226
1916
20058
13017
20229
32446
32589
14621
22817
20717
24943
2538
32099
11115
23147
27340
18296
5691
4366
27375
16170
6673
19207
22999
21567
3243
22507
5713
16798
30564
11644
18858
11188
19463
6442
25374
32278
23521
10970
26515
19560
17690
15591
27016
14973
19013
15718
15688
12223
18485
7343
15715
22994
15890
1305
13150
17012
7085
16388
14506
31912
18961
27677
9171
11539
8795
26845
22010
29094
18123
6995
31877
27773
4634
28708
6933
30215
4366
16080
29112
14952
14925
29238
4961
17947
22639
6747
16533
17884
23126
19303
23142
32197
32194
28144
421
15287
2080
25723
13908
18683
419
10816
2906
7977
9878
20270
17018
25673
753
29999
25734
29241
27690
12973
10704
27983
19789
32341
18146
11838
31055
2075
29039
830
30624
9086
12681
3175
32511
9997
21267
14174
4754
25898
2938
7732
30006
8718
10144
19851
26388
11021
22041
13819
24949
29467
24986
19636
17623
22672
28590
8036
11583
30760
6059
24411
24786
12622
26085
10221
3231
16282
7969
1047
17344
3480
22605
30566
29857
9419
13934
3605
18591
24305
27353
14453
8661
15497
16294
30098
11058
1171
18530
4372
11983
4503
2820
30819
9856
28648
13602
27407
15018
12586
12645
2670
9044
6418
12603
3207
8064
1901
32459
5678
30395
17252
11054
113
14579
3070
27868
3379
12425
4582
16996
20247
15015
15983
11617
18592
31188
27605
6569
1686
5829
29382
17607
14763
886
12576
14764
4958
29818
28157
13473
27168
1168
16109
896
26805
13942
21122
13860
19678
18690
17426
13086
31029
4462
23736
1193
24152
20468
26012
29153
32585
12954
28532
14383
5397
31312
13131
30984
5556
30264
28801
12247
8753
18757
27668
17463
8203
11783
29981
3174
474
11461
4766
21494
821
30669
15994
15046
23508
25096
20933
49
11762
9169
1598
3717
13301
25095
12570
23223
29009
11105
6916
27733
27306
24578
6497
8635
10553
14158
19672
1162
3440
22523
10514
16982
13537
13931
10686
7583
30556
11577
22745
27395
16215
1042
2604
28337
16787
22726
28694
11809
22525
7838
28043
2563
979
10225
18781
13429
23303
28146
9914
22392
25832
2764
26359
32677
10751
6641
22667
7964
31543
29358
22367
15550
13378
28932
16965
9116
32055
16563
27077
9902
20352
24215
23584
19657
16883
17463
12943
30923
24639
29084
17356
25113
4490
18783
24531
29003
21080
29446
30954
21797
17839
14225
24031
25545
24953
3151
27025
7212
14889
16374
19377
23495
12705
32243
20170
7311
3411
7167
16255
20262
14247
26099
22805
9555
12445
23517
23345
24752
29108
5715
11490
31138
18698
17671
12513
12942
28612
31644
12056
27466
24496
16568
30562
18642
11305
4955
8594
1341
25148
23151
3766
31727
13321
29344
3997
17935
29547
20077
21654
31548
8155
23679
2683
27259
2961
10298
18670
24436
23533
26771
13795
18399
26902
28961
607
19769
16609
14710
9342
14011
20724
28335
29371
10124
31787
17226
1132
3382
7994
28984
31628
21079
18580
8755
7101
10649
10124
12882
21133
1251
30394
219
5369
3281
26017
17240
13872
11362
17806
3821
7065
1265
32195
3048
29206
24167
2773
1946
18571
26542
3411
22630
13210
23401
11176
18455
24241
23778
19267
30838
11847
8515
25845
30237
22370
14602
30874
28038
4189
3511
25595
13927
16104
26567
8435
10562
18256
4326
11985
29495
24833
26209
11006
23582
5193
28634
23776
13010
17758
20031
14589
21455
28835
5885
8036
32256
31783
28528
22857
27090
17006
31902
6639
22157
14965
31526
1739
484
24816
4979
2790
15819
18134
15925
31107
6280
26911
19730
17410
19213
13773
27544
18180
24965
25129
11383
29392
21037
30287
30445
21237
30309
12780
26753
14641
6663
11847
32500
3986
5367
24958
7797
5595
8955
26386
18452
3625
28109
12710
5241
7382
32111
2564
18134
24478
703
32609
3098
0
12363
11490
14952
17639
5478
30815
9415
26506
12156
11878
22299
12177
9634
8067
20052
6777
25201
8894
229
4665
21
8550
19319
30502
15009
4109
5599
276
23717
30932
17486
15294
23043
31465
18632
8808
3326
25421
26840
7874
18836
17115
2945
28432
15118
9606
9079
14216
16341
20194
2448
17147
14215
8166
23413
14008
30538
2544
12957
15790
22625
13065
18300
28368
5373
12138
21751
29374
26453
29760
20508
11425
7928
26541
18448
27222
8290
12815
584
24528
718
13444
9980
29111
16460
18606
4569
4949
11283
11699
6903
15283
8984
18056
27658
13823
10976
3440
13788
20785
29330
24767
23035
13039
27216
3300
23726
20909
25799
14246
13102
23064
30469
4270
16915
949
2699
27462
8205
6341
21924
9568
28884
13677
11765
32730
27746
531
26964
19456
26207
27915
16606
4691
27101
10099
27203
5769
15685
26971
23397
23764
25233
16682
27682
5223
26556
29244
19053
2871
7031
9936
29860
3838
31262
31010
11805
24454
26346
6100
8707
5668
1384
2450
10336
9858
18218
21494
24954
23714
444
2473
7011
31776
8409
972
13772
25784
18655
19094
30746
24583
32129
28990
3516
31894
8380
26907
7355
6676
24076
4106
10898
2787
21983
32272
17217
28375
7498
22080
5789
11066
26107
7903
32746
9235
25199
25799
11179
6823
14949
11785
20409
21825
9106
32726
10643
29743
29334
31648
14069
6157
14383
22396
23724
15686
16044
13771
28584
28887
31653
8217
21587
16982
18922
10565
10273
5939
32697
31458
10600
17215
13620
20958
20851
2666
20241
11873
21714
28625
8596
15096
32243
30200
16314
12019
5623
13395
19128
12300
20414
26124
21923
30537
26948
22016
12657
15651
30513
19467
13600
12519
3755
24453
22069
32605
16751
21260
9576
11432
8224
23940
926
17773
14046
1117
8983
11063
14363
27412
10473
26
18858
15357
685
30103
10265
3647
17528
704
5185
27936
8973
17820
16155
25731
24144
5069
10198
13998
12286
32368
8230
8017
4764
19781
27358
18372
29869
13584
10433
20625
11304
19775
1941
5170
15913
2252
26490
1820
20199
13925
27258
22780
19942
19403
8801
15168
12910
120
20687
28889
23611
31620
28043
2879
27766
6345
26394
30902
10980
2374
20881
18385
19294
21185
30631
17460
10113
29360
526
20637
16550
10330
10500
8742
7700
10810
9253
16580
23413
19108
19587
28948
31623
20395
9464
27479
21268
577
15547
954
8228
14496
8242
10204
8561
24553
19463
21898
16923
18699
22142
28365
11677
15591
17158
3878
24576
7090
13326
17944
1615
2970
28441
23271
17226
31404
26389
32160
11358
30709
16616
2393
4821
10215
1613
15290
27979
22527
31454
1468
30049
30117
18289
22961
19893
27732
28584
6789
17425
12026
17860
4163
994
28834
20666
1498
19692
20560
22665
29730
573
31788
3274
24090
9567
4067
31113
17012
4562
12875
15955
18003
3257
13894
15248
32083
31956
17128
10772
29386
24238
18140
20720
22605
18712
15107
19854
32118
5589
30815
8701
29925
663
9520
32137
2693
24107
32092
29583
28432
5616
31252
5263
15574
14221
7349
7555
14778
15075
24812
12655
31357
10305
6686
20794
19263
28375
16391
1468
322
32622
28321
28696
6642
32598
7495
13388
19234
10143
20762
29190
26777
9356
20132
16314
17101
2372
3771
23537
25326
11211
31400
2276
18470
32049
13193
17993
2592
12809
26868
23917
1223
20253
733
29571
29008
28256
8890
5691
4218
20516
16356
30359
18964
3213
25409
17915
26048
31046
17952
27011
16632
6002
22628
30616
9806
7654
29157
13254
10744
29589
13075
31944
12171
11851
22749
24805
32007
27039
2001
19584
32532
2595
21124
1770
8843
16605
32564
29050
26424
25339
20652
15584
4063
27074
22120
2230
4988
11976
2042
8536
13263
14435
12204
20470
23832
10849
26727
28903
13088
12025
13011
17472
28536
27650
26048
11430
29957
22627
32197
20576
15549
1483
4134
20656
32683
12962
25851
2916
16953
14399
31887
6824
9390
10587
1031
1822
7414
13509
32068
24625
32162
8280
7690
11942
28207
28715
10849
30067
14475
3591
20027
13525
4053
1310
14936
9117
13412
9721
2151
4810
6412
9907
10862
12125
28060
4965
26987
5737
12971
8929
14140
28522
14997
17315
22460
215
15296
29956
9519
29435
22564
16561
29664
13568
15882
26716
22792
14413
17939
7089
22770
30226
12925
19084
16477
29472
29602
26473
11554
13823
5569
11804
2582
25402
15361
17090
562
29694
19635
15607
12017
15075
13016
29513
1530
11018
22755
6893
18943
5480
16576
4017
741
20577
23828
22578
16677
32153
4039
14927
12402
25095
29120
29661
15772
1099
18415
27548
21428
1345
18833
28266
29809
26326
7087
19639
12242
13594
9704
27705
16133
17815
9329
8673
18056
226
7002
26637
910
27247
3859
17663
26788
23209
9774
30094
28052
8002
6246
12315
5769
30152
3809
5063
30325
5242
22962
6115
12464
13657
7842
4009
15842
22402
25904
5673
30754
10938
9174
30341
12895
22859
12942
25697
24319
9231
18069
6294
2503
1226
23407
9766
10491
19132
11563
7029
2502
25975
10216
17334
23515
20975
28824
7331
8285
24016
27396
21617
32765
13588
24849
25603
19554
28116
12097
6494
12493
1630
6780
9821
22013
2441
13073
1957
32080
19781
26872
22492
22316
32630
13658
25366
6301
29955
32082
3728
5183
28457
4598
26785
23135
19222
29073
29933
9309
20403
11827
2268
3924
3521
7532
19531
27133
1575
13652
12929
6609
2698
15054
32612
23406
3103
9486
11500
25148
19645
23129
17625
6992
9783
10764
673
6033
23528
10208
20909
24857
10895
19564
31684
16350
2654
32492
7112
12689
22349
27712
10400
6342
21428
20280
11381
26454
14617
3598
31777
18433
19270
20788
740
2904
8607
30544
30297
23515
6835
2694
1705
32094
11793
6901
24319
7089
4189
8836
2620
27775
23971
21982
4075
10359
15850
1723
23927
8106
14349
31586
20379
27956
9926
24427
28699
3615
1036
12746
15282
24452
32415
21513
1099
18419
3553
7893
17268
4117
30695
8124
28943
11920
32208
25653
12874
2859
8789
30177
29906
32051
16034
27664
19012
2333
22884
13959
6117
8556
29732
1409
28306
28374
17107
29427
7930
25506
422
20756
24074
7764
23844
16925
3497
24460
8317
32077
32166
5932
7709
25905
14574
19641
1665
21282
13059
26372
8521
15375
27049
5897
7311
4733
20195
27159
26232
2507
3869
18225
17672
7867
1963
23477
8251
2350
370
15163
12881
31535
997
14016
4713
20787
21556
12036
19793
6047
29887
26160
157
2443
14545
5308
11254
27846
16523
17808
11445
28442
28958
15721
6065
26833
15678
29055
25940
10359
20947
20837
9205
11234
31473
26672
9313
27248
21770
6363
21691
5264
7778
31210
15751
27780
15556
5198
21761
7269
19316
2441
7347
11623
17764
25874
15686
1118
8106
7419
5273
1921
26674
1489
27152
20846
15536
15812
15663
5487
11737
21255
25191
6396
25299
10618
25135
26241
4330
25479
20055
7521
7044
21065
409
826
28759
12532
32114
14955
29657
12145
23088
16851
4600
4168
32075
8668
18188
24003
2552
27320
13578
31313
16380
26603
6394
4136
15550
11530
13483
9262
21153
24514
165
20506
27280
25371
14943
26582
9179
18430
8882
3624
9793
9974
142
31890
23118
18227
15340
631
31719
14036
9475
32638
15139
14438
15295
23868
24412
10663
2927
19469
8326
18320
28350
18242
10944
29587
20452
9346
41
24098
14621
12906
11509
14960
18778
10871
448
24443
24887
31270
18465
31306
7214
10073
9603
13683
27146
21501
8240
31201
23710
9450
31407
11476
32182
4106
22864
3881
16718
21950
26117
8668
26626
10621
26227
13259
26054
19903
30793
31933
8407
10009
26577
27042
7410
2729
21701
32285
26307
19380
6499
28479
21408
19598
10179
23446
26999
5818
20841
17510
773
15955
11543
11318
1097
5290
3812
32398
13113
28209
18066
9472
2227
32664
6173
28005
3510
5685
8848
9577
6354
12201
10524
3914
32733
13505
29291
5084
4584
23450
12850
21969
28017
29961
12550
2615
1755
10553
9840
14914
29467
26518
31043
21068
19123
3562
23085
8730
14564
2758
27789
12897
2847
32548
29060
5000
21694
9034
10575
2480
31473
29426
24276
14834
15611
25767
20858
15591
3230
12402
28990
14958
19155
27062
8452
29353
15551
28761
29482
22601
19683
32036
5219
8204
27795
19821
22723
27011
10665
12787
7958
25881
19578
1289
32374
6993
4617
19447
29213
14671
22139
1949
30583
1690
17355
30809
21115
26656
22719
22827
27708
5243
23579
22039
32699
23922
4116
16843
2304
12995
14855
20098
10857
16928
21099
20008
31809
22647
28933
15807
31380
26742
18778
8193
1346
23119
19306
27463
9811
2232
15515
3753
4746
3894
23796
21095
6205
19868
27787
6024
28772
17614
9537
15040
9711
12491
31916
7831
1885
1003
16981
8392
22154
10085
28196
32487
10952
9491
13080
28231
14642
7802
10811
27419
30525
13573
10710
731
19344
18321
7393
7658
16662
10542
28349
3189
28753
13604
24358
23198
4849
25653
21091
12250
30117
18210
29119
15767
15409
2673
12349
291
11201
26476
1928
23753
28540
9837
297
19517
2909
5721
24572
14394
28990
7531
32229
11625
27702
18227
12735
31365
22053
29662
20885
31165
19341
3255
9493
2393
20900
25070
23617
30625
8871
5528
24168
26106
5232
14328
1365
26451
19787
30973
6342
23999
15110
4875
7712
23395
71
21247
20576
2707
19490
24941
21589
24888
20459
12587
32013
9077
18249
14100
13453
31114
18060
20230
23748
7416
17217
29229
15554
24806
2819
8836
20006
6595
7316
12184
32469
10285
5932
14480
15090
11025
13328
3946
21258
7444
32359
24967
4750
24882
15689
18794
6791
677
17434
11709
21637
11273
7446
4500
4568
6589
16940
14838
11011
2956
22544
19610
13166
31117
8076
19438
5467
4167
4375
5213
10779
14361
22184
16082
8834
11226
6092
3192
21400
25276
19447
16325
15249
20854
1815
1718
21248
18082
29807
23132
32327
26211
29603
30615
13138
2380
3087
21794
10117
637
10845
15055
6642
4367
23639
24084
3536
179
32505
10183
2344
15765
4811
1830
11218
24455
10862
30234
12960
28763
10100
4797
15065
29072
14709
29209
23017
25906
21342
4147
23894
24059
2829
328
18166
23230
5915
18518
22880
28934
24313
30430
18592
2810
20799
31208
25391
15491
29760
14409
18210
29617
25826
26145
30625
2139
14253
12711
26267
28422
28705
11561
18104
4872
589
6734
14735
7150
4765
31391
11802
8730
26612
2373
870
5809
17402
532
17295
25268
5560
22985
2796
364
14946
19344
28551
6668
16499
24522
31952
23698
24831
20492
6034
9710
9029
27755
24101
12134
24197
26103
22758
19769
3601
8837
3812
130
11173
32178
21212
24672
1019
6948
23656
7764
14747
11795
371
10730
27121
23048
9200
14236
10401
4325
10187
12019
17695
4646
1312
17391
3706
28518
19116
16297
2424
14885
9345
15415
19688
16072
15101
22480
30772
28897
32252
9008
30774
27825
12365
20286
3660
12780
18275
24045
19887
31675
29517
23136
768
23047
25321
23633
14884
28661
6228
23219
22098
31661
24996
4502
28778
2912
18906
32588
28553
905
5650
15562
4058
23155
8957
13648
19375
11515
13969
333
23248
4247
6655
26749
15378
18071
4070
20308
32044
13483
31430
5023
13511
18086
18359
7273
25300
7553
29019
8475
11042
12195
12049
27624
7728
15967
9323
7016
1088
17599
9443
10115
24236
17280
24521
11665
4989
3677
2176
18367
30522
32401
20202
29621
10494
11927
15393
19574
29901
9012
18280
7047
12328
1463
14177
1363
17631
21376
9088
21710
24103
9919
10687
10841
27628
31870
11411
4582
28777
7138
11551
17500
19445
685
5544
6205
31520
31496
2122
25990
31486
16000
1513
24790
18371
19022
362
12755
10640
18651
13090
18633
17293
13443
16526
14229
6456
6041
3141
4546
32253
3500
16940
6129
8966
27145
29673
12926
14164
10113
22938
32608
19983
1389
2758
30545
32538
30191
17299
28208
30187
16762
2618
29347
25242
916
18617
20736
311
25818
11976
15726
11105
13893
28685
26951
10260
20909
12947
1985
11715
25483
16761
1486
19111
515
22503
31040
10070
13602
6214
2865
22423
21604
945
24994
11637
23929
1446
19554
17042
10312
26626
14642
11198
7221
17196
13094
2760
19103
16016
29006
29332
4781
13647
14486
20846
12875
4916
5355
21918
26735
32235
11679
61
3233
7789
14607
23111
16314
7871
21379
32753
6636
12252
15701
30268
31234
11248
17494
32458
23017
10438
23661
24048
19568
3716
11137
18190
2124
1686
3225
25371
9311
22248
20034
9604
26938
32088
12338
25399
23520
8043
25642
24570
26060
8766
5665
17922
15926
32448
16286
15297
30867
9759
19046
3071
23643
2688
18007
5164
27150
8179
13972
27893
12665
27046
14818
277
23862
26457
4690
1646
6002
30481
20513
3416
11250
32529
9180
6713
2904
29702
7111
32086
5027
3970
20608
23784
16886
19115
17632
9587
12698
28981
32034
21587
3141
24717
4423
20631
20381
18263
16056
17939
3064
31003
15662
14001
102
10811
23247
13832
14321
10281
9114
816
3107
25046
6148
29908
12489
21614
14051
27528
11511
12354
24204
15965
25932
18950
18744
21939
7031
11324
10413
26703
1786
23792
9498
3758
27438
11174
17218
8344
20104
7057
30172
4344
14106
15877
24122
15338
4189
4399
42
23318
7725
14084
27930
5181
8469
6263
10879
22033
4045
18671
22391
30538
2561
15864
21932
19446
26708
12088
31100
9488
3493
12966
1368
28245
23953
26870
29802
24147
31801
20055
22651
27843
15173
865
20243
792
22569
8777
20962
7000
28582
29784
26206
16683
19092
7067
28846
10546
26592
1243
11719
21145
26577
13775
6357
26352
15503
19345
16348
19510
17381
15695
19359
7479
11846
14147
16065
31769
22286
8677
12330
29489
29195
10591
1196
22555
12860
22849
27622
25865
19928
8310
9321
31835
914
20855
19226
19056
1308
29374
14808
14780
27370
29566
14686
27931
5432
6289
2666
13413
7758
13745
2591
12099
16899
1772
30119
4673
24192
15954
4382
16932
29254
6641
13739
14717
15219
5635
2800
27774
23616
3941
28581
7949
10447
27211
21887
24855
548
4403
5207
9511
25201
24599
30856
9527
32406
20455
4249
2502
8424
30262
32284
1834
8497
11572
19925
25896
7673
30684
6943
9410
23300
30318
652
14416
26908
32544
10188
466
31505
12048
21200
2949
3069
1918
26670
11956
15052
27448
16584
7377
32508
4181
9385
32452
6818
14886
27951
7811
28078
20330
4719
20195
3695
8385
10197
1454
19290
29540
3083
23541
31239
9234
20508
26791
14204
30286
6618
10595
32174
25543
1405
28043
12869
24
19084
30618
4768
17585
10241
18615
8473
22805
23464
19082
30602
11079
10440
19278
8976
27774
12805
39
27918
17952
10885
438
13685
23278
8786
30443
16963
26748
29183
25115
10314
7397
2447
17491
12595
29884
9874
2795
25282
13638
13713
31582
2908
22246
25260
4441
30662
29656
7554
785
13871
3874
5201
24538
2673
18376
27230
31990
30612
19520
11672
9386
659
8741
20344
15255
4707
5680
9515
20552
4402
26723
13043
18696
13037
2183
18123
9206
1284
30425
9802
32091
11121
7425
21449
20538
28407
13123
11976
9513
167
1529
29582
9056
5801
12097
24080
14352
17977
6387
29716
18422
16112
23254
14998
7983
19269
18707
23147
4942
14931
18153
30756
2988
5853
12707
17205
25599
20367
30663
87
23854
13446
12433
4906
4196
28179
18335
19231
6244
20668
4334
30613
25884
12932
22789
1858
28028
9581
17776
14037
13192
15162
6512
4825
20140
13945
13041
20701
28752
19649
21436
17362
5805
24121
2798
28596
25055
18009
21161
109
16187
10741
13833
10230
24290
26231
4954
10175
10134
1644
20104
2385
7373
24386
2006
18994
27396
15439
10963
32520
3670
15126
27019
12802
18253
15558
30714
116
20984
4356
7110
15297
4926
15850
25645
4478
12401
2384
7739
32468
17703
10058
22849
4902
11077
12785
3972
17908
2396
20071
18226
25600
6969
8981
16282
22447
26807
823
32411
20657
24280
29595
21085
3812
32532
27813
6976
21622
6385
32151
29202
17227
16852
13583
32389
10654
32535
29394
4576
490
22107
1735
23028
10763
14368
16711
16466
5536
30867
22676
18875
32693
19110
18342
2520
24479
29030
2606
32555
9510
7050
22997
27462
32746
7495
20676
31547
13823
31852
5482
21587
19931
682
29561
22787
3954
18995
1586
14875
8351
30856
22499
10305
16582
7051
6830
14750
26552
23772
24203
22487
19414
32610
26768
19007
4986
23336
3953
12363
13714
19307
16707
70
19854
17137
5765
24133
26237
31388
5728
24414
370
28222
4142
3349
23341
7087
11834
15639
13559
14365
9670
4395
9422
20388
10323
13157
12482
798
31260
8860
14751
22589
20964
8991
30924
20439
26097
10148
5491
13952
19033
18049
5346
25438
1148
3871
10802
22841
30674
21419
10534
32210
4071
15118
8277
23414
19363
12064
24204
8402
3535
31512
26478
21257
22229
11848
7005
26116
19399
5895
5790
12042
11939
27118
2999
26000
11222
26951
7452
9810
8446
8386
31243
11426
16628
2410
17077
13824
14602
10712
30622
17388
15249
1702
30790
12280
5023
30503
21769
17953
9743
12885
30788
22879
968
10251
27321
1659
28995
31349
14133
6433
1863
11204
12656
18230
20727
21542
9268
13931
2831
29685
10945
19
26731
13870
14705
10034
32713
14118
6552
13526
18127
9080
23726
28330
15952
17218
2736
23496
13259
17809
4035
3023
15412
24601
11547
21557
19447
5930
28955
30687
4155
16863
31421
27887
28003
7833
3125
13534
18139
2987
12497
31434
29713
14423
31268
27665
1729
25082
6243
32542
18038
29059
21007
7299
1358
3369
7892
24136
12797
29278
27058
22915
19220
11262
15962
9769
6020
30925
26075
6436
18525
30240
13949
25766
26588
25306
6893
4796
14757
3738
5275
3622
28749
18739
15713
11622
23579
26205
3173
29719
30480
10666
25152
32384
29220
11963
8288
19305
10195
8627
20394
22573
6104
23532
6756
17169
20537
14569
7507
26580
26499
14220
21536
10888
27735
15241
9473
25760
28197
795
20373
10313
824
9462
17167
19966
28659
10876
8086
86
21338
6707
26348
14881
31956
1655
8270
27316
20270
29804
29596
13441
21732
12087
32698
31211
27036
23406
28726
11352
7412
24268
5675
4487
12925
28714
2149
29476
25351
25514
3781
27801
17184
1846
23783
19240
29399
9001
24579
13366
31430
29515
9233
1514
31311
11267
5169
9719
2853
24520
6729
12982
32270
22745
25072
19064
21736
15150
17035
23834
7658
686
5301
15322
5165
12706
30437
23400
10603
17258
17738
31809
23814
14190
18682
11576
1100
18520
25164
23637
26617
9089
12930
27107
23293
13480
2220
29125
11904
23018
5577
16137
10020
5102
11310
7616
22410
1633
3628
32524
1047
23714
4077
9082
29688
26302
4255
16274
21347
670
3796
20141
2848
9599
23593
2055
12617
6563
13350
10773
30542
17478
14950
4121
14651
2004
9208
17907
4670
5721
4100
3642
6756
18489
21426
3723
12707
19233
15687
5665
31773
15677
4754
12966
29603
2220
20102
1865
12920
4913
25128
6673
23384
5675
31916
2929
17081
12999
7898
27676
15697
5748
32183
9498
14296
17303
30818
9756
31759
21120
9532
19981
18177
16029
14923
16873
5257
5102
21729
9682
17428
4281
25720
27745
31400
3967
15585
12346
26150
19758
5022
19427
17868
24472
27788
9174
23549
28708
14789
22228
11589
3780
12996
18557
12440
12583
9930
14878
21722
12847
20097
26058
32677
26021
24799
20396
26950
5164
28494
16795
31240
29555
19722
9455
3254
28335
1482
11923
14939
21321
10146
4444
4940
13779
25640
10905
26984
9025
19670
23788
3999
29270
11951
3416
12977
18780
20773
30362
12088
11288
7227
18109
2281
9725
27111
15081
26391
25760
1722
11644
14968
22124
9666
19035
28716
8599
19376
23947
22011
1876
30006
28667
5087
1867
31923
9892
24258
22342
786
6100
18568
813
24559
2759
20816
18740
23804
21880
7671
1619
16548
19638
30686
18167
27630
31354
31214
20471
4003
3704
3801
13257
15539
15604
9378
18422
21461
32727
14687
3787
6254
28162
9534
26961
27316
7394
17862
9600
27923
16453
28255
15536
6352
31852
16917
22096
1516
7777
23193
25306
27211
11915
24712
25350
5141
4479
30960
12095
25437
11033
11281
21331
1792
14284
10592
21102
208
20534
3282
26441
13554
19191
2390
5279
2181
28868
7331
6625
21380
14007
12341
8234
10734
29417
19346
13173
16420
16195
15314
23566
28306
32401
21598
27718
6289
14296
11512
22123
31372
15338
252
7927
9058
18743
5093
16136
7436
8678
16146
2832
2176
18469
3275
29134
12501
21693
1151
10109
22951
7145
3151
4427
19645
5224
977
1292
27369
13521
31757
12592
17456
15143
12492
16626
31531
4781
10003
4307
30637
19451
5354
1863
11431
23378
30305
26030
30024
4397
29653
9605
19816
280
32112
13790
26918
19141
16367
11533
28624
31069
22184
17061
24068
27924
24267
9635
21269
768
20456
744
19888
28459
15793
20461
7104
31975
26370
11698
398
10593
13854
30711
23597
19577
5692
21679
17173
17361
16962
22450
27918
21540
28880
3762
23632
13530
384
2416
5608
31193
3948
12847
26717
20381
3313
2665
1428
15755
19635
8130
29681
25218
7137
19770
6847
24500
20923
7334
28114
26036
30801
23649
31850
6095
29325
15679
26459
14752
17267
3266
619
23263
23208
24465
9468
30074
2609
16421
28139
12775
2430
13766
32439
17848
10663
14262
29158
8304
7925
24748
4260
23189
932
30339
2990
6918
30695
6708
15214
26255
813
13314
11111
3515
6819
28660
29908
11497
28922
24200
11404
29346
29546
3494
26665
8234
6135
11731
7785
30805
24819
6055
26325
4252
14788
17793
23712
14448
4327
5497
10449
27343
21301
26518
30629
32276
11365
27714
23854
1555
12499
14074
27969
7269
21631
26954
2703
769
21337
2553
12562
21772
28348
23681
16299
14835
9272
19649
1289
20150
16788
17142
5068
14727
31251
29672
8682
7059
24823
353
30546
21792
27972
32483
12240
20440
27334
11930
21553
17252
31829
2704
3751
10301
4952
28192
32367
19647
136
29613
28336
16512
503
23188
29863
2527
29264
2398
14593
23008
32096
59
28808
12855
32213
20396
18434
12706
26694
26495
18262
31356
26484
20992
28657
26512
3536
12142
6760
811
16445
1452
22367
29813
15894
14393
22441
22272
27251
15458
8113
12450
15016
23990
2584
31104
28175
9915
23967
27244
29448
16863
31304
1393
7485
26289
25016
3243
4395
10065
7904
23388
2270
12837
20700
21821
22011
23502
23835
24594
17668
1371
3265
7041
17880
12988
6473
19236
32121
25977
27759
9949
9490
4004
5965
1386
23097
13068
17604
5433
17521
179
11037
6013
13299
3202
16624
20865
7598
26940
14661
10300
6284
16561
2810
6695
16375
15412
1893
2891
8092
20814
17465
6046
3182
18100
23726
24463
3822
1399
19932
736
17066
2683
29288
15796
20228
3114
24931
23529
23861
10345
13423
30375
12178
11979
31012
12345
15885
23301
20914
25116
31742
5027
2247
29014
11044
249
7347
15625
24550
4187
1482
23368
6879
14225
15369
6185
7066
3205
16381
27420
20634
1343
10977
22139
2206
29715
2567
25954
18723
5145
2425
15296
28201
14814
12767
27822
30522
31833
15779
2816
9641
27169
18772
10266
20504
7901
25416
13574
3900
19707
16006
31171
10213
4005
3298
5855
22072
6384
17514
17736
24127
4183
21505
18527
1445
13673
2890
17998
23226
6846
14792
31387
27837
3375
18755
30462
22875
31558
22381
26224
21363
28916
4805
1669
1820
31618
24252
19195
32489
2506
790
24467
28268
7335
27284
31775
1528
23466
13520
16093
13227
25103
8040
259
30124
22511
2654
22939
8626
11191
7103
17041
17862
32728
18051
5131
1609
8384
14517
18936
7480
5898
29908
18412
24239
10737
6776
3883
26284
26123
8760
6916
21526
31796
4300
22368
13566
3271
25967
26010
2084
13077
18311
9105
30653
25871
14216
10492
12659
31558
18198
12030
32686
29974
7274
5627
2066
19741
17654
32169
21321
29170
6988
9066
514
14100
17468
31449
21305
21025
1852
13474
24505
14409
1550
10136
12000
28673
6044
20481
2211
11004
18983
22836
10449
15447
20640
25959
14236
16148
24406
1986
11093
201
15314
9400
30583
1177
1023
11414
11495
12900
28815
25692
28538
1595
5785
12493
25784
21527
27783
6082
32736
29642
5679
27587
20268
26933
15424
21976
11861
23740
29408
12701
602
30711
29587
28565
25214
31402
11871
29120
21135
7160
30254
5744
29294
3027
19571
25944
18124
10423
4112
4838
32562
15768
4984
19923
23876
23577
24080
2808
8518
9982
7388
17251
8159
8420
1623
22698
25885
21295
13730
4991
2234
24901
16609
28805
6046
23546
3811
12130
13988
26954
12289
22550
25249
5198
15944
10891
29091
22889
2266
11372
14710
17091
3729
18747
32621
10488
3046
14494
5470
27665
8209
7930
18415
14515
19826
7235
528
11670
22832
15635
18889
30009
20000
505
31286
10196
9960
28947
24272
2447
25444
26079
5101
30961
3400
4942
20619
8603
28679
27674
32073
18230
2036
25946
15542
15530
27815
18260
18638
23440
15011
146
18882
4075
16438
12088
2552
19474
29088
21652
11091
30961
26743
26359
16820
13937
29257
13763
30401
53
29316
21446
6885
2695
7059
31686
18327
27538
17226
9053
30432
25809
22148
12296
13335
24775
12298
634
18928
30961
22199
19510
4533
6137
26330
25436
18386
3116
10972
2243
2455
7726
10019
21577
24634
32748
7477
15207
32027
10195
18977
26121
2892
27712
25627
17820
14929
29495
7014
8808
26148
19031
8823
4896
125
15117
343
4791
8015
12041
14409
10358
21654
14574
30125
22092
13136
5454
25380
16741
9673
14293
19957
18685
31004
14532
11951
32631
16887
13985
21520
14761
32414
45
13606
10363
6707
6807
11956
12464
13620
30703
12247
29955
22341
29149
6633
18038
28208
23699
22438
28391
15914
17920
28557
2532
10072
13639
5513
24512
25745
32367
32721
30438
10086
32348
781
20334
13663
21246
14778
31982
27272
25544
15055
4755
17708
20068
9121
5488
24289
2981
30980
26901
30404
24765
9139
27236
28934
28848
3058
11424
28584
520
6257
3271
26754
19659
5236
3874
23690
25770
16689
15130
5203
4987
5753
26957
1492
14313
30363
14305
18283
31850
22918
6424
13346
31346
13101
12325
9520
7655
6448
28735
25795
23764
27576
12787
15868
5985
1442
12990
20027
13315
14305
13019
31646
19440
5149
9562
13508
31702
19104
9842
24023
11468
8051
11288
3785
27017
15044
9424
1757
5075
22667
30916
31082
3643
7022
8467
6108
11784
1761
18795
31995
2417
25745
12250
23920
30223
6403
14049
8580
19345
11128
24011
19500
16050
1301
4924
21315
26728
11072
5645
19734
19806
31053
22615
5925
31141
7514
6350
23080
1191
23671
9809
3921
4444
25099
447
27345
7872
7795
21003
20381
15492
30955
24211
12402
30723
22706
941
534
5497
18793
21891
8930
26991
16060
25890
23421
26234
15173
23501
23786
13093
24237
24727
24517
23596
7957
31793
18633
30443
12724
28416
30358
18453
26305
11634
7345
17065
31891
30355
20429
29474
11783
14555
10057
10991
34
14666
6137
34
4855
12472
27689
30060
31179
21350
31967
24137
24184
30424
4193
21368
29711
18919
503
19374
31937
21266
5874
11403
26368
10517
9453
26573
17889
6589
27987
30916
10437
13050
21026
22022
5688
25142
18414
11107
11801
7653
10536
28699
14076
19805
20128
11599
6860
25320
4425
2230
5813
23576
6460
26513
8768
7259
7680
15841
20928
21967
31753
24023
14318
29784
17278
23436
2768
16111
9280
22770
4063
9021
23335
19979
4968
24424
1167
8536
28467
32301
30739
9365
25699
22831
4504
18851
19613
5518
2958
9158
26220
20156
20082
2320
16612
25484
22935
26653
2694
6540
10535
9729
18276
2709
15716
6271
12934
4256
10036
28796
20107
9179
15837
10418
27027
24317
25101
19625
6237
7638
29213
11235
27821
27178
21398
19799
27377
10943
13813
14114
803
18613
29355
24184
4337
16150
11880
21472
10012
18606
8089
32673
10782
8221
7728
631
32271
1578
24739
3723
19401
602
2615
19618
8523
4546
28286
8597
29019
14361
11806
26625
13936
10001
4309
29247
15566
28647
16570
26775
22515
29497
19142
22448
1842
793
2194
843
19870
27487
22370
20785
16681
21571
16483
24682
5389
13099
30257
8368
9067
15809
19356
32292
14898
4937
1964
30015
12099
4146
15075
8970
32723
32746
31169
9618
32528
8439
8334
24726
22535
12100
1107
31364
26309
26808
13610
9636
11452
16397
13751
2450
25705
12768
19447
24817
30772
28676
20280
8030
24728
22300
5993
13219
11651
25193
29076
14893
16128
4576
15785
13249
28947
30336
6525
5226
16100
22754
15634
16054
8480
11794
27673
16161
11165
20125
8373
23506
11837
9195
21378
19589
23828
16335
1238
11977
17357
4701
27463
2667
2121
12796
27501
31282
16522
27068
15593
19660
24528
489
24741
12809
32513
30432
19550
18503
1102
4641
28512
7726
28180
6566
29841
31901
17664
2419
26033
3299
31095
2927
5088
12083
12341
8562
26977
5458
16948
13727
2205
30099
29647
1268
23659
27141
10023
6175
32142
20459
3526
16019
4479
15212
7554
16348
1646
21388
19620
14127
20611
10843
22858
19782
3177
25964
8202
17515
11021
19081
17880
2770
2723
1189
14634
18219
8427
13586
20058
4984
6834
9461
31563
23068
5275
10998
30287
2357
20767
6460
15432
4140
4051
18328
16910
23435
27113
3584
21777
17166
22522
17216
28480
7676
17667
5100
553
29111
21165
17817
32097
28306
13009
14924
5158
12004
14907
18483
1603
27739
4270
14739
28724
8082
8745
2306
26251
15845
13673
11734
24722
2436
19375
3293
13874
10182
11715
24911
13587
29120
19001
12800
4357
13079
18675
9946
13215
19218
30695
21131
12069
25587
29986
17531
22703
13448
14861
30465
19848
32765
27632
28118
26581
18420
5556
6346
26231
25815
12013
20149
19506
30829
5144
29873
14862
28332
21536
9606
18685
207
30504
28006
9919
28328
8836
28123
31235
25142
15880
32253
20943
12666
32390
6888
9249
29319
31122
15469
8151
5593
9864
25096
21964
31463
28881
27666
32068
13051
16225
5432
22410
26178
5508
8236
30423
3871
12507
3482
27766
32709
18593
28254
8742
26117
21043
9716
25280
16740
28368
12592
22041
32625
26269
17711
29738
12886
21740
23181
13166
5548
27069
30936
30348
21908
25733
22085
32054
19459
11311
8098
23633
10333
10337
31884
16726
13638
16384
9186
1272
12469
8438
5242
20743
27209
13619
17938
23956
7137
26865
26249
2390
12391
9789
30543
20812
27884
10675
24346
27556
12282
5257
17370
2524
15141
24527
16624
1575
15076
5364
19866
18
159
28557
26546
11367
8969
19538
22169
23633
30896
2409
6766
32706
8403
15336
23427
10002
3699
24213
28177
18409
18860
24048
15914
18782
23366
9587
14320
7008
5768
4632
5
23893
13644
28188
4162
22530
31321
23042
3244
20139
19948
18140
25763
27515
2200
26054
5213
19238
24656
12467
6803
27596
11203
28780
30330
801
28648
25557
16885
32715
27609
27762
15369
14859
5860
25643
22417
6048
17631
76
8755
9960
25789
26064
6034
30025
3423
21215
13509
9423
19628
405
24585
1302
27876
10245
30898
13163
9265
14718
9064
1582
25216
19725
9871
18298
12686
19778
27399
777
23366
21815
29974
27473
19018
24271
27042
6643
22736
9788
29604
12118
431
26308
7641
5519
10169
21700
29883
27269
26444
30965
1199
21842
9764
20718
2176
19180
21875
22762
23564
1540
6708
25292
1853
13870
20412
24160
30011
10819
6290
30436
11232
31235
29056
10695
5997
29439
31466
15024
15995
19639
27743
10434
29236
26623
26222
2335
20162
7591
5819
27306
8200
24666
25170
10002
32400
13767
2618
17676
14533
19199
32334
20447
23651
10270
21064
18470
29739
18222
2335
4561
19931
4680
10899
878
23645
3324
22277
31399
2623
11508
19853
6667
4195
9683
6215
5137
9464
11363
21229
10073
5800
29936
16299
12342
10259
28911
7726
29546
16253
4068
30975
1584
16067
1922
23823
30592
6036
26387
12179
7822
28637
31258
5649
12948
27269
15927
9403
4049
26715
28748
18173
19921
21837
29918
5714
2800
21978
8126
4955
4378
26826
7912
30002
14292
20764
3243
764
10112
23616
27914
11197
25052
22662
6755
20593
13261
20439
25934
29784
29787
23203
27592
18321
13564
7962
27537
16362
18197
20639
5074
13303
15038
17273
6659
11361
15046
26828
5644
24449
27126
18120
27050
2861
9626
16673
14101
8402
20798
17855
10976
30659
4022
12726
7456
31185
3425
632
19920
32284
16302
10058
16500
17961
15838
1780
31485
20788
5900
3517
11245
31175
18795
22422
31675
4491
16080
19094
3449
28511
29296
13734
29364
9127
9194
18302
5788
18150
15240
29136
25700
5776
17345
3266
11500
21529
7171
20130
3998
6738
18608
27605
27286
7413
1127
29457
5637
1662
30340
14797
28375
26685
13034
27893
29843
28842
26368
6625
32387
23544
22521
17288
19478
21229
5721
22513
29826
11248
2740
6635
31149
16996
16313
21246
590
22580
3440
24993
32591
13743
2496
30637
16503
31639
25140
7442
15429
23412
767
19145
3871
10798
12093
12810
30124
219
28283
958
18046
24534
29562
19511
12020
2065
24624
14111
14174
32428
2832
20398
21091
28358
10635
4384
31648
23955
983
23399
10642
25774
5615
8221
5814
26289
16859
23484
9710
29188
30513
12049
26151
17906
29660
11502
31033
11778
540
12320
25102
10116
22478
19872
32263
1386
31470
14094
11675
1625
20314
8538
28738
4352
12760
965
30609
2729
17499
17160
30118
31757
20354
7378
10950
30829
23906
26488
30277
31454
29061
31208
28326
11749
562
20448
17668
20803
5871
15965
30641
12818
12357
19541
6172
26897
23747
936
10232
21309
8006
20053
20890
30881
2679
13289
32675
21870
13716
2878
6112
14670
28276
29793
23918
12534
19653
11988
15906
11770
2713
8182
3879
24806
17953
7615
31977
31114
4279
20912
12850
16789
28450
18442
31379
17766
12054
32575
25606
32542
13819
2982
9169
14330
11503
9074
17070
5088
11790
9957
21544
31543
22257
30913
15688
22268
25716
15104
20081
21266
15293
17348
13449
6874
1146
24209
1369
17412
14441
11706
27447
23461
19486
16409
13282
18825
21761
12035
18093
32202
20630
22651
17888
7329
28929
2470
24411
7293
4809
11648
4220
2642
16348
21452
24899
26676
25555
9297
23220
23076
5496
4675
15485
5418
6533
25600
13785
17572
687
25341
9652
23005
4835
18431
9744
31201
16848
14222
26279
32144
3237
25254
6866
14322
29468
8113
32425
30410
17847
4018
14188
29038
10569
9155
4898
6613
29625
5825
27519
1010
17923
12102
12299
22336
1919
24023
23425
32415
9830
2911
22645
2654
16786
11228
6458
30873
8069
26969
26371
22469
5805
31516
11336
30601
19175
32032
15980
7119
25665
23494
27292
26140
8964
10183
18938
26908
29938
26221
8443
6786
28620
12803
19981
5903
21783
16010
2942
27887
800
5805
2201
24652
30526
9463
7698
24094
17751
23876
8612
4416
10405
6773
7416
19913
4538
1128
27593
18073
21954
4648
1350
16690
25353
31840
29879
15306
7869
13334
17764
14750
20468
12693
26034
10632
15344
12203
17808
6868
22434
10005
13329
13392
12910
7736
16474
8610
32302
8466
8639
27358
22649
30063
27433
27224
14629
24416
3515
21687
10762
2537
28341
1867
11273
26618
5272
4257
27982
8608
12171
10068
13521
24957
253
805
10019
5750
26252
19534
18535
32171
3109
5396
24478
2220
2413
4508
7977
29674
28256
511
13960
8555
824
672
12648
3010
16273
14014
18397
25919
15562
325
1004
14179
10158
16362
24652
5782
30036
15478
17517
15900
24387
18530
442
10310
27354
13989
13852
30437
32752
10186
14271
16388
21175
23621
28184
4823
9446
263
15399
18670
8727
10832
24569
30638
23405
28869
27506
5634
9851
25794
14921
10830
25441
19441
2388
5285
28216
23836
4870
18747
16305
28223
21814
3869
248
18658
25633
5919
5855
6309
28339
32534
26680
10269
22530
5448
25474
24542
2588
28705
1993
15321
26114
11816
29895
10985
29940
29233
17999
3240
16111
28627
16108
16775
27253
7196
1477
286
2444
22148
31683
27328
14345
7712
27638
1107
28430
10008
6965
7006
12754
25691
31493
15460
30624
22929
957
13425
30499
18770
31207
20722
14048
5013
8936
20937
1796
22635
11492
16801
18528
13037
19932
10367
9394
8306
24089
19610
7206
26630
29134
30061
3100
5656
13817
25866
4908
24691
5258
31665
30311
1648
25543
14753
27616
361
9455
4910
28268
6512
5661
19220
32421
12865
7024
18187
30005
25718
17257
4764
19025
14074
27284
1074
30339
3264
17003
14452
20653
6837
16247
22482
3403
31219
12984
23134
17144
10807
4679
15838
6196
6293
13626
25119
32356
32362
1736
32652
7706
11411
29870
27646
22679
5852
7376
8662
654
13243
32292
15690
15403
1087
12492
25596
2644
22595
27010
19153
5423
8935
19513
19968
12260
29505
20993
20329
3492
25935
17964
20265
18410
7984
7855
29291
6656
11924
13259
27776
30150
23154
6892
32307
21935
15609
10449
32598
28684
14792
24301
9889
12173
9313
18445
957
5380
10971
2108
24475
26221
22744
9187
30474
20268
18103
16949
17289
21909
18699
28362
18009
18865
13387
7818
2519
4415
2251
31693
19721
29946
6890
15809
3447
21274
2957
3851
25404
23325
9421
18353
25436
14023
28397
32311
31832
17512
4495
13320
256
18013
21799
8472
21897
11225
22703
25288
29407
22246
20381
4618
13372
934
23570
1221
8954
13535
22868
15995
13478
18870
10878
21545
12117
8379
24950
18286
10299
27686
21024
7408
20601
7008
26065
12796
1079
32198
17159
5484
20467
681
7511
26574
24600
15001
16806
1730
3795
32227
12956
1956
1058
23640
26966
17771
7214
14928
3675
1489
2010
16111
16082
31157
23452
30631
12786
7357
140
21758
21177
14399
15290
25746
8673
3426
16325
27738
29712
27264
31913
19246
24655
12239
8665
17034
29373
1857
1678
3471
30596
21416
27742
26954
29197
6942
20496
29241
5232
28836
15535
31499
19247
8457
21725
16552
12579
9998
1642
8049
32694
10951
7205
11721
20307
4164
8690
24532
15387
22897
20253
6270
17114
24379
27374
19392
27193
9716
24446
5663
3125
20729
28360
28021
21455
31122
15875
20211
17157
27929
11056
3687
21762
5727
8431
10939
4242
5707
23702
19390
7896
20420
23172
19752
14915
27345
23731
31448
2494
4863
16269
25183
15399
29956
4353
24002
30723
16289
7637
15228
29552
11213
26942
10179
18522
20495
17070
15116
22770
17196
28141
20945
22620
20994
4459
4498
19368
19636
24277
16154
5892
12039
10726
18947
27440
10252
24960
12668
10034
17664
7931
9802
586
17264
16317
3597
4648
20128
15626
19397
349
11310
13854
29076
2576
7155
24697
16326
2290
28458
21115
5390
15476
6868
23600
13330
1079
18779
25197
554
13507
12149
28700
9061
21373
10315
29140
6094
20179
23771
20397
15853
1722
31386
22866
24208
14682
15710
14423
9675
10247
20604
23757
11581
2164
19245
6164
31637
5667
19511
23025
7509
22560
30921
17376
15062
28399
25254
1708
20364
32451
6533
15932
26252
2545
27576
16304
75
20387
6669
3501
1449
721
754
26356
27694
28013
2268
9018
28563
21470
14313
21044
1156
11440
28356
20721
26788
138
3785
18796
29650
1632
30569
20578
3755
20457
20688
5473
29263
6740
27078
22818
5480
5943
11475
7704
27241
16840
28839
18249
21268
5199
10168
6493
27967
12763
13101
20980
7383
22580
23803
18749
30501
11794
15694
20933
29520
16780
3882
19084
1060
19155
14418
5982
32529
1824
2153
29536
29815
16363
29527
20970
23841
21086
19182
16788
16655
19209
15310
1428
15224
27095
4485
22855
15
8769
1531
4621
17798
27585
8206
4954
14672
30346
25977
18698
24748
6262
25594
7157
2783
1600
21940
5316
14528
11507
25810
8451
7546
16290
21101
11895
7310
19802
1199
4273
26903
29525
16441
25827
10834
32624
4291
26611
18781
5855
9474
29390
19519
13600
8655
4351
25129
5933
12421
25984
1276
26358
19627
20943
21514
15118
5331
4933
3105
16037
8897
19108
16582
5558
11984
8687
15038
20865
658
1150
8147
2364
32439
7505
18388
27398
14384
4005
25310
22812
28820
7621
21722
26447
28098
12835
27207
19638
29896
32423
19002
7584
27651
9799
18850
25036
26760
9432
977
23261
10947
26915
23608
3848
20062
21820
19826
27664
12644
6415
10629
5748
22183
6972
12132
14567
18271
25637
6584
26624
14355
16196
2783
28211
29885
1731
31285
5120
22569
19782
1683
14442
21150
23052
21014
19883
17344
11062
19234
3622
11189
29286
1702
32157
30599
16268
4001
2724
27849
19965
20453
25685
30846
10182
30235
22598
25910
4927
32007
19640
15482
32483
14349
11025
22378
24414
2292
20109
25253
13288
8939
19248
22889
9426
32457
8447
15356
28766
25753
12143
1354
6612
11862
32030
9167
3794
10227
10177
31159
14052
12446
4189
10308
8532
326
6075
10865
17732
15451
32534
725
2041
10965
16662
201
32122
19063
30466
24781
5978
4437
7729
19496
13778
2708
20929
31695
20243
12401
19596
648
8409
10116
18264
591
8260
16198
1870
20729
7140
23506
12462
20503
17426
11496
12736
31773
3463
22071
23054
30404
8743
27868
29136
4268
21534
28198
26024
5702
18222
5020
23183
25585
17479
10305
15887
1379
27481
17174
9908
25675
14182
2785
6333
18996
2267
26413
790
14765
10784
17042
2187
25255
622
16950
26934
13854
27361
5780
8249
23804
22990
18812
2483
5690
22614
11611
9452
16456
30267
20925
18131
4527
12275
8464
20651
17653
31483
2987
16129
15296
27758
25615
9441
23871
11734
20588
26441
13254
13378
30055
19678
3512
28057
15898
13790
9642
22573
25948
4182
5573
14483
9283
23701
6764
25011
10728
21984
26655
17179
16490
4967
6304
12697
17206
13688
29524
7688
19077
29427
5355
11882
12326
6910
14916
27959
20861
24313
12938
757
13004
30901
15524
11785
26545
224
21452
27853
25840
2500
12157
3554
8051
21042
31379
6856
7311
9400
1454
20651
22409
14106
30935
7040
8281
7680
18534
18257
22445
10477
28962
23509
11313
14960
16299
22084
15630
28830
10005
13673
17840
12735
27350
3065
14029
29000
8162
3363
24739
16650
18708
18280
4737
680
4816
429
21384
19790
29159
28303
6323
23456
10682
10742
7189
5617
32163
13549
14690
3254
4496
25521
29617
30522
15857
29191
2176
2707
23253
12755
13305
15572
17999
2023
2676
18564
10783
11033
2876
1103
17550
22936
20630
25340
14490
30848
255
12191
10579
20907
26038
23056
9349
25547
19066
26523
8343
30901
2709
23545
4531
30208
28441
11903
23080
7119
17002
8086
6668
9707
15612
619
8741
789
12126
20200
3594
5786
3448
4066
18821
14375
16145
404
1340
26079
22932
29772
24208
23723
10003
18276
16070
2769
7820
4212
13668
4297
12651
17094
20958
17484
4689
27402
16498
27053
22804
21323
11857
5996
10247
8994
14591
30729
13947
20522
27900
24086
25733
29363
6052
24208
15362
21179
28756
25967
729
16666
23758
30844
17024
4348
21727
7267
26818
17812
10559
4105
26047
18447
12728
21023
27444
14791
9866
9464
12540
14010
10511
1175
25303
7226
16283
17165
7019
10214
18598
16130
4232
728
10541
26769
21680
3360
14933
2137
20951
32113
14930
31952
24935
10523
17543
25051
9607
2105
5358
22172
1949
18988
6843
21899
17
3656
7740
21193
2901
5324
32260
5297
28706
31768
18248
31407
15108
24090
11657
9813
4888
25098
9587
15019
19476
5719
9990
9671
22921
9953
23283
10398
1893
17256
14153
4378
7100
19012
20304
23149
17864
2903
23221
10148
32302
14145
14312
19583
15490
20178
28099
22656
9742
9925
28780
22594
6607
21419
11644
16652
15809
4645
9057
15014
29021
32598
2049
15211
18783
13720
17055
10912
30924
8558
15619
32004
19252
8891
20437
32680
5172
20017
20043
17665
14400
25355
29956
26684
12959
18687
16435
6865
15543
10862
27903
12379
31371
32479
10794
7335
20610
6571
15345
6155
18026
4345
5940
24057
7100
4333
14295
14803
28962
28445
13928
22017
11062
4677
24834
322
29325
571
23409
24127
29940
13349
2710
12646
19449
26345
20237
16629
11438
9189
21262
31573
17577
14305
28561
22442
26703
14401
27830
9384
30291
26751
8547
14760
5241
5081
13871
15867
10656
12103
3967
31358
14591
22448
8942
26990
687
93
15347
30846
3433
26030
29630
12583
32146
6156
24674
15168
23924
13086
16185
28110
15055
5440
7812
25117
15760
11057
19027
15632
7136
9227
165
8885
3936
8569
12495
2076
12211
14372
18978
22378
22078
21614
24008
6697
28459
22371
6127
7650
23476
32748
21546
18158
18846
29766
20755
1417
9219
32691
18230
8488
341
22640
26410
19981
12960
486
769
16664
22543
7972
26339
13792
7858
18829
9461
6914
2942
16334
22655
22713
30614
276
9295
26031
8649
10363
28760
7699
31067
7369
10911
4332
1544
26716
3928
14253
4422
19809
15435
19465
29899
27207
4989
12296
12879
627
12557
7259
14483
16182
30812
2285
31138
31996
31856
954
13910
30918
18331
27108
8991
29146
18007
14083
18944
5048
22901
24253
19930
15441
21367
25752
29421
29300
25914
9739
4252
8329
15832
2779
20592
26497
25036
4005
24160
7693
32087
24246
28240
20494
13859
27427
15063
21069
16423
16919
24901
15981
14794
1639
16101
27422
4939
19052
13183
13459
1376
15377
27937
10549
23325
22315
8479
28313
4888
4617
22105
29359
7115
14412
9404
15677
12089
26617
3596
30092
4565
25805
21472
28770
14495
13777
28398
23087
6800
16686
2952
20875
12600
23105
12135
1504
27814
30194
27816
11876
7816
31042
17940
27979
8339
22052
10404
29498
14885
27278
7748
30462
2345
21967
7640
21886
29244
14371
7293
28142
23565
4229
17425
3654
14858
11460
29429
1011
10809
24537
26897
9420
10851
29304
17945
25671
10360
485
15631
18669
29231
16649
8458
22027
18413
20421
12085
15787
5864
7302
14874
28354
7820
1050
6689
21419
1310
9154
1875
21716
8095
4488
16484
29624
28915
28370
8945
4621
9282
2360
6406
14654
1695
32147
32739
30235
17383
4438
27648
7376
27372
13858
28238
2323
31955
27540
16064
11938
3003
29538
28682
3565
11424
2982
4265
24847
16510
9081
23843
5379
22713
15812
26512
25365
15036
30291
22617
7830
18144
23851
11328
2772
18064
7198
5024
19786
26028
6812
22262
20499
23338
5068
25761
10405
1283
21211
27622
22203
31565
2453
10551
28563
24228
30002
18357
2394
26063
17778
31731
31461
28321
31212
15357
17313
5660
10658
14489
12237
7133
26842
31692
3302
5300
16681
20640
611
12434
28625
22565
25251
6056
24141
28598
2084
8909
2345
19581
4853
29472
18711
28730
6766
11503
12864
23359
10014
23000
32216
8127
2309
13870
12789
14921
24067
28063
31649
21392
23697
2835
28461
20333
13999
8150
8905
19751
10525
26106
22354
31985
2766
25079
9067
28340
28826
18325
21711
15887
14643
9740
31718
16285
5466
8041
21910
4982
24659
12083
1883
16632
23702
17487
24986
16327
10439
12833
7218
4626
232
15604
16725
21528
8142
17820
14998
25835
21713
22617
13378
3188
8648
8959
19188
17080
30005
5716
14180
31833
21692
14010
27776
8288
3034
24590
23486
2873
13011
207
21424
17151
8684
4227
11481
16635
9435
17750
14527
29799
636
19717
10049
25207
11461
3322
22059
1946
11516
11705
16136
24061
8231
30074
30519
11600
22469
13847
30273
1998
29371
21033
5738
6263
657
7534
902
9888
4318
7279
3086
29358
6401
26463
2163
20511
18962
13381
19634
8394
9497
19550
22569
5479
19325
28860
14249
22353
4543
29236
19916
32651
10855
119
30089
32513
32063
29823
13061
23569
32448
6701
26284
26954
7114
15664
13953
22900
3480
32040
8626
21712
10738
11531
29296
29601
932
16840
509
16874
28464
5163
775
12410
16320
31233
17972
5926
20574
31356
11518
11350
11623
8665
16065
5571
29245
14399
5138
30334
12093
24555
3155
7733
27633
24202
388
15794
6534
5606
28252
17572
2432
28613
15001
19618
15532
16654
8596
13677
7766
26670
26392
22133
32701
10938
20084
27039
26564
5718
1999
4934
2794
26837
1980
11136
32636
17314
32015
11426
522
11870
22766
27398
24087
11466
7467
31243
20244
27624
25809
25182
28048
19037
23292
3448
31913
16410
5102
2664
11206
26939
31840
4051
8328
14383
21270
24377
23805
4890
24758
28025
22039
24695
25050
29848
20061
18178
22372
21182
18657
9429
12562
23169
10354
465
1618
30822
20242
319
20823
20901
20907
5815
24684
16429
5117
577
29064
20456
24795
22459
11299
8512
21143
5499
27977
21730
8123
3637
6637
25794
8185
10782
27519
3679
7525
17233
27329
12872
17890
8562
3286
19679
20698
22674
9883
27741
11571
3923
10811
18454
19326
28749
25342
23807
22641
19120
9058
13165
31639
9770
6509
12831
28230
19979
15681
8831
32466
6055
3569
18981
21504
26619
4243
15773
1213
15508
17815
20586
22544
15277
2135
17994
16718
3992
3310
10684
27789
4447
28750
27584
28506
1706
3725
12510
29103
30435
4992
28521
25375
23449
31115
17157
4180
12322
27319
6503
11451
9349
14341
7260
9342
30615
23299
32013
19123
15459
13724
1153
14291
3791
1076
3427
27757
31613
13813
19206
3099
7920
8035
422
17590
16368
15159
5105
13766
26927
28010
2501
27708
17964
31888
29756
18020
18264
13671
21222
21525
20856
27824
24149
1835
31818
21309
23519
18486
9323
20556
24223
17268
21624
22035
6589
509
18803
25756
10223
9022
5737
11987
27712
19112
11090
5598
28689
5545
17209
28332
25181
11740
32157
17873
7233
19325
10006
5521
20155
15391
30012
8762
15794
16801
14788
28856
11318
23902
20716
2915
24074
23460
20250
2331
21087
13160
12735
2711
7139
3639
6018
8698
31226
3184
17307
22695
5963
6577
28796
18263
4479
25999
13751
29801
11845
21642
1308
27769
24986
32063
801
18739
2375
1504
16008
6761
427
30178
2875
25956
30650
20469
1147
11896
7238
2105
31289
16603
7294
10927
19908
10424
948
17902
421
4990
27235
28183
199
2686
5744
27658
24796
15285
28848
27866
9211
17638
29611
17791
15758
13549
30623
7883
24171
14159
32712
7584
19521
7701
27871
23391
18486
15835
14561
17059
18638
20516
8209
9264
2831
20464
23360
6182
16099
1169
20300
32635
21181
11962
21991
14759
8831
3033
921
25249
3484
9126
3848
11531
14457
5116
15736
11433
32026
20201
30862
9496
20218
32513
29017
12477
5690
1527
29843
21499
17918
18798
21539
20649
12821
16908
2535
19907
26584
208
30641
10079
3668
7846
26767
31459
4523
19001
14160
17270
7607
26633
15939
6836
11249
30909
29762
29094
10385
14778
23279
22001
29431
13300
8766
5965
15690
11524
9524
24889
3935
11900
9198
7406
28892
6007
24292
12177
32413
27764
30575
26796
28502
22884
14729
13535
19322
6657
13012
26835
23644
15458
15071
14448
5781
29132
20644
11856
933
25036
29013
14195
28381
13186
19544
5940
22908
16704
30864
22395
31256
10836
3806
2357
19263
14113
19943
26881
27999
17269
11032
15404
24547
8982
29928
31200
21919
13470
27229
5272
10350
5769
27602
30679
12313
12941
10487
3610
123
4906
28697
25355
21219
14209
676
13815
7866
22889
4838
4226
9574
22976
20245
13722
30061
18175
7572
31913
10462
12817
28274
27919
25325
17766
17972
11727
20701
21059
26068
7560
12835
18524
13321
9896
11208
19364
19401
9180
27407
23652
21516
26827
23384
17802
1236
17155
29508
17732
32106
1843
23834
9166
20458
32412
32361
11401
26113
18626
8943
15692
8950
1383
20154
24574
26343
23225
31629
8805
22358
11211
17797
8249
4324
4930
19196
29565
9819
30289
17326
32527
4338
17383
4890
18301
30157
13350
23084
19994
25796
7192
19480
8785
29797
10653
19081
7482
24380
7080
3323
31595
1618
19115
22373
18705
31987
5456
1052
21567
436
1386
25844
6533
2229
16683
16296
24261
15140
7319
27004
28738
4098
24376
17952
13306
25130
4628
11736
1846
10127
27100
32474
6751
11717
8550
24055
16147
32707
22621
27262
23672
22759
19000
26974
32208
18746
29032
11146
12110
28406
27350
13218
7464
26949
11660
24271
10478
26700
27314
5359
26906
32360
10685
17394
18152
5815
29923
10883
11880
13531
10706
13803
1233
25082
17057
30515
22808
27401
11015
29577
705
21579
30155
21478
8950
9748
1659
14317
15318
30419
865
12309
21007
22095
9139
8970
19631
32305
11786
8785
1847
27587
15125
29227
18929
18167
4239
18621
7300
15019
10350
2157
9926
8747
14430
31119
5073
12280
19821
18241
11097
29128
20488
17299
5437
21965
1062
14060
31579
5434
22979
16041
32169
10244
8592
32518
11394
9701
31209
11330
32061
14503
2055
12030
27908
927
20855
26599
17891
9336
18890
22164
14880
12594
26767
10161
18891
22377
23422
28254
9877
219
10486
3282
2534
8485
22186
4164
12585
4301
26775
1035
29803
6533
19513
4
11044
6062
1022
30260
21332
21788
9979
942
11986
281
2269
18615
19169
27052
7715
3113
9733
23067
28811
11797
26645
17070
14282
11692
24720
3510
27264
18016
16180
17870
23403
26694
15053
29025
14043
4031
6732
18284
29798
16471
21528
8581
4316
9965
14249
20253
9342
10005
21842
11778
10602
22458
6238
11303
1626
13064
18271
5800
12686
32136
24259
23049
7
10381
31144
6079
29942
13264
15602
13553
9588
21079
30874
18047
1139
22171
29512
32324
10997
10729
5157
32152
28796
21257
24298
12569
26561
20510
30270
6572
5032
18381
6206
9918
26740
21921
18781
1488
27959
30126
8558
2866
4493
21365
28415
6158
2954
8
9449
8617
20977
21359
17957
15846
1703
32073
17377
22796
25959
2230
467
30920
2742
22389
29902
12406
10010
22602
3987
10908
29319
31907
29161
27575
29722
12666
3568
12859
29194
24445
14258
6101
7643
13933
21243
22515
20692
18372
4971
24454
27828
13466
713
2566
13473
29385
16794
12215
12897
27984
13810
26924
31692
1013
7307
11273
27777
11823
12308
9485
10201
17730
23243
29519
30489
14764
9806
10439
22508
14272
23982
13329
20240
32657
5574
5998
21327
29713
4043
4364
25777
9594
10788
6279
9200
23277
21371
21935
32300
24409
13332
29836
16608
5535
349
31391
10773
6132
12231
363
18645
26246
30421
31284
16867
26978
23410
24327
19625
18837
13448
29946
31858
26001
24014
949
10713
25811
3298
9777
4225
11971
31895
6336
29959
18652
25232
10318
26421
24588
25358
9958
29817
350
30470
2424
24213
17878
30839
4825
10903
30108
18682
12299
7180
26206
18075
27071
28785
6383
743
3864
28394
23092
28742
32178
8247
27456
31115
10979
17123
29886
14282
21056
20414
18831
14953
28003
8846
15541
5498
22764
6914
3696
10824
19142
18919
13478
24112
32172
32414
648
13235
13803
18638
29555
31177
873
16982
7444
1399
25830
13702
3280
10659
12418
29582
5219
24872
25983
28470
18887
24358
19273
28624
15959
31131
435
28779
12596
8760
26244
32586
16616
24941
29746
12693
24649
1991
32237
32589
4768
2427
27871
7045
13067
14403
25267
7376
19232
20328
25940
2550
15571
1568
30711
7915
17306
7195
17755
24065
4303
5209
16207
16732
1877
4670
22390
8358
23166
3304
13639
7941
5164
19648
3415
13642
17975
26447
32219
11372
27407
11604
5224
7220
14755
16147
24830
16953
28801
15087
14917
17679
23614
14907
5910
14268
7448
4174
8509
29035
28634
32725
25982
3429
32256
23150
17622
10044
31004
15986
2818
10057
1400
26385
20038
13145
14333
17061
31847
6052
11091
17216
14585
15359
28746
7559
28897
31058
23929
27076
18194
25419
549
23350
16026
23124
16484
428
17890
31171
21121
18770
1841
13905
16291
11466
8819
16590
938
19838
13369
275
28250
26165
19968
15671
32187
19429
17334
16646
14271
28872
29306
6574
18214
7602
25764
14780
24479
21922
30469
6471
11568
6039
25456
9835
21207
29349
21624
6650
15474
8263
26236
1133
18396
6391
14817
10017
2393
22268
31391
28096
12084
15236
255
7164
18598
18930
28579
900
29690
11641
29382
22064
14319
15594
1221
26751
3166
28874
23518
30788
22044
32680
25912
19356
23074
5293
28964
15395
27627
21621
29859
616
23326
9245
1064
21918
25709
26270
27551
13204
10685
9305
1965
25831
30087
20723
17466
4470
19838
9058
25645
30998
6258
13384
30326
9351
23412
22144
7250
8871
21051
24055
1226
9702
26310
18622
16765
5626
19523
32349
22688
27092
16688
6505
14403
24018
15552
28505
28374
23094
2944
19093
19691
7639
7994
2768
21566
278
5657
8088
6130
25876
15631
4395
29213
8994
4468
2957
12935
4217
1520
8151
10927
27180
3738
12242
15119
15706
14433
14276
17825
8104
20396
27274
10658
19438
23101
21479
11414
30513
26715
29980
29836
29138
304
4025
30627
26884
11888
4786
1229
23683
27451
23989
18899
7300
31301
20155
31386
25575
26420
19934
32164
25268
14153
19306
16857
19653
3395
25654
8584
16576
17536
8245
30377
6985
18278
32584
17509
2677
9473
18518
6616
30081
10733
20127
4629
3268
119
8525
5482
5602
7167
22860
16358
18499
29601
31068
4377
19907
20500
5221
18715
15275
12497
11786
5840
6113
3192
2432
31593
15963
28784
23201
1838
15065
17358
3388
21371
27348
12665
5808
24073
31665
32139
1465
10607
6459
18938
17545
18153
24656
3703
16667
11607
27098
18326
28612
393
514
8496
23563
13241
24480
8198
15290
5721
28661
3750
14389
21008
2716
12691
25099
23295
8638
1696
715
19272
17030
5021
16665
18129
31188
2101
19200
19525
28982
14103
31370
5980
22548
10836
10382
30813
27946
22280
8650
17633
15419
13373
29233
17881
25604
14604
31366
18130
30832
1541
1066
10872
21770
15826
18227
10329
29623
20758
5821
6124
7077
16795
10117
27858
31871
8365
9396
18523
2531
19649
1784
17484
11029
12891
25049
23264
4853
5166
6987
4108
21550
7812
16767
16391
1457
18912
29439
14090
2914
20706
3322
30293
22288
15724
5084
19058
13739
20739
2594
5821
31921
19576
10605
31268
11242
23239
12757
12588
22357
9023
17279
22836
28002
18147
30322
30974
11617
19729
9382
29291
25147
17249
6750
16774
13664
5328
8376
11460
11776
23582
5763
19083
12414
13684
2896
32752
4642
21322
4300
23749
5390
23176
13901
30931
24691
18923
25258
13924
18692
28843
80
3589
32171
14427
12178
18313
27771
17936
29505
17489
29671
14021
2941
16075
13361
31486
29386
9017
5413
5548
12647
26036
21510
16977
31451
31088
11721
18020
18896
19777
31105
29175
28196
29022
18203
5015
16702
19046
22091
25460
29854
30112
31174
10690
11960
17031
15026
9310
27139
25990
20570
28597
19021
18432
16423
30434
23633
6547
14796
12054
29579
1694
960
8765
6731
14336
3057
3294
18441
35
28855
4931
20984
22842
5638
20955
18909
6342
6889
19676
16162
31839
17195
812
5670
29617
10583
10370
27096
19397
19684
19145
11140
8066
20649
26309
29933
12659
32151
12280
16539
4810
23974
4039
31862
15269
784
8153
10900
30865
20414
9152
1104
20812
20735
17883
21404
19664
896
7034
30360
13964
4985
13380
16739
18677
27940
14550
12848
24893
12659
23725
11165
8290
25346
10054
10561
7531
24395
22659
8836
3311
30745
27729
4020
470
16703
392
17749
11107
26249
10259
6584
13427
7667
23120
2255
10239
2585
9657
19007
32488
8431
18117
3511
15092
27314
15369
20864
13075
11550
5283
1878
29928
22242
32216
31607
24452
16209
21500
12793
23413
3674
14994
11872
21503
24762
32693
22896
21929
31856
20151
31040
30204
10609
30215
28560
26759
670
17496
12892
25894
21235
16639
12978
17284
21249
17309
9664
28639
23198
12031
25649
7435
23259
21314
21434
22458
13366
15163
3823
24314
15633
26902
16220
26111
3171
17980
24017
8995
23726
19067
19709
20523
6961
7777
574
32716
30558
15592
12472
27758
1678
22617
10917
9263
20468
1642
27883
13867
21711
30633
2292
17659
26852
15902
24762
8827
28460
26412
26913
22736
20170
27833
26250
17578
13375
16783
22437
9415
29409
32001
646
17081
6794
27089
22524
6376
5517
31825
8478
6618
25326
29641
11046
31922
16594
11033
25987
13047
23348
23711
9769
27543
21210
23899
2092
18220
12423
4945
6285
8573
6259
11055
17748
5192
20984
20784
17118
5951
30606
28992
23417
24912
25337
16993
23854
28457
10689
8525
6622
21244
15843
32349
11665
12671
1734
25257
32522
4152
1648
20593
11935
22775
24314
700
26439
13988
19521
20542
17909
12090
26079
13695
19236
7956
15706
19002
2739
31080
11418
9731
3572
29201
26785
30765
7168
29841
11382
22251
23629
3158
4194
2485
1922
8764
24927
21230
6793
13140
3278
31939
16358
25828
29800
11606
25416
6574
15991
17948
9054
27765
30278
21123
5612
13246
4310
18905
4638
29396
10706
10345
29980
23566
3269
9191
5342
18516
24203
32526
21826
18400
31494
16519
4956
12354
23314
20749
23309
19367
5818
17615
6871
3418
22444
21525
18927
28555
20458
18215
13460
24144
2243
22891
25248
21481
7682
22477
19549
2632
14693
32355
20889
26065
25168
22865
9981
32094
30147
11499
11674
25478
23178
10522
26821
5407
17843
27649
1573
12545
9029
6112
11274
23821
30511
56
512
31854
19071
12848
10149
6943
30932
23607
3511
12973
29206
22763
25969
11327
17508
24889
6680
17363
590
10694
2257
12490
22853
28558
27317
14247
27727
14284
9511
2324
18176
18201
29797
4646
31909
5079
9310
8673
18370
14288
19396
2047
15807
9499
15713
4333
27358
8768
9134
791
27248
20891
31394
357
20297
18438
23496
30469
28785
30386
20628
28780
28188
27734
7927
1431
732
12684
17457
14743
29974
17527
4583
29516
15539
30634
8565
29553
12567
14405
4485
27608
21335
32609
16865
7159
2214
29359
389
5796
22801
30811
25337
5405
1645
16951
10973
31563
3981
5141
3269
29000
29624
18804
10824
13854
19033
24160
2132
4050
761
32659
28356
31905
24939
26080
26165
2441
2630
210
18453
29195
13209
13456
5372
27952
19929
12035
1344
19402
14622
6203
1988
19452
23183
8719
8976
17916
9755
15108
27815
5656
28779
26737
2708
26615
7444
3040
29511
18210
32016
6070
24479
6338
29039
30487
9032
25260
9802
11524
24391
922
31225
28358
17107
16571
25733
15760
20071
19567
29536
17248
19733
10827
11604
30502
30749
5220
29370
19496
30910
17866
11756
28837
15436
20050
26621
24504
20099
21401
5543
19072
11803
25413
12420
7294
20380
14990
28801
7998
17012
9982
14737
314
11335
25716
4510
17403
3718
7279
12997
21889
2627
27273
3522
22757
5700
2626
20649
25149
23382
4607
17880
10688
10979
24403
7977
31275
17351
6268
364
24163
22880
26417
25620
21083
4324
20635
6448
31544
26872
20129
4509
10931
16254
3688
12666
12735
27054
30746
18653
18028
4712
25575
1220
268
21192
8266
27727
13460
14588
11662
15916
9797
12626
21136
16978
26763
1429
28358
25586
23845
26266
11648
10154
8838
13334
32366
20989
28795
30386
30563
20992
10255
16482
856
17493
6828
26354
692
8797
19586
19682
16587
29098
13868
11379
25252
1971
18833
6402
13055
13772
15881
10901
28566
29013
26562
1972
31652
19505
7777
16762
7076
20858
30444
13803
7771
6770
21735
27784
5912
12221
5821
8481
3387
2766
24930
28907
17652
19360
20279
24018
1357
30374
1582
7184
32619
20228
31022
24063
15120
8447
22713
4651
11365
4274
30412
18348
22263
16643
8710
11443
8703
26326
15373
23394
16870
7297
3886
26849
23304
2431
10051
27310
16825
12904
12762
26164
31621
1312
10643
24224
26044
30031
20682
29936
9519
15634
16246
20044
17204
5617
2129
13466
7152
32272
14650
9549
469
23977
15063
17021
14953
8377
21374
23101
14409
6394
20822
30761
13934
15378
8121
13630
6320
4618
19421
14831
13704
26625
15540
9844
27930
6946
8720
21862
12659
4051
24331
11401
25615
10543
29606
28649
11422
21687
10672
19240
11527
32324
2282
1302
13998
65
22120
4482
25843
25622
9018
30032
16635
1767
11852
12492
21170
30335
7563
9278
17168
6791
21065
8895
29596
32252
23779
10058
12079
19680
21409
24598
22523
23087
4317
1059
14027
16916
7272
10003
20364
31837
17449
32572
24333
29485
10247
20987
26115
29168
15626
31307
25936
148
3004
15766
12165
32503
11734
25291
29605
5275
20248
16304
25900
18593
13689
12410
9551
22005
5248
11675
20870
4038
12274
29659
23368
27193
4525
29354
3349
31582
22228
29876
24762
2147
22572
14007
2769
29447
12742
24721
24455
6994
28127
5278
29858
2435
22276
2368
9410
29771
13690
24767
22502
30520
31708
13140
13619
3444
9990
32640
8689
9391
21810
29858
12759
23642
22625
19401
27784
17686
18429
8903
3165
13420
21948
3463
6757
190
27079
20896
2986
14717
18972
41
17334
12189
20784
25040
8278
25158
30681
26918
29342
9165
13932
7997
2349
2786
290
15989
12211
1035
25537
28563
18352
5969
120
23827
24190
13880
30218
4288
25745
9717
28975
20353
27134
23004
27959
26486
1082
21016
26608
9283
16676
21150
3274
23980
19270
1636
6969
21603
9048
25293
3163
20765
4870
24424
15323
14827
15604
21979
6165
4552
28158
7706
7546
5742
5060
15069
8502
28783
31846
10832
12049
10624
17292
12044
32403
23832
4266
9542
17260
22330
2690
14406
23827
5518
9194
3099
10668
24247
9679
12174
47
25569
6778
27220
5575
8345
32274
15240
21112
27874
22626
7256
22789
30085
9181
23294
17937
3752
9695
8690
27268
5282
7222
32605
1328
20238
25569
209
16309
2590
32023
14136
29345
23091
4236
14091
29916
15786
23023
26821
31300
4344
7095
15766
17812
2297
31
7259
12682
10117
2927
6862
21833
24133
894
22266
18428
21444
28789
1267
18364
32457
6869
1219
18356
3045
10940
5287
10626
16712
19556
29564
9697
21720
32236
1908
10373
26757
27227
23821
9031
8406
30178
4676
7298
2504
24417
517
31933
15833
6957
17383
24458
864
19217
21526
27565
21535
30610
30608
30337
795
28279
12437
30360
29868
27273
22360
2466
7376
26776
11003
4496
14276
19902
28346
11513
28886
17128
26471
3772
27509
27025
19734
30951
25226
19921
1305
24279
21003
14743
14383
29345
24268
19762
6392
8625
28825
279
28332
17585
12931
29918
14349
1709
28023
12173
31386
18292
28949
13593
4614
32065
32446
5418
5096
22938
27375
22303
7092
13689
26830
26450
4842
2218
13315
27037
18829
28788
3273
5405
29399
2427
14917
32053
23083
8421
1814
27606
25675
188
27693
12542
12491
23443
24031
2943
28614
7021
28472
3842
16335
6106
16275
11083
10282
30563
26215
14527
829
16424
20836
11811
27969
23496
18623
25510
2877
4737
3530
1826
15925
16793
18375
9631
5790
20732
13054
28185
7190
11302
17933
4483
15698
16963
16768
25611
31832
20885
23969
9120
10990
535
2705
1969
19282
4960
30360
32312
26923
8649
20154
14840
32448
18130
28043
30210
14952
6338
27716
4734
14401
19854
18965
28328
1061
1276
7613
9241
30682
32264
1369
1864
18825
15239
18553
4432
24178
23562
24697
5876
13789
10501
23311
28896
84
8497
19232
31025
14095
558
15320
568
18352
5485
23033
10875
10289
17485
18291
12797
26394
14212
19766
13504
3063
1473
24388
28295
23561
13712
9994
27616
22332
5757
2032
19554
345
13692
21039
31284
19325
28808
6114
31439
12746
28043
22625
15620
24924
30846
30154
2112
31358
3281
10464
28943
17182
3597
26393
30431
23935
29624
28402
12039
22318
27769
28294
8455
9271
15484
30815
14353
23192
23320
14988
28105
16886
5039
11251
4682
2959
11734
9193
21865
18032
24758
4096
30013
25576
5554
15392
13791
24636
15947
24794
1646
25500
16704
27640
30550
28502
17145
14169
26066
27466
19749
8700
176
10142
6563
16218
2645
9907
1182
4345
31744
17239
27133
32318
28243
1852
29178
32387
27407
17832
4368
10601
3103
20079
16155
8559
3032
19743
10683
3268
10879
10362
26105
4186
3339
30249
25901
316
31021
22190
12575
16417
4750
19867
13164
29505
32088
27137
3115
4711
2551
21292
15313
31048
20001
3469
9298
29715
20243
3064
9609
31305
8478
24848
22746
3023
8291
9471
12310
25666
9947
25450
31646
30858
25498
9635
7116
29362
14164
27937
24974
8182
14880
12846
25172
1310
20092
15072
17197
3339
26001
24138
16172
1424
22713
2035
27921
24195
31807
3976
2085
24339
20326
14541
16486
17755
28076
28633
21988
1080
9551
5507
875
4952
22289
28696
31842
1428
824
5199
499
22912
10202
23166
21357
14400
21591
13325
32230
5789
5671
29995
20260
27736
8918
26305
28606
30141
25420
13476
26750
13180
17490
3087
5898
7349
28754
32336
21955
14162
22110
31681
23278
2713
8820
31482
4882
8193
2817
8261
31392
1605
6051
31059
15065
2744
17715
8493
3565
7384
11011
24684
11872
4133
1380
7597
21938
12340
18796
12864
3647
23295
9718
30496
23652
5503
5609
7720
739
20093
26558
11139
26249
17317
24124
9061
21774
15580
20102
16376
13116
4563
24408
17306
22099
11740
19854
15173
3245
1533
23014
17742
6558
13635
17414
12371
10398
13145
30401
1647
31658
22873
18838
22703
22759
10466
31609
24266
31625
2411
19159
16140
3059
28631
20180
4756
25375
9289
30167
31167
7489
6713
19784
21732
16295
3784
30360
30018
30180
24912
28034
23094
10797
23104
913
20146
32003
21543
13539
31466
24595
31502
14892
15952
22618
5643
31741
26051
11148
3859
19271
4611
31927
11536
795
25193
7203
13363
30643
14293
3710
24716
22198
9191
3893
28376
23736
22642
4645
10138
1024
11053
2163
8301
4239
428
27832
10136
7518
14735
23138
3555
3814
24826
13399
17065
3813
21317
7899
30255
30048
3572
20659
13876
17124
20969
32650
14537
4114
25816
27541
18787
5723
1788
20083
3119
13831
28936
12631
2981
7548
28257
28264
17504
30141
26506
24936
9005
14385
28895
2964
10594
4518
12679
11980
11121
30357
13988
9204
23996
19623
1740
28826
9131
19833
2493
24537
21756
1692
6220
8829
27995
6881
18591
14951
23091
10451
19100
13620
23235
31364
26785
31257
9844
25229
118
12049
19818
27216
2176
31035
1881
13696
30007
7293
25754
16100
4826
15982
5502
21079
10081
20595
15330
26644
28851
25896
31491
17712
21273
29953
14740
1384
19442
22065
18958
29213
31913
27594
27976
19101
25061
20518
25415
24996
2815
32391
32343
13347
26041
16378
27738
23871
29229
24449
10849
2973
29443
26992
22137
23517
28135
31256
21448
15460
4154
24483
29912
15967
19464
4927
8242
30724
16699
19839
9007
23579
18190
14845
9995
10942
10692
3653
31803
24413
28825
2030
12288
16389
16377
5642
8253
29153
11248
12737
390
14081
3810
10808
2937
14682
14460
26552
16209
1806
2282
27148
31928
9198
19530
1578
22749
21565
27233
10006
27591
1207
16013
5636
2025
29650
11259
3517
4086
68
16922
7491
24310
16581
1360
7608
30362
18710
12267
16252
26572
16450
32602
29334
10635
11300
24989
11861
20982
5673
5882
23606
26022
27992
7154
27145
12609
18831
28531
18256
24908
29711
2383
20968
19521
22842
5357
30187
8930
18332
17471
1236
31436
8233
20211
2020
26447
23493
29166
4549
5245
2570
758
21358
6273
11589
27822
30790
28467
6081
9928
3468
21481
11849
32374
30966
28047
13288
17185
17048
250
755
11102
13832
7545
22345
1566
7872
30637
3546
3108
9155
26267
32102
26045
1668
14080
19591
14507
18691
18660
26866
21090
32569
11122
1018
17015
20406
11015
14422
31061
26505
1417
15651
16178
25952
14586
18989
5953
32752
8269
4458
25385
27543
21112
29127
23223
17216
30666
18215
11215
30856
2431
31657
22185
3871
12178
15914
6714
10096
12498
524
1263
7300
10552
11317
32161
14627
31352
4442
22726
18493
10966
10621
19940
1161
9787
7348
24908
11116
5512
3373
5636
14108
16426
17007
31749
1029
11247
6626
28326
25964
28439
24722
5977
27986
26799
31280
2197
27547
21274
31066
1299
26735
25841
3355
18237
7649
29709
26550
23780
13518
20193
671
27441
18696
16397
25547
28382
30900
28721
18473
19621
753
6655
22385
17913
14779
17557
17692
9717
19214
30729
691
14994
9550
8261
26445
28188
31462
4629
28756
5351
10544
26238
32647
17214
1685
8274
14917
16284
23541
20481
28168
25887
3400
10674
7728
2617
13702
16786
7938
16297
14789
25196
25072
31657
6049
12923
22298
1385
29409
6780
2070
13501
9816
8966
20460
23058
23560
15390
21605
25255
28814
8967
9350
3322
9658
23127
8279
16768
26749
26704
3561
25496
11784
20332
32662
11970
11314
30010
28555
29708
28954
27497
13444
19406
7694
20258
13271
3991
18860
12956
29876
12391
19783
17642
30891
15647
397
11287
32110
11573
11878
17780
3033
17324
12831
16433
30767
7748
9159
17963
14247
17646
29913
9989
12071
19842
22044
14714
24399
26548
25544
26353
4537
25925
23786
5458
27519
4726
27145
25369
2302
29378
14090
27049
1754
13772
25681
31202
7235
30871
4905
1781
10870
9973
4454
13175
25990
4418
26697
13493
31324
2641
21155
72
22012
8615
24125
30697
29195
19943
15480
1926
19086
7054
1585
27029
24821
13280
30439
1448
28760
20515
25376
7489
14080
27914
28168
15080
31017
21108
16988
6012
8454
17239
21126
27079
8198
27126
25610
21588
30038
21595
27168
25989
32167
5377
29602
24032
28721
23505
12329
12458
11512
6991
20596
29367
16462
3606
17929
11136
16281
12418
9758
15478
25430
684
13241
21142
606
9883
21783
5694
21096
11960
30795
3391
4560
12419
11047
25395
32407
28549
27231
3089
16042
13445
27628
29950
7527
9471
26799
14182
16989
11986
10583
588
17747
23609
23172
11742
17292
9212
27692
11597
23114
2536
63
21211
10897
9084
11398
6710
18989
21733
5073
27908
17911
23085
6737
5567
6483
28847
14659
21699
16125
13518
13774
19365
16134
2022
16175
12999
24089
4739
14355
3369
20995
14033
12100
20098
8050
1876
19336
10128
1277
5593
11975
27820
5989
11949
5227
19105
29467
21516
12044
15806
9986
3548
2381
32554
15477
24988
28161
23672
140
1687
7059
11643
29339
10845
18084
23644
31740
22899
12277
13289
21775
24650
20872
26672
15230
14446
26370
3405
24006
22016
21844
28800
8179
26982
13722
1923
7594
26945
1859
27162
3437
30879
19827
2539
26907
32115
7077
7312
32694
31554
21909
27627
21609
1566
9821
185
28362
25048
29406
23402
92
8562
19297
12081
856
23251
8318
21335
13997
17086
16190
24276
6981
17669
22652
8736
22154
27898
6033
29511
7721
12839
3120
60
4373
32063
27534
7023
8656
31060
27846
13985
30182
1353
17533
32759
24250
22923
961
21838
20356
13820
24119
463
29851
11312
7030
31171
20464
23004
14254
2216
32475
10123
30605
9604
3355
24467
29539
24953
31000
12616
23940
9370
19818
29807
2030
11517
29599
16630
27947
1041
9273
12002
16505
24114
6135
21128
18729
6267
24150
18688
3397
18652
32086
26839
3957
5228
16001
27396
9251
16384
19754
8221
8670
12028
2547
1483
28924
17513
14226
20604
16004
23112
25812
15703
22091
17190
14305
16501
26716
2545
32451
25422
15773
25610
10530
26481
8112
2459
3921
377
30744
26667
10895
16444
27293
25456
8838
29765
28401
6244
21528
11141
11667
22171
13659
5445
9204
17363
15074
25183
21465
24013
8767
30126
512
20059
17861
30915
18438
17851
23955
10457
32136
20259
20942
28683
15497
21405
557
7877
1299
16149
9915
22905
17441
31664
11736
3731
16829
14176
15233
2222
14950
10166
11730
28936
10164
16375
19145
22067
31807
3441
31565
2830
22204
11791
14191
29172
28777
5420
2031
2099
19116
4773
16642
17856
24566
20530
23122
9513
23534
14582
2119
26570
7884
32596
31365
27204
4098
13573
25526
7467
1058
10599
11913
30207
14844
536
1018
27742
13062
16836
1749
22391
27394
12603
26741
16322
13018
24263
15058
30959
13007
10172
9147
6172
22482
80
21855
6730
12338
28077
28690
20242
31608
26181
12622
23444
29072
3174
5112
27057
1321
30478
17893
22394
9565
32000
5789
31463
17045
13847
17247
19917
6823
9947
17509
5642
4162
19026
32616
24066
4492
28185
871
20816
21001
5298
12709
20917
23487
21024
30705
22612
15256
22193
41
30498
19719
7196
30977
3736
26862
26827
23553
2987
31680
7546
21709
16893
18147
257
11689
13909
20824
32366
25916
27981
19357
2391
20884
4682
27346
7279
29803
2737
32540
1622
25769
18776
18759
30902
28970
30267
21423
3467
24768
15985
21088
14018
29564
24670
20092
19462
2345
18473
8413
10967
4378
20592
32764
7388
10022
31547
9489
30842
496
14127
19580
12197
5740
1285
5476
16630
5278
4410
1182
16126
8613
5639
11984
25051
29433
6547
19926
22280
12017
23656
17764
17274
13960
3107
23277
11240
15456
3696
9412
14186
19719
30774
29826
69
11386
1295
16551
26373
11495
8955
20868
7117
25271
26197
13656
20972
22988
31238
16313
20912
12295
24568
6197
23679
14606
5582
7226
5923
3916
29138
6195
28262
13881
19502
7156
10719
12763
18528
28248
8459
14221
21224
25640
18080
23551
10051
7743
32285
25214
29213
29420
28582
4469
25539
1688
19983
12340
18135
22441
17207
4593
28487
16806
30359
21004
5503
15259
25114
9624
29150
21951
26927
26134
11367
14932
26141
14723
29882
13775
8600
31638
22082
2617
26769
19523
7343
4565
13394
26499
23719
29955
6345
10839
29880
30564
27940
26890
6802
8255
25247
31415
18547
16931
32154
7692
7906
9678
9455
6989
3744
23630
15234
18332
24284
31846
30746
19831
25510
20275
28527
24194
30886
12303
1156
12935
5134
9142
13110
30651
1485
27304
26901
6211
14086
4814
24692
30966
32192
19551
12732
5477
22751
1541
3846
7448
10323
5180
24040
30235
13711
26619
9102
18618
8252
6295
30477
30856
815
17636
28149
11942
26009
3997
14117
22849
19582
15110
22500
17501
105
10191
16173
12241
23389
15164
9033
1683
13070
28803
23972
6966
13137
6518
14553
3505
15570
4705
25871
15970
7173
27958
1672
29267
11359
22503
4727
3259
15301
16916
28178
456
16965
1510
1001
26267
16900
6203
17270
17045
25463
1027
16117
1489
8662
13545
23414
18673
7118
21815
18224
14878
23671
17139
10776
23370
12421
24654
17586
30136
23490
17216
28967
26303
17084
2156
15001
10699
23738
19785
32435
17316
501
5507
19844
29427
27141
8095
31629
18946
28314
27871
6680
5571
26220
101
18892
13844
11381
6554
7039
19265
10077
28113
29515
23754
25910
9512
8676
23911
8041
7855
10280
12362
15088
16333
22776
5028
6342
21215
19783
5226
19100
14625
24176
28505
32718
29650
6861
824
16021
18579
26757
14429
15742
1297
19109
370
28955
9699
31859
22905
8696
25782
22271
25358
7888
29095
13562
3308
24321
23536
18635
24499
10558
28103
6368
22761
4740
32643
5698
30526
26959
1537
365
23572
24845
24646
4446
9790
4563
10341
4333
27144
8271
2979
26205
27256
8702
28122
14642
30676
4510
23579
10818
5988
26599
4759
21007
22649
11382
6592
31060
31407
4874
16043
16350
18798
30962
27321
9629
20663
22214
7798
10747
20253
31318
5057
30060
2321
7392
19246
16711
24931
10630
2216
29140
23302
18430
859
5798
26644
32652
19665
17707
10769
1581
13146
385
1908
4117
9138
10635
14947
13148
19934
5701
15551
13301
4439
26452
13664
19423
29802
11490
19106
17311
10975
25512
32288
28397
28633
30540
30143
25006
14077
16110
21999
28962
30934
10238
4397
21855
7800
848
20684
32510
20580
10354
23286
29972
11436
25405
6638
20324
10328
24490
10391
8402
8199
2023
2106
26139
23514
2218
25476
19652
2701
28614
718
26192
30695
6396
21922
7094
597
23827
13690
29970
5074
14122
17866
2459
8713
21582
5441
11221
31166
16712
25676
9736
22890
10936
13533
6896
7973
25448
1898
24246
3529
9434
26936
23583
27989
15907
14297
23044
2703
9468
15860
13570
23022
7447
3396
24946
16822
27055
14819
18843
20325
15715
23241
23591
23630
23620
29583
24276
25988
9261
11129
22892
6905
28499
30132
11511
27111
1308
3804
11055
1647
3381
29634
16948
14465
14559
13675
4225
28667
5769
20060
29983
25621
17316
23828
28696
16892
28851
26587
26415
11965
27553
3514
8910
8293
9304
18635
5952
21094
24463
9651
20000
22845
3043
5228
1042
6482
27946
13896
20145
9504
4612
19762
24264
18069
18354
12343
12996
14268
44
26950
19817
20121
24173
24628
17605
8277
23826
14083
15714
24475
17187
15204
9664
31297
23345
4474
17922
14891
8353
31713
30696
28012
22343
25839
6909
22959
16695
3386
6418
32470
26327
858
3818
27872
9529
18672
27959
12560
30376
18663
9669
7755
10625
761
14582
29891
31045
4213
14190
11474
15851
26176
3087
26920
9595
30746
8744
21545
11224
8483
15337
27793
17629
30110
3355
1370
27820
25076
28174
31967
4675
15100
15058
28481
4177
9081
12969
26634
10311
27365
27581
22288
13233
18797
12047
19613
32711
7484
20656
16588
1855
3324
22579
27190
32358
13210
3426
26574
25967
14666
15664
16906
5387
32204
19183
1860
31034
14317
25027
1887
28256
11856
23127
29357
29851
28014
10446
24592
11604
7900
26365
32352
22292
26061
20183
29965
15257
25815
14632
14342
17450
20730
29831
21209
10279
13790
2181
28443
27108
20316
14635
6666
5559
7232
24228
3441
30544
3661
25910
32716
14665
31618
2423
16301
8958
13468
9405
7774
26783
25820
7638
28104
16772
7946
20985
5523
14528
15290
2557
911
27640
27854
20425
31571
11382
10812
14348
2340
13945
23570
29742
7192
29391
26039
16518
2938
30374
30323
717
2929
13728
17201
11474
21725
6693
3460
14192
1154
30717
7145
18877
30056
3358
1868
24709
6785
1218
461
2551
7053
12477
31427
2461
14651
27918
17409
30866
15505
25012
7257
13807
30093
5827
17247
15238
3341
3766
31343
10963
11756
23303
5874
9775
18798
24317
2524
19015
31454
13510
121
23501
20085
26821
618
32109
28542
32557
12523
515
440
30671
2903
12043
10748
17456
23789
856
2591
25567
14292
22026
13338
6917
8541
25018
22632
30526
21385
4087
13232
5799
14283
6390
32676
25913
32526
19333
27433
17493
31482
4417
23992
20639
7283
777
2564
14864
15203
8626
5085
25159
3002
1788
19796
13600
25523
8901
20256
28552
14168
22653
28736
18576
27976
4314
24802
12480
28856
5069
27780
7085
9400
16052
10073
1997
7351
27345
2798
14475
15946
6139
17933
22167
12329
12179
17378
27264
14970
29626
11868
25988
31827
28353
28630
11431
6778
30433
30711
23042
19311
6701
18390
10334
25772
1732
2402
15617
19755
17227
13826
17352
31017
19355
4216
4470
21290
26038
30219
16460
13885
17152
19173
31450
23937
16812
1466
26900
27880
25204
7850
29608
30523
18061
25961
20879
9566
18906
669
5090
25302
3424
10375
9200
13192
1530
14054
26509
5827
25421
22040
32685
7041
25343
19843
21809
2538
25636
6451
26624
17946
20217
708
5210
20516
9429
16771
17001
1367
19548
26064
13337
1728
28150
5063
25898
26863
29824
20767
12676
4350
1601
27217
13770
25296
2591
13053
7729
9367
3346
9610
22419
15257
7130
9742
22207
9779
25837
27757
27156
22302
14004
22980
18766
22001
11766
15624
22431
18663
10389
19178
19458
19427
20600
19710
13260
14513
21192
19485
899
17551
5983
14856
10740
5868
3197
24141
22912
15727
23229
2671
31671
8507
5448
22849
808
24946
14921
32147
3958
14071
6049
25616
6063
17785
26587
11367
3802
32173
15202
15785
14031
29914
497
31218
5452
21915
18508
21836
16196
19937
32302
21456
28282
7735
22658
13071
5455
11850
9173
17072
25816
19112
6924
12378
31028
28616
5714
19156
8221
17995
9813
106
28092
13441
28594
7315
5058
10543
23213
2258
11956
911
27430
5338
32134
15513
21705
2549
14188
13697
8068
3494
29677
20353
28734
6029
22841
12504
18886
32396
1212
23315
23049
24872
25075
30347
10121
27954
25471
30511
13066
19110
21112
32387
24974
11731
10243
7913
17028
21692
9511
25632
1597
29631
7388
17674
14495
21876
9317
25266
5149
12760
7648
14477
231
171
20764
8704
5213
19222
1706
22819
9418
16529
22839
21189
17743
4868
12569
7088
15901
24108
7719
6957
21735
7745
974
24267
31128
31190
19297
21341
11073
25344
4273
3906
10581
21434
31966
4585
17688
10632
17260
7315
26453
25691
30105
2139
7759
19637
8174
15732
18427
17677
26133
12211
11372
19061
4330
1101
7311
26746
17108
17633
26904
9292
18006
17337
17852
8991
10977
5453
27809
4048
9197
17160
5651
972
24136
6991
6264
30510
16301
17088
17542
31783
17560
27319
20915
18851
28761
20759
28397
22825
871
27975
19340
7171
27640
28282
11397
2976
9422
28468
25056
6454
30292
522
12396
16555
19945
31657
945
17078
8060
7705
31782
19010
1369
2371
11684
275
4674
5297
8731
22443
2498
30358
29828
1135
29374
23566
6166
32262
14413
22182
8125
29954
19658
17183
6600
4290
807
3439
21473
29590
4739
30217
6979
18981
30719
15454
19751
27148
10958
21156
19327
17352
22156
32470
10727
11222
4049
3324
9945
16152
14085
30380
17696
26235
32118
9169
6543
15831
16551
10411
8434
25111
12268
9495
12869
27289
28723
10513
24868
4568
12837
17015
25731
20808
28270
6159
21919
29825
15448
13772
23348
26528
30367
28237
5361
17642
8833
30119
23337
26035
19732
6500
9931
31359
21212
14796
13716
28262
17821
26723
16003
6589
25710
20402
19086
2034
23055
18506
1427
21688
13692
16135
7057
25700
20674
20626
30232
31639
6674
15913
28158
31262
29460
8099
17748
15638
6781
30382
32152
27732
21476
1884
24108
14084
16850
6622
16135
17295
9752
2447
27563
22211
31845
17716
12887
30254
8983
9345
29565
2506
1618
14048
17782
16608
335
28527
117
15910
27127
21063
18106
20266
31409
1796
23816
13044
3704
29826
26456
13287
25392
18916
24015
6377
22074
6363
19950
12740
20294
25893
15369
715
19816
19795
14586
21440
19055
12496
22
9717
26738
30495
12640
21938
7595
23652
31741
27351
21128
26406
19688
23746
9728
27475
21991
19827
19492
16004
190
32750
15094
387
8866
3553
6525
8971
1008
8327
9497
32718
4127
12492
277
17340
16884
4786
9339
28803
8180
20467
23084
11602
23839
5608
1839
17379
29147
15017
11082
28344
16687
7542
20431
23717
7729
26198
22713
3470
17858
26877
27639
27762
8312
12019
25352
19112
24796
27891
31432
8297
20950
26514
13706
13967
26981
2849
9062
7580
29587
15059
1237
5630
27049
6947
31611
19858
18847
23408
15683
5734
470
17130
32177
31427
17674
1202
372
21099
23170
7997
4155
15647
16009
19194
14538
9828
10018
15412
6989
13959
16632
15417
11756
21727
14484
23996
12191
8018
25554
20600
15684
31514
8086
6166
15599
8905
13755
10833
4993
21899
24396
14424
22652
2988
14071
10099
31765
21594
12222
31978
5003
16555
25584
16675
16312
32738
20568
7690
25062
4334
20404
15541
4835
11571
27241
9801
4184
20621
20084
11287
5206
658
932
6923
19250
17688
12294
15943
23443
19448
161
29963
13513
25105
2660
24536
5984
8079
14173
26837
3061
21869
5164
11121
15433
21048
4534
32586
25236
25622
3870
10830
17180
15368
16369
32287
25605
5740
17056
25788
30571
19654
31540
8287
11182
13503
1597
17057
22029
28782
22539
7908
11127
5079
23585
15346
31645
17329
10471
2274
8780
12653
7071
22844
8954
6259
28826
27741
8863
8367
11180
1052
13254
19020
25821
20141
10467
18111
19809
10182
24807
25352
203
29953
16914
26420
30333
8578
22280
3879
10083
31961
16936
152
15329
297
31513
25181
22025
17546
2725
30953
19474
6573
14539
27667
26373
9151
24847
6681
31162
24975
24853
7140
25603
29682
21870
24205
22055
9063
6322
30241
26770
26871
14543
3489
23498
32351
22176
6221
5285
14705
9154
10274
10426
14008
29347
3490
3861
5979
3291
9427
18735
22083
17344
29578
6173
30848
28468
31977
4615
7401
20162
28199
11228
12035
234
2191
2884
16677
1208
27852
13526
20953
31132
11107
27276
132
4469
16001
20083
30026
26863
20727
7591
44
14863
30339
6015
13171
7436
14673
25861
32082
19297
8385
5289
1223
6432
5483
32310
19906
6281
18017
8964
26761
7131
29619
24176
12379
2410
16953
31369
23891
13810
31884
32012
28048
14635
25942
16531
10643
28829
32460
11785
18408
9398
27512
10849
29705
1050
19516
3207
15487
26938
16276
12183
11338
7720
26139
30030
4995
4778
4177
19646
17216
14477
31131
4421
16568
31291
13451
21951
13224
32656
11362
28667
5109
13546
24531
22636
23186
18559
14602
12833
14756
4596
9965
3831
8164
6187
23458
17422
2885
10588
21585
25209
28376
14695
3627
10298
12268
31336
3243
32109
32377
25484
5403
20931
3263
6692
17243
28210
27178
28920
23518
3819
1401
29150
32501
22925
6687
9611
8528
920
3305
3496
28097
15652
31714
1321
29764
13267
1396
31450
19005
16900
2767
14906
0
7753
29071
13965
3990
7964
10392
3117
10431
26317
29765
11297
32307
3007
17859
26096
30765
4308
8631
17335
28714
16934
23079
27770
23022
18936
8087
184
32201
4588
11634
9538
10264
17526
5548
12365
29198
656
28582
11461
1973
8623
28242
10212
3887
1526
8599
32004
5442
27818
26359
5041
8980
15079
19823
17411
24882
9361
28830
21802
27607
16268
3882
19019
15468
22320
24672
29067
19531
5111
27930
26985
21704
19321
28646
4176
20594
3227
100
4716
8598
15363
3568
2494
517
21711
28033
25707
8215
8582
32465
1370
3312
334
11455
21245
24578
3424
19697
10351
13267
12986
8893
23744
24577
5139
2378
21645
5251
18452
2290
20947
14897
18373
23531
30212
15495
8518
9767
10843
8358
17087
25720
25197
3483
29081
22264
27906
10724
16879
27304
18210
29232
8767
26199
9587
28007
20326
24262
10178
25066
17611
13833
27359
28700
31962
10800
27822
13857
5556
14119
30331
24806
11812
20443
398
20065
3798
12958
18943
9498
29635
23757
972
1258
2544
25008
26153
13570
30040
10401
279
29488
29478
22129
4408
18526
27688
26119
17890
1628
2945
13386
11634
21215
11678
834
15331
25545
15211
14457
8095
20650
17862
23208
22676
7559
30004
4751
17803
25307
8658
13093
7093
14044
10127
3313
31879
15359
19097
4280
7624
30910
16405
1368
14313
23705
12051
21748
11924
5723
15809
13649
10119
8094
32478
12160
931
8593
21362
19134
28224
5881
5309
24216
30404
20342
6765
20563
26740
14344
28948
16266
21642
3281
21720
26137
647
22557
17517
12090
15050
25247
16448
18926
8034
30973
2549
15007
1825
10896
30740
12291
3825
25957
12799
8003
21867
4999
26664
27485
5286
7552
23680
7111
3661
30237
20275
26197
32245
4978
9106
4188
1453
31006
20816
27416
18646
14288
30194
28491
10549
1546
6785
15399
23110
22053
386
32110
16083
3478
4392
31960
17606
16751
11719
25269
13116
7209
6284
27091
7898
20640
9836
2722
30820
15967
25434
24982
27019
11038
30141
21709
29703
13705
22049
15602
1766
25923
12076
5473
32292
31787
31188
30603
16507
27870
10704
26012
28540
6781
32332
10332
24031
17840
19169
17491
16408
19178
19652
18993
19243
5615
24638
1645
13760
28308
10844
21547
20346
710
2791
5987
8837
20942
27286
8768
21358
23763
14723
2502
13112
16545
12764
11704
14252
7337
13019
30649
19952
27464
18424
5553
15195
12108
12381
13170
136
6836
31386
30620
29353
4791
2202
18365
32542
13576
4053
6077
19783
16985
27080
18554
12950
4638
18594
22959
11496
29587
9281
29466
22293
8192
29532
2270
3013
8763
1282
7974
10886
22383
3651
28939
13084
27933
16429
32440
11032
96
31226
18123
429
17013
27527
12031
26046
18042
15368
24584
16955
23670
2299
6335
21678
7578
20826
15487
4625
3527
8469
8399
19939
30288
4287
24129
22395
24064
28039
10394
411
16991
7531
29234
18504
30257
5032
24222
2265
18752
26997
18573
79
23899
28400
24304
996
19615
18521
7518
10215
1269
27518
9142
18630
31964
4470
12550
10861
9577
28818
17835
8654
15755
21137
12474
31937
27284
23315
3231
7183
14837
4689
28420
29641
28745
2058
20469
26079
18838
8897
27713
10989
3791
28453
10019
15704
9373
977
12065
31386
30558
19765
27189
28378
26735
21972
27947
32448
8358
24241
586
25479
27683
23555
822
11604
841
10800
2581
16326
25863
3833
15857
31950
9820
23282
15965
4545
23322
16182
29276
6827
31722
11096
15998
4071
28048
18333
26188
12780
3440
24424
7398
26474
26449
20469
2283
16790
30818
20298
16281
6849
9082
8043
31542
816
15012
462
4270
28712
16859
32526
26749
24904
20242
22243
32463
28700
11128
11346
12006
32238
6649
16929
19901
29663
26376
23438
22507
18743
9628
5441
14025
17402
15736
19070
24791
10172
11952
23199
22876
18101
11881
25282
21325
10520
224
16319
31600
16033
13486
27741
11713
20077
9034
4037
6677
6415
23247
20534
7165
24800
21759
15867
18925
19606
8072
27290
32670
22553
22919
79
26544
18322
10827
28088
18580
20676
5467
31186
6313
28319
20410
21540
7589
4882
31337
30010
6967
11042
26158
25429
21739
10553
17556
12129
26445
2496
27187
15911
15441
1519
1585
12740
7922
26852
29449
1882
12826
15091
1163
15621
20162
14142
30501
5137
3418
16261
25696
17258
32363
16959
24749
11859
22139
18153
9826
29531
4401
5278
29184
26509
20409
9960
29623
20968
30314
25814
31276
31503
19878
20046
14969
25921
10754
5029
22901
16522
24487
19309
6711
28475
1273
14990
21973
11929
18550
25241
8305
14290
24032
19032
16247
27957
18078
13482
21792
26529
31072
14733
25915
30782
11522
30077
5932
29292
19123
17149
22837
20985
19286
12915
18676
4503
1064
13368
1325
17805
9891
10480
19658
20140
30627
19479
3872
14725
456
11485
20852
7641
18203
10548
3518
4689
13812
7975
28332
2159
25883
18541
3306
9413
23341
29758
4513
26469
25921
4965
25150
14488
16588
19095
14708
11731
7362
32515
20868
6886
13822
4394
956
17271
4836
14833
317
16559
8773
15860
2306
28467
16770
27422
16158
31062
28149
5239
2373
20877
9612
60
5262
12579
15031
31797
26743
28461
8069
3139
11050
17345
27658
26425
31487
19299
9219
13804
321
24256
32701
18574
8757
4767
15410
13879
28248
29716
13941
6853
14569
21750
22097
26342
30631
15508
3117
30323
20444
20644
26163
24832
29850
19068
178
14513
14917
19589
21952
11087
849
11244
12323
14746
27213
666
17778
30945
19745
7527
15223
4817
7572
6794
7384
30603
6929
19540
246
30201
22954
13343
27414
11873
14941
10625
9407
4922
14486
453
5986
27711
12534
19355
26945
4035
1363
29454
24969
17988
16896
25015
22465
3138
10318
28464
12904
9809
16978
13772
14554
15214
25577
8069
15476
27023
15610
16182
23800
2174
24827
18955
27699
3814
26551
17717
13533
19886
2894
15330
10432
30087
26493
4460
14877
6849
15903
17360
25675
11107
25844
12899
10145
2938
16546
15552
31894
19377
28921
19973
551
11810
4731
10303
27513
28012
14620
1058
28864
31238
2118
22782
18271
8659
3104
24814
25937
22006
14352
11603
5063
743
11903
24448
5394
11974
13788
22967
25028
20976
32483
31829
16658
7633
8223
17225
16509
9721
27309
22474
20146
8049
31812
27210
32174
10831
12914
26789
12325
22920
25384
25759
13861
27910
32377
16013
7415
29178
32159
26706
13894
15732
17215
21645
6786
30001
20718
26129
10887
6835
30195
29590
21626
19607
23374
13230
8180
12836
4346
9466
17763
17696
112
18077
21677
28135
26732
13553
12054
9662
17907
32377
22627
4964
20117
17687
25407
21994
24560
32639
31967
29125
2165
28396
23522
5154
3439
7442
5755
8313
4672
30291
9169
15461
17646
21557
3238
19891
13279
3092
3895
7864
12513
22036
14948
7400
25966
8282
17425
26021
31789
8828
7884
5461
955
17717
4784
3255
28332
12894
23945
8311
21709
8473
7737
26368
22956
12880
3930
6289
23643
29022
21796
13715
21616
19723
25233
26410
80
7358
14784
19978
18606
1518
2967
13196
32078
21978
31405
20736
20239
9082
1383
8517
11048
19893
23393
28824
23474
10708
8719
7850
4455
30263
27812
18165
15017
25926
27442
17231
19398
21675
5395
15552
23674
1215
21129
16017
16053
25665
27041
32677
29343
17486
12893
22029
7129
2189
22033
2262
23558
10155
7694
29733
13963
4103
5502
13191
24978
17582
655
18050
10325
18057
31444
25456
17049
7637
5864
27789
17784
6100
2388
15182
4452
3266
7346
13812
24937
16907
23827
25442
24498
15547
28831
28971
25423
6198
25467
24560
15158
13609
27376
18921
10887
21696
25545
30657
31252
29722
4092
14247
17184
31738
22413
10914
22375
6335
4272
31780
27231
20118
4910
14307
24510
7662
6921
12772
25404
19500
15971
13528
11674
9376
31388
27308
6883
17848
7355
13148
30194
20084
2319
24072
7476
26
9750
30793
25775
10283
28317
10181
22851
26261
28457
16897
18736
9258
12950
5751
13785
19793
25086
7913
4808
9468
7132
2548
30193
17370
18033
21480
7483
6093
24935
25047
27964
30622
6837
21228
19780
7920
10946
31742
1182
9842
15309
16741
32018
19545
24716
17165
3758
8462
24083
3785
14535
27683
19704
19689
27706
23948
21941
6926
19191
24332
3149
2365
193
6637
12083
27955
6447
1268
19815
32760
30455
3732
6114
31159
20587
14178
25140
8141
21828
12489
5740
31008
24991
21503
8248
7346
25157
1335
4941
20086
20015
22297
4361
24162
22858
623
12631
32197
17527
1569
29396
32475
28374
867
30256
12958
3140
10797
2262
22752
9506
18923
17103
22167
17241
23159
15331
9848
28826
4420
7170
14279
27115
22236
2787
12141
11359
12428
17131
16203
16164
29277
19280
1998
24259
19783
7550
14275
28068
3490
14778
24173
19921
7645
28421
9173
2043
8562
23107
23394
25538
15385
24732
9385
21809
22845
10531
3718
25480
1964
22965
28780
27967
15762
6948
28153
27975
6312
10389
22734
9619
28329
28199
25757
21207
16902
31446
24963
19856
28378
18846
28825
15428
9248
9699
26310
15115
32036
12048
20951
7246
20279
16255
21457
9935
32679
15001
18565
29929
30190
1598
26982
22810
32298
13159
25496
27582
12237
6665
5193
9757
11414
27709
24388
11944
19392
1183
21443
14976
1401
29683
4997
10296
12949
4623
12321
14300
29828
5621
29338
1074
22913
31039
16691
8511
4365
10944
6021
1037
17564
21608
17614
6060
26766
14440
25740
9079
6496
27031
17739
26264
22820
25364
12731
3279
16686
17197
20485
24687
31761
11648
2911
23977
7114
6240
15327
2828
8250
2427
140
15181
16858
1465
32699
7236
21674
14439
409
14136
22378
5524
6404
18012
781
31675
20127
921
28267
6307
549
21646
6710
5508
30205
30678
31023
20075
14607
6025
18585
6367
25303
25861
19694
24005
21943
8686
18130
2689
31634
14963
13381
7518
12438
21715
12828
20784
20569
31264
4530
11320
6440
15428
30427
30279
22940
32065
4633
23078
7277
15293
19219
13878
18059
2237
28482
24660
23403
2737
14574
24831
23455
12721
16985
27069
29098
262
14650
2746
24850
4588
26220
27571
27575
13206
24040
3090
8546
19571
27377
20059
19873
24752
3214
21190
30675
25086
5693
25902
10623
11413
18662
553
28394
21880
30734
14201
17896
11771
3917
25507
28402
8323
3074
6365
21625
19086
16197
10029
31866
30707
27677
4560
14419
25450
5619
29657
1749
24654
4935
6170
23706
20898
14498
18503
18072
4691
12236
5977
6903
12988
20286
11057
11296
12143
1498
18814
12823
1331
11994
11232
24074
17993
25095
24398
19498
5364
5163
12981
18361
10040
7112
30945
5476
14305
28170
8609
14292
2247
10235
28198
25216
23121
14326
17581
3781
31800
15198
26462
26424
23437
25743
4723
32059
12798
32021
17820
31950
14933
22557
15522
21160
3649
18728
23371
30855
4441
29447
4223
23492
3422
771
29864
4650
25536
11356
10079
20744
30820
30709
12356
23173
14757
15437
26413
21812
27033
20913
10116
16872
3221
22192
21226
970
8435
6352
26400
11944
1042
30079
11048
3984
10399
18252
14247
9118
531
13143
24206
28946
18813
27398
13817
30373
32642
13818
19032
9502
20386
22594
15308
5920
14525
10446
19156
31558
7893
27686
6184
25714
10773
18268
7141
29793
5906
24382
6123
5251
23634
30673
2435
12554
18699
10235
24134
10817
300
30080
28730
28704
31393
27952
3389
31773
24531
2910
3495
7492
31599
2195
15915
19082
4457
24196
8446
28511
18752
6466
19003
26242
3459
18609
23431
5913
1172
9787
25329
26625
1708
17093
8475
32099
13599
20706
31391
29832
5858
24391
6316
4590
24138
6016
31984
5531
15382
21729
3259
10673
25520
10174
22369
8003
9392
6367
7136
28007
15778
16686
20930
9868
19465
2483
14661
22542
32164
10178
14010
2056
26351
10611
32043
17770
8941
9811
19520
32331
8229
26713
17763
4224
16106
8476
7203
18541
9440
32578
9686
16923
27068
14396
3203
24715
331
23089
10495
20298
1718
31287
18517
16966
19716
4809
24683
26592
22752
9846
30691
16706
10141
31446
17728
21747
26487
32706
18762
28584
1308
14020
26803
26462
12907
11981
18682
5285
19067
26662
29840
30271
14047
13481
2618
13033
14888
26673
31670
28025
17324
27983
8097
7977
12422
4671
6808
27699
7646
8730
25502
9886
12395
7756
26557
29527
30005
11337
4336
17795
16288
2940
13377
9236
10406
10112
11055
28058
4964
6803
7250
3676
23256
13384
14146
23720
3305
22652
26548
3943
22183
19082
17382
756
1493
14531
14910
16431
17317
7192
16942
31181
27842
16410
5210
29682
10899
1829
11773
2561
12735
16087
9096
18099
18924
6343
1677
16998
717
7028
25308
15288
14939
8060
5868
7765
22626
11535
2940
27661
25408
19874
3705
15402
20969
9704
21795
17664
16175
27646
26988
9157
25153
3558
1696
22179
28785
7222
10571
7436
19514
19729
22104
12878
9601
11095
23926
5735
28443
17945
6848
22810
19856
29776
31644
6978
25374
206
19171
14951
7425
21108
2115
23183
26098
25766
20194
16982
25070
9212
3908
15681
5944
826
8303
30800
10401
23683
27725
3282
1287
29385
15185
11645
12316
10120
25437
10686
2152
14516
24036
15182
11922
6896
2380
20998
29147
17408
6550
20980
26091
31105
31808
30638
1488
30679
13162
22246
2116
1384
27705
10047
18734
17928
21625
21343
27756
25267
29574
32326
7632
22914
2668
29406
4712
2520
16205
12755
12035
20700
6147
4516
30704
18989
2055
9467
11785
2257
5521
23354
15601
23662
23041
3926
24217
30396
24958
30952
6153
1338
11741
13185
29533
4896
24772
20542
6925
18325
20751
9629
14962
21539
3954
20879
18310
10088
7776
8655
6636
14350
24876
22129
29488
31741
1647
29374
23631
24526
29097
4159
31866
21123
26667
26648
19735
14710
1332
1688
20233
24720
14682
23821
9521
15035
22827
9693
14388
1690
32533
20178
18303
11127
17539
23990
2953
25213
5705
800
19800
39
10306
20365
5959
29176
19511
16050
25350
17517
12291
3345
26850
17712
18165
3019
29767
5518
25206
26293
24963
16683
15852
4269
10444
11508
478
18991
6789
29270
600
30243
12477
31405
15505
12537
6649
28416
22475
24056
24883
20459
11643
7891
22306
18908
7338
27006
8380
6531
11419
12351
3834
5251
17070
20488
9179
10862
28548
14596
26795
29168
5988
1392
31109
5706
31197
29356
27159
14594
23725
28818
26533
7129
24034
15110
15440
9982
12607
12750
6041
8065
19681
25253
16417
8714
18723
31114
4786
13771
30654
2910
29315
2995
30261
28334
3768
15845
16240
5838
8489
9064
166
9511
2660
3104
13697
9425
28405
30973
20349
9317
14821
9330
27794
8716
10368
28457
24850
32220
17243
1269
6356
26213
26774
19976
5010
29574
19295
102
144
25478
3255
26009
15742
11871
20857
10406
15520
25437
31128
16449
5676
1256
23720
18749
18676
22174
12192
25926
28228
20902
30686
29138
25870
13120
12139
11093
14404
22944
32385
4276
17542
25340
11850
6909
24829
17124
14571
7509
3975
16850
6849
24882
30740
6914
18666
21194
13136
11395
28936
20939
10370
28047
26177
31308
691
7960
24459
31235
276
27299
27430
17849
9882
25433
15209
17148
3307
7515
12482
14868
24189
20311
17657
9272
15356
12889
15284
10753
4333
5091
15424
26142
7058
20031
14478
16458
11277
6932
17788
29819
24263
29752
18518
6748
22035
30405
7581
16638
14095
31855
7431
29386
28107
24340
7878
13755
31918
6805
26125
23498
23317
16613
5329
14249
10044
29791
3277
2483
12130
23645
25032
14628
5672
18438
16666
11653
5691
29543
29293
23659
10546
8902
21953
24417
5562
2098
691
9763
10480
10079
27902
6413
7950
11185
12866
16338
32586
25751
29956
16497
28411
23578
26870
19045
16382
15286
29817
16924
15960
29544
2913
16555
284
22280
9976
15296
17040
9689
32581
27096
907
12383
27022
14002
32289
4208
27
23555
11138
10126
30525
29291
24864
22388
17295
3752
18704
10479
30076
16138
14771
21743
28161
32038
12437
25566
20660
26575
29845
22320
22278
22850
9031
4412
26821
11681
11670
28490
7653
19875
1966
18925
3455
20873
4121
20371
3610
20564
29223
27994
19242
12085
1940
14885
21462
1349
32101
6128
1790
26486
16403
32608
125
12489
29419
10654
27563
6850
30389
3174
24358
14874
17300
23643
9683
13235
6701
2462
6431
15825
20491
27294
28811
16774
15170
2354
10855
12398
339
17893
29149
25245
19792
17808
9778
4310
12609
23855
26441
16125
14021
28653
19305
10959
25341
29569
8767
4817
12709
3773
26919
27014
19332
1636
21671
18661
31751
27709
4924
14858
10793
17509
11610
9516
22677
5353
9902
32207
28943
5012
17574
32571
24336
26118
7731
3372
15792
10246
22734
3275
7369
11290
14009
18909
8538
10836
23175
15419
1321
20846
25566
16770
14765
28186
18812
7947
12842
7315
5240
24606
6430
14456
24778
25698
29916
32474
18190
12952
32631
5780
4997
25481
13793
29402
28253
14653
25172
17429
22834
13934
9713
27374
9684
19004
17832
8617
19019
25635
15959
20405
13848
1065
25654
15233
3262
7004
4466
3729
27009
20603
10264
24528
4206
31988
27445
14376
12443
30222
29500
17744
7088
30312
16807
12005
5798
15266
14305
16829
10191
11354
30052
25976
1559
6746
24862
4183
3465
29967
25114
11602
23829
62
2908
10340
400
25330
16141
5418
20988
8889
3288
9132
24842
24335
20371
22395
10205
24859
20002
13564
19985
21401
25496
22787
13052
14104
29344
11939
7219
26213
10268
14149
11600
16199
20747
6392
3315
17260
18352
26376
23303
17828
15345
22738
23623
30541
23293
25302
32512
27150
6705
26126
7448
22985
10557
27007
8015
21194
20354
4621
26053
2117
14527
19603
6589
28415
29933
24115
19616
28747
12135
20203
2117
18744
24910
25193
13423
27145
812
4897
30103
27109
471
17308
26860
25296
31385
6675
24985
18906
653
14908
2886
6038
32076
20836
5601
21710
18121
10430
20126
24437
13434
12795
19004
31709
12729
16922
1163
1579
31593
28290
6443
22535
16092
16462
31126
13976
8180
12776
17504
23727
27273
10969
8638
30018
29451
28127
18758
6685
27241
11584
5365
10964
10545
14687
17782
4092
13816
32141
23457
16026
2812
16161
11075
4060
24328
21195
2845
16647
30104
15397
17967
12209
14910
27531
12854
9776
11076
3629
3955
19538
22419
9314
5550
4175
29651
21056
21115
7163
19156
7785
15548
10816
3373
4903
8551
20684
17443
30140
19849
4615
27596
2035
6539
19272
30836
2043
14772
21320
19263
25205
30704
23767
23056
19148
15056
29133
3754
11717
32209
6724
8469
12887
7905
1028
28996
15548
9503
15935
9204
10184
25827
23935
1751
10362
9470
7132
32754
4049
10563
18802
3139
24288
17990
8466
4520
24869
25187
21816
2044
16663
2050
26941
15747
19198
27930
10958
14984
20999
5108
24477
2116
27544
26930
31574
24322
29921
783
29141
32641
5812
26088
31126
15258
15254
29180
21101
29218
11286
24176
25719
530
17757
26006
19280
30949
32263
1646
8582
66
11569
32621
8270
20187
18387
26238
26486
8341
2129
583
411
31209
13388
18605
30876
14986
29886
9882
3662
17224
29766
29949
28018
13108
14272
16147
26340
5
25881
15846
3861
28090
27745
11539
20410
10625
18210
23759
16838
3032
16881
9516
25494
17906
1090
7833
32620
32348
19073
17320
22047
8416
1630
24597
25105
26026
22888
28931
18016
21417
7645
23176
15969
16952
29120
5740
8522
7678
30765
16430
20014
29970
17642
8776
5167
3683
9790
10420
27375
4184
16646
23727
3911
31411
13061
19901
22588
30651
12156
3053
22574
18586
18938
5982
7763
20740
25462
26882
11364
1561
28059
30882
29846
17549
30819
25635
29644
20998
15847
7175
15371
3525
8310
14647
814
5257
20196
24575
2523
23472
804
21594
28341
1952
3865
9072
16851
357
11178
1629
27762
3995
15893
25140
16614
30351
1925
2371
18135
25505
29414
8601
6057
10221
29944
21702
24380
1578
12962
11490
21718
6097
24970
17105
16477
3458
5858
8644
24522
20133
30853
1027
16602
15437
1090
19691
25350
7009
24951
25650
13750
27133
28898
22131
18098
9238
3765
24294
13529
15197
15080
15982
15125
18022
7123
986
26510
11018
3836
10596
21278
18442
15406
11134
27910
25076
24267
31951
11999
22347
14690
31608
19667
24546
26500
19355
13836
23433
468
15134
31085
29675
18526
4780
25216
5559
18218
30717
25264
1278
10512
17752
6841
4317
11469
31318
6236
10843
28759
10728
7255
25236
1646
2459
31892
5144
2676
1563
30369
15246
9854
246
1632
17309
16299
7075
5376
18444
15541
13251
5163
5159
6853
29862
22913
24677
17548
8721
20038
4937
24463
63
18263
2438
962
32037
6499
10598
4441
32507
15703
17772
6363
31735
6426
4665
2424
16220
16507
13228
6556
32691
17000
9549
7620
10840
22112
492
16785
2105
32298
28293
22298
8155
28616
11367
12423
30878
23463
5781
14300
9025
25368
3693
14610
11176
21252
7047
4716
22493
30426
17120
16136
22614
6093
22840
28597
19830
31805
21688
9732
18005
31602
25048
1442
7364
31120
16256
20452
21132
24519
9837
15780
21495
25803
16343
11084
17298
14724
28497
19248
13104
28166
29680
21025
28210
8899
9391
21054
14598
23039
19474
14350
10734
32133
26378
7628
32515
27801
19225
26882
5497
9773
30646
26202
26148
25432
5875
22448
11067
13827
29021
10347
4957
32742
22820
15374
9681
21939
20604
2826
15378
8848
28482
471
13451
8139
19427
22082
17055
29897
27514
18185
32748
4928
32056
31141
8913
9126
25865
27239
32301
5610
22900
8902
11882
10849
6339
10744
6075
1795
31077
25535
6561
11479
22928
20870
7092
25004
12843
27052
22432
25098
20714
31008
1134
28520
32187
17198
18181
3743
3937
21400
3056
2719
13150
14057
11873
3937
27927
3334
4214
28957
4147
10758
2236
29628
14916
14659
18674
9872
4009
5809
8719
10307
16307
21103
18822
26381
5126
4764
968
12586
3906
18284
22538
10636
24291
25979
12617
29901
9318
6753
4236
12903
22958
12166
13418
5671
21669
3896
22987
13791
11814
8186
31219
24412
4123
27167
10684
2711
12002
15256
32290
15407
29174
15883
6661
27671
4043
13093
18731
17548
8441
19248
19589
19787
28317
18920
15283
22272
32764
28042
8137
15105
11114
19503
11092
17212
11883
7000
13208
20079
4375
5578
20252
1175
22723
29596
15721
12202
19933
10382
31758
3208
22808
23708
11495
10287
15305
21203
12703
7471
10129
12900
8308
17759
31037
26103
30266
13261
6890
1345
10659
2811
20845
31961
957
840
30962
26695
25020
13740
29922
21086
17402
32424
22283
20429
20028
3453
507
10224
7479
29597
19116
32748
5459
18527
23911
15354
3758
13558
27106
2819
612
31908
23212
20590
7438
21803
7114
24630
23176
9093
13475
16703
3832
28884
14617
27114
267
11164
22009
10983
31106
2352
31893
15434
27630
7018
29103
8417
7351
28319
17305
21445
26723
17362
27547
29744
4117
15144
7829
25486
12116
668
4325
2519
16142
23796
12683
13339
18909
5364
8331
16735
13704
12497
25747
4519
17869
31209
9182
27476
15454
11440
25688
19120
14889
25838
5891
20424
17884
6696
29337
15994
7081
16475
24947
17614
10823
24817
1705
31626
24889
16365
7803
21760
13394
24937
15856
28203
30841
834
13756
30202
32170
24338
7271
7916
2621
18526
17324
20189
7019
31505
7456
288
3854
11817
21012
3789
6824
16049
4795
20828
13223
1775
24720
21363
19687
13790
22514
1021
3449
15071
15633
8060
25763
6571
20494
17312
7975
14988
11358
24856
25032
2765
14192
32680
11531
366
25231
2172
20027
23581
17417
2748
25007
10338
19345
11872
19024
27930
5602
18758
16981
2086
9125
19073
26961
5220
30613
28661
29552
27614
24545
31265
24061
6722
28369
21051
19752
21395
26285
22146
30471
17181
7387
16592
16346
18094
6215
23406
27539
27139
28424
30765
2198
13953
10048
23986
30653
11046
8003
7954
13727
28862
16636
4511
18706
7770
1165
21761
31470
8702
1590
8584
15124
8602
13176
20672
22191
26683
21370
21574
25530
13187
28331
3803
1475
30039
22953
17335
28654
24023
26466
4127
18492
16787
1657
9018
20493
12283
19947
10273
30180
19992
15602
5685
13419
18810
12841
23477
25271
30578
24049
5776
22988
29825
13332
20343
4964
22543
8361
27447
9708
20576
1080
17990
16848
15045
15134
11931
5112
3087
13362
12227
12691
7497
23208
25906
28947
12455
22326
18135
21624
17081
27766
9203
26834
31716
29324
16426
16129
22035
13832
18139
25024
19114
15886
2221
27874
7356
15796
14186
10714
4989
13483
5137
21889
14586
802
17190
29460
28935
29927
15181
20604
31865
1999
535
8147
15510
29017
11036
18979
19146
10126
19786
24433
14492
28971
25212
18426
3039
16642
17742
6844
19245
24734
16688
15672
11921
11814
26810
12407
18564
29059
9792
12107
15131
3269
15013
471
19838
3011
7796
10833
30108
22274
31020
20231
10781
3545
8924
1440
4248
19410
25584
25509
23559
23890
26443
30784
28536
10109
4758
4931
6405
18260
14551
32107
30981
11296
23365
1511
27012
12564
27739
2324
31217
31278
18731
21643
21271
6238
23797
3165
5967
14570
8952
30109
4851
25617
31368
18975
20757
3823
353
31104
26737
1184
26683
31590
5281
27304
30110
5897
28560
25746
11000
17395
24369
6872
16365
2052
2929
10499
26606
30392
28778
14099
5645
13741
24793
16929
13071
10847
3282
22595
31171
13622
24754
19376
28051
7620
20566
8485
8025
5191
25226
15751
13428
27766
4292
5833
25626
30074
20243
27664
24303
4922
20562
18709
21719
31963
23201
22731
3337
17543
16406
19267
17510
3182
20399
21196
17928
3339
21131
31838
29213
20649
26970
26425
9974
18469
24083
8137
16475
7413
15845
8653
8482
25705
20335
17848
31488
6193
14643
7511
18590
30752
27720
949
11759
14640
10064
25660
12994
9669
9642
32028
2963
4918
20201
8433
25767
20617
31364
15264
25432
29310
7118
7809
20909
8400
27177
22468
10285
18615
22903
6413
27125
22705
30418
29026
1801
27010
32125
24135
14568
30841
14362
30759
3427
5878
541
15862
5038
13097
32128
17429
24504
24092
20665
19062
22456
13044
233
32256
8
17268
15446
26933
14647
11714
10523
22546
9306
16238
3102
13110
8610
18864
23619
5703
7476
2801
5599
9618
7732
20877
25200
26353
19491
15320
26763
8690
24172
14687
22549
2869
10809
12656
1718
16150
17035
29404
12427
20364
24202
20731
12571
26961
31258
4593
18573
21572
25774
4656
16664
21259
12897
16702
2234
9724
17219
23481
4909
13630
21744
1688
6167
9771
21096
12211
385
24569
22042
22406
7818
17306
4674
10289
28252
6880
4981
32196
5984
741
4474
17338
24238
21930
16988
19395
13256
22270
25533
455
9351
10402
28269
8487
19797
18858
10300
20294
6557
9510
2060
16200
26752
29698
8234
17177
27082
30251
734
28081
18212
18163
21824
10903
28043
20663
1102
28324
2816
9151
20540
26122
5249
13413
8715
17301
26681
17530
24413
5424
24564
31717
12424
16810
26581
29837
27881
5050
27979
15738
8571
30273
14913
6455
26023
17872
4245
31610
29278
23402
6604
2566
12134
13451
32516
9425
10993
23656
15657
14690
12148
31353
2412
25982
27574
10805
23025
11523
24872
29
26312
18196
3188
24571
14111
18038
31832
2156
3766
8506
19125
30620
20371
23453
11235
3409
9206
23084
2120
3627
1167
7980
21545
27690
28399
30520
6591
30832
24637
22828
27022
25160
26666
32066
9458
10088
26662
28539
22267
22899
21205
8513
3962
23746
32700
15946
29788
1124
26433
18623
32055
12131
23250
16542
3363
19273
3428
23133
24267
24547
31
2256
30404
2117
10071
24140
4125
32014
23487
2317
14135
5102
27609
28373
1750
22629
25009
11222
15225
8653
20683
30930
4327
19098
16474
15489
7691
27873
1458
19507
8961
18455
8960
8118
32113
13340
32313
31866
14108
17783
1104
23539
25268
1764
3244
4415
15089
27660
4313
29193
14305
24979
3198
1709
3712
7767
6543
1436
20104
6647
7363
7683
4746
19603
5705
21927
30270
7123
27319
32275
18200
6443
14403
1270
8987
30045
3125
9159
31218
19775
3228
12970
9277
13246
27200
8855
1321
7459
11993
25273
27203
3989
15230
13588
7566
15583
2912
13931
24018
26996
3768
7521
12600
17584
12798
29918
17940
5729
25948
21940
22018
25990
14434
25475
16180
31831
24059
4314
18442
28037
11424
28318
16611
32450
28363
2736
30772
7300
6063
8650
13527
15110
12326
10410
10917
18576
4075
28787
7494
5369
14089
27216
9544
21098
23443
20058
19311
4964
32662
10684
28236
27141
9036
6164
9745
3207
26514
11293
6820
8969
13468
19340
32754
8850
14568
567
11398
22867
21616
4220
32346
4140
17444
14561
493
25970
8599
4344
3989
17648
2809
22918
21271
8491
1861
8675
29045
20971
31419
15012
16647
15350
16273
15224
18381
9759
14054
8272
29700
24447
26103
16835
17143
6915
29589
11440
18968
9255
6615
7461
22095
20736
24588
8319
5522
21888
12531
8915
32438
23542
8495
27533
27525
1748
31221
19799
6416
16309
23560
3389
583
30622
3815
17678
18630
15492
20548
17669
8178
18447
14265
14504
28229
27550
695
4849
6374
32139
23743
1452
11645
11184
30676
2080
24133
22314
2352
12529
1123
23900
32310
26437
7286
29239
32168
12070
29039
28601
2330
5416
27043
16052
21158
32075
10782
15569
6882
22818
1082
17364
11023
2357
24945
13858
16275
28069
8560
13440
30378
27150
7788
24861
5976
24753
19385
21459
17570
26835
8857
9130
28925
17504
20818
10654
9735
22740
24707
24738
29813
12123
17079
1764
8268
16439
571
25683
23893
3427
301
23135
12234
20598
32726
8447
17750
16329
23866
21753
23101
11996
17900
15198
32470
3574
17703
24147
20802
3340
27675
26391
32600
26084
901
22850
9439
4475
31618
4939
23040
27811
3493
14413
1530
4080
17735
26379
18968
24277
25118
25137
6369
4619
18706
3549
19854
16690
30539
26205
22465
12219
11151
21563
20339
24837
14795
374
1326
14278
15599
5139
25213
9389
6911
29140
11938
10310
3943
29000
2950
11293
12176
7172
16118
30502
7600
26159
7179
16732
24038
32580
8426
10921
390
8211
7342
6406
7346
31241
29091
16867
14890
11186
18357
25289
16740
24188
17192
27966
736
29118
5001
10729
24246
22264
28388
5878
14705
861
19767
1468
13087
6798
30759
15261
21673
13993
17138
6702
10081
29058
32421
4760
27354
4912
32399
26687
23804
2508
16629
1697
18519
3701
4103
28288
19640
7063
12051
32323
5626
6253
26617
6554
29983
24005
3295
29793
4000
30724
16933
1223
6400
19049
9371
24751
19111
30614
8178
2646
3566
13132
2417
28726
3191
24950
21225
9259
6847
9833
27115
3541
12534
19562
5944
7229
26126
8816
29305
15035
8466
14380
15921
3351
29881
6983
16367
14062
22843
31211
26824
12887
14435
20100
25092
31175
32741
30920
21016
2354
11763
26613
28117
31347
3083
14937
10718
16622
3091
30232
8287
18548
31655
16170
32508
31591
434
11939
4360
29726
6715
12087
14840
23946
1154
765
29719
18202
22348
22131
10107
28637
12155
1219
27959
19687
11489
28996
4818
20213
12630
6724
29176
11092
5640
18693
28784
11262
19219
773
15438
19207
5458
8322
6250
7479
24180
11326
19728
20473
19282
28800
4345
15987
3199
21851
32378
25079
7457
29746
26876
8602
25600
1148
9900
17698
27357
1477
8820
3878
8197
19189
18985
17008
22054
19157
11526
5798
30304
22991
24153
24618
6303
12534
28796
28478
30249
26182
7175
27244
27251
14892
26436
10277
30265
24137
25059
19368
30925
6515
18671
10533
5040
27900
9985
13602
27743
7991
17588
799
16495
20281
32088
6005
32732
30173
19435
4228
24991
30731
9285
27405
9854
11833
27794
26077
32296
1329
11013
18604
17025
7189
15307
4676
32059
929
9022
20966
27558
689
20572
12265
29897
1027
25463
27044
17841
4413
19757
17550
2057
32562
22939
15524
26347
12129
31694
29195
22006
2750
28026
6647
20129
6582
30447
30411
30670
23917
29512
7042
27555
20042
25830
32333
3989
9141
11805
7805
12997
18719
16940
16804
26256
9283
25203
3063
17761
4268
15328
30711
7114
13432
30891
29009
10196
4699
6723
5890
25235
31975
12168
26814
2045
20234
15162
25491
20732
3544
24241
20938
5057
22410
7375
21006
15964
17351
18740
22992
24457
6435
30640
14057
12749
31718
32766
21633
23746
31246
27055
18224
24751
6295
21604
25700
24668
17913
12352
26883
15653
22003
23197
29521
14668
27271
29438
21523
5268
28230
31813
31477
22283
973
7719
553
15911
3728
6876
7505
20
14550
19739
28575
22861
6917
16965
3386
6250
26656
17633
11236
7224
17294
27464
18139
30735
9245
32417
14844
12896
26694
19984
6190
20878
32691
16939
16638
11007
19966
17582
31111
10354
10940
20591
3221
30611
8890
15764
13834
22476
24198
7683
23936
31327
21041
15898
25647
10418
6740
7585
2577
9449
10833
29948
11845
30906
12251
6821
28338
9853
20409
23770
27372
28803
8134
9107
11867
10921
573
28343
1434
18989
17971
1167
17181
10176
12645
25723
14103
10204
22324
20964
24218
15703
24814
2929
3584
31289
11087
638
6795
8907
23880
9930
18248
30448
23550
6767
31033
9656
16406
25112
30386
7987
12336
25966
13828
14467
17585
21459
32601
22069
22726
16723
26079
4306
27814
4055
23593
1968
32023
30876
26578
22030
29747
18916
14435
24160
5996
11500
9590
24552
5838
2077
22556
2694
8580
20870
9085
1233
9118
25994
20670
6246
4369
13782
25128
30849
25087
25751
4486
22218
9273
8169
3534
14961
17923
20882
15364
19836
32279
30448
32604
5216
29932
13616
19615
17359
4919
32193
3279
10450
6579
22280
4878
22295
26141
7510
10684
4492
2435
20503
31456
8493
5055
16204
22473
3609
14399
11579
9205
28396
12295
14436
26417
16969
31992
8632
19202
1718
29266
17158
1860
1197
9848
18870
529
32495
12787
2489
9956
15644
24506
31936
14590
9345
12976
16812
9481
21297
25711
12358
5628
29015
16708
21809
20798
11466
1402
27165
7694
4834
8156
7740
15394
15499
32117
17146
11662
151
17050
12521
22504
8281
5419
30970
16554
8815
23573
13811
26839
20447
6171
4637
3042
1894
14807
21821
17867
23308
6395
3782
25739
11260
28893
12365
26802
14483
1587
11325
31055
20663
23066
27852
20240
9322
3678
14126
23210
24734
24309
20232
10875
3659
21708
28199
21358
26560
5575
25714
24864
6199
30211
29725
4417
6571
11870
15904
24124
9454
23609
21224
7450
26614
11900
15180
12963
30327
25563
3522
9159
10424
32344
25555
1341
23711
20489
17356
3690
19725
17692
21175
21380
29554
3864
25225
27383
10136
5477
12445
520
29123
20239
26721
9400
17148
27079
15952
15595
1962
25131
14112
3273
18530
28999
28476
10341
19712
29531
30324
12956
30199
11230
5107
24897
16357
2756
1650
3191
9579
22269
5292
19805
21307
25150
530
28657
25202
10755
15295
15406
3369
2517
20910
23160
4422
25288
4139
22330
13720
23625
19847
2510
9508
8726
16400
25245
5305
17294
28736
25735
26315
6187
6965
19845
16766
19789
6497
12940
19200
313
7555
4789
28
3937
24534
9628
22796
29158
2440
26885
12431
23643
29805
12742
8508
29644
4853
17377
19734
18430
5212
13808
17248
29177
6432
9158
30899
31684
3000
29779
1357
30064
29059
14024
7596
23383
18431
23292
31068
12710
16955
18702
7181
31001
31375
7245
13544
24838
27786
1364
2083
23197
19244
6009
5843
29038
1877
1385
30978
3372
6782
4364
7682
176
27047
12975
26368
2624
21648
15201
20444
10514
17708
30365
6713
27660
21331
3882
11984
7630
20663
15168
10505
29170
20761
29676
16588
6034
701
15285
1684
21771
27419
14464
9670
4353
23511
9393
8514
27812
13299
23443
15927
21297
16708
1274
4411
8891
22050
9255
24987
21035
26468
3563
22255
14470
18060
2576
9458
22894
19518
9204
10641
23276
1783
28279
12610
2156
16891
16151
21911
1801
30863
9306
10771
7947
2409
7021
11068
16046
15973
18698
9201
6694
31865
14750
31998
3295
12267
27820
10990
8201
18625
12140
11809
23124
23418
2745
22814
15608
14843
18474
20777
4601
6348
21118
32025
28585
5252
30013
22116
5486
11138
16284
20604
1477
32734
3745
19038
391
30111
649
15975
18540
303
25447
9322
17101
14860
14605
14849
30894
1471
6703
9504
31227
28434
30406
9456
7186
32126
25011
17626
12418
8419
7589
17889
6418
1404
28988
12854
23814
25617
1647
20230
9117
8814
22827
24727
14302
22549
31036
29843
31124
2864
9073
9892
24472
14793
30203
4928
28494
829
17431
27847
19826
1518
19693
26315
19477
17721
22967
27566
6626
11176
1829
20595
30374
32104
15872
31438
4368
20221
7951
11645
29109
21556
26167
28379
5974
7001
2277
15795
10342
2219
5041
2130
24007
9741
2875
6624
2773
6910
21593
29168
26277
24779
26485
14933
31374
1795
21296
20279
23017
7212
21067
3431
1814
3764
30920
23280
10688
6699
15436
7663
31329
5295
23496
5540
1800
12455
27224
18888
13658
1716
364
1057
9686
31716
24101
2133
23646
22569
28162
32252
20979
8458
3771
16632
21441
3225
1389
3081
21339
8357
28920
12700
3143
21040
15269
22244
8893
14627
20493
25900
8108
11329
5430
9580
28158
22874
30206
14874
15645
11713
30653
27458
27830
8960
9254
30937
26045
17353
19054
26447
1201
32048
23473
31331
31009
4120
26257
21051
15983
14059
30240
24244
4564
21391
22528
7415
2468
14741
3528
21325
12755
26803
28074
16180
20921
19316
13907
27058
16146
20014
6675
5609
25161
25141
1342
32236
20470
16718
9170
20945
7077
1382
27225
11527
18393
26756
9745
30186
30544
16637
22603
23445
17289
3559
24849
26103
23684
10191
15627
19498
21961
27055
23204
1279
17579
26138
19048
17886
5070
31930
20144
25549
12263
25596
3714
19150
29123
31498
28595
32622
27019
30714
23630
24219
28486
17988
30522
4022
7327
10618
1046
23785
5096
30771
1640
26043
14432
841
23543
24545
15281
32068
22133
23127
9405
30229
6241
14000
13210
16136
14636
19627
18139
19188
29851
27654
9746
24244
26988
12439
21907
9691
11068
23704
22394
32676
11176
11587
32239
6184
16051
23967
12968
8660
15975
19353
22448
17177
4544
29526
9575
3173
6853
13512
10699
2643
20472
6015
19701
18463
1264
194
32486
22108
9797
4063
29316
10729
27820
5311
2528
26401
19299
21693
22458
27986
7632
4536
23111
13936
22629
1895
21298
24331
16582
21229
24800
27263
28974
30894
15608
5995
11023
31840
17443
22628
15608
16229
11024
17642
32700
6488
1212
5786
11985
24294
32240
1702
8182
19167
29195
8067
7704
32140
15617
22241
27511
1604
28324
992
12037
11066
17186
1409
20750
25497
1231
11610
2846
14291
15141
17039
12064
31797
19209
12541
27075
6592
27728
14520
1058
22836
6274
12728
26787
25709
22238
14287
28447
29170
2462
21214
13380
20172
8316
28489
56
14996
21620
15016
127
18896
20684
14528
22815
17024
27986
9393
20738
9971
24037
29296
7579
25311
31542
1144
4557
20145
2256
27069
13320
32034
7254
14306
32693
1803
2572
21931
21972
18810
31385
18869
24803
18949
3596
24933
28674
13662
12316
17438
3414
11304
436
18103
21419
21001
31663
4908
18269
21249
12000
30867
13944
21242
17749
30546
25630
31648
10460
23952
809
7282
29383
2025
17426
4377
2285
6758
31250
25081
3057
17836
7046
21255
31431
27763
8600
21722
12147
15674
2844
3076
6420
5177
1720
25250
22306
14744
2120
22578
6644
20446
19840
933
27781
1708
5587
31669
19319
26027
4500
6521
11608
17347
19548
18743
24613
16014
5803
23929
24588
17932
13010
6243
2934
4248
18704
24387
22597
2842
26363
19562
28250
6527
3617
4923
19291
15206
5616
27265
21427
26908
25811
28934
29914
15563
17566
16481
15574
15342
22060
8719
2818
21768
26694
6853
15886
26006
13767
16389
839
23618
20222
3056
11032
19289
12884
9051
9937
32639
22575
16932
5032
28322
13846
16838
30462
4908
32021
28204
4067
1917
5987
7363
25051
30104
10562
14803
23778
12060
6439
16399
18095
375
25371
20075
18742
6742
15201
20525
19056
4191
17497
27463
29022
25635
23460
10468
31820
3406
17033
3137
19539
26657
9623
3006
18977
5923
18316
8245
2045
11539
21366
24202
17669
13088
6680
20355
13754
24413
16015
31194
13759
3951
5686
21137
18142
23432
16326
1926
332
21914
13762
22599
22830
18628
24594
28967
23899
3345
26861
31890
21348
17249
22781
24221
21714
3495
16062
20193
20910
5973
25896
17546
7239
533
23949
26795
25135
2746
24772
725
13959
31350
19335
5095
4476
14413
14874
4903
26898
3785
1837
402
18209
31216
12804
18289
156
4467
28629
4141
29209
25384
27762
6244
25998
20922
32295
8764
1369
19360
20710
1016
132
28235
19617
1225
17478
27044
15096
31718
28365
14261
28692
26078
24378
31910
31443
25645
1774
8940
8229
23310
24580
1981
9654
8593
11550
19399
12237
30701
26213
7201
13940
14359
30667
1922
21977
29844
13460
13233
32244
31115
9236
1852
17770
25630
3002
7021
25521
17402
23117
2682
5749
31533
22646
28156
30267
20537
17023
8610
32325
26214
12122
7719
19381
4188
26853
129
22517
12528
6508
4444
12885
7743
29295
24774
31990
15097
12454
18988
12520
14848
8515
29829
28047
16434
3191
8909
22347
22658
10551
26805
18775
28238
32320
6041
24306
16877
21593
30642
6077
2951
7640
8589
7013
16425
30567
3003
24705
11544
9736
8395
15038
23910
13911
29045
5177
32196
8463
22296
22060
12951
6352
6759
17613
5198
25888
29278
21107
17906
28335
28540
11771
23038
24799
10028
4202
31090
1155
13188
3539
291
14311
23345
28028
2389
10258
30130
19772
2955
12103
24517
5159
6814
31954
5151
30830
24845
27137
15456
7296
22932
8304
20038
1909
30208
30089
2337
31917
10305
8012
26503
30388
449
9804
22856
18793
23796
14586
22948
12128
17713
17446
13756
18052
4288
29891
5959
16385
24884
1771
10118
18273
32250
1571
24186
25844
15667
25311
21076
24438
28351
329
6957
24812
32154
9534
7927
25295
15212
24473
22964
9580
2651
24757
30182
13963
22820
21549
18758
19279
9578
10726
2488
29021
30798
28752
20095
23360
4415
9192
12717
19469
13075
6146
9694
26178
18263
23749
21542
25076
19428
18039
5704
28202
16051
31227
24873
16772
31731
8855
13188
7712
16984
13563
23774
19645
20917
25471
12477
21281
22477
10157
31253
27065
8039
1279
17155
29824
13728
26857
17597
801
31109
19482
5066
7264
18913
30976
23662
22710
17748
7050
17257
4155
20645
32305
16097
8138
22361
6201
31644
2399
31365
20788
8818
29635
8672
7625
4610
19820
8988
22963
24741
5790
29559
780
15008
5847
6029
15052
28830
362
17776
11917
19037
19818
27898
20369
29095
17609
6754
31493
2436
3777
26382
30599
17838
14707
27816
27623
5701
1743
28276
13098
15300
179
11489
12757
22324
6231
5982
4200
19103
21736
20590
32552
32200
21875
14335
26401
23321
10757
28664
11372
6365
18449
3857
26030
8879
7697
30183
11489
14130
2672
31312
27991
3587
14760
23787
21243
6636
12200
15612
16091
15195
120
32375
25827
30482
31775
22107
30443
1311
20933
28993
245
19471
28181
26677
23215
7263
6373
30660
21056
16435
5657
11606
29760
13130
19908
32447
5384
5938
16273
16
32557
14264
17762
11187
27463
13219
26934
28855
9463
7586
21072
31592
296
10626
3478
27683
2452
14756
13623
28776
394
24751
15248
29233
10223
11138
23889
20866
23172
18285
32475
23618
32358
22688
30957
30793
20955
5347
6272
13242
2891
30344
21999
12179
27021
7070
1883
6274
6501
9576
4686
8699
5194
11278
24734
14215
23660
6801
7317
22623
14837
1796
30798
20793
23951
23290
1122
18530
3111
24635
22981
20493
14321
1467
6890
29419
10925
28876
4142
28411
9512
11922
25459
4772
6149
6583
16139
28673
22973
18529
21465
23164
32229
5729
2738
25246
12720
8110
25865
17445
16820
16145
20684
31319
11505
25889
29577
28311
26895
23410
12501
30006
15335
18442
28654
3211
20037
1300
25759
4678
23532
8409
24420
25345
9435
6635
26831
6168
975
11171
11306
22459
19977
16078
30046
27457
24657
21156
17940
4031
32059
29178
17945
13530
24745
2232
4871
7641
11409
11660
13090
6399
4865
13280
12160
16663
24928
6666
6509
32080
20726
10179
32525
13131
16559
20699
4931
24435
15387
12331
3282
1933
29626
11978
194
15247
2679
11140
15366
6326
23666
13959
24667
723
8962
13664
18547
2022
6651
806
30547
8685
2604
24821
5882
19198
23852
19102
19011
6036
7767
925
22028
19239
3347
28748
26008
6911
9304
3926
28210
4937
15215
10093
30227
21099
9209
32064
17030
3733
26932
9639
12618
6552
5242
18465
16696
22268
6922
25985
3621
22604
22795
30436
17418
5045
15822
30950
19811
26832
3412
14102
16596
26555
23312
27559
21010
3694
8685
1896
18945
28748
7571
13814
18970
31737
18662
29231
24336
21356
9680
16107
9907
27205
12865
22503
3348
24160
11892
28418
25834
16042
6259
18860
24372
13363
221
21147
9760
16773
7399
29631
7980
3125
14753
19577
6283
25783
29819
6152
26058
118
23815
22596
12211
6692
25600
6286
31602
27727
15244
23815
11510
14902
3262
4608
2202
23258
9823
4018
30725
31320
2286
1583
5710
1397
29669
26009
18276
29563
22590
5778
24238
25156
21558
5875
6382
14484
7249
20161
28011
17068
30110
12637
31311
32027
9532
32506
4174
472
31005
14932
8584
19342
19978
9888
6065
17207
14055
25022
21871
19436
10553
28342
26371
16635
21221
17506
9772
6715
32058
13416
21832
10908
8498
15980
30141
11522
4341
9091
23959
4948
23199
19946
20595
19407
18499
24824
8091
28833
8496
1361
5490
5555
4211
17757
12307
10438
21661
3576
28469
6081
7366
10091
14674
12617
14033
15003
7176
29587
29426
13953
27583
15734
24686
10714
1676
5573
18338
25888
15957
31963
1351
30904
11830
31863
10996
25453
32548
27083
2276
1309
24528
3535
1274
10674
13262
10203
25346
16468
15863
32373
25146
4830
18956
29288
21521
4494
6556
18454
4142
1792
6183
6926
27060
18525
6787
12257
2501
13776
11647
6194
21317
7993
14279
23821
13280
24870
29447
9082
1614
19967
83
32593
27093
14208
7111
26703
13072
11372
13162
1386
23024
16000
25944
16994
2304
25766
10529
25497
12781
19820
10348
3108
19269
13748
2784
27170
7039
6061
14660
32076
13628
17922
23524
11214
2252
18257
6199
6486
12020
1502
20928
29802
20718
10121
29234
11774
20914
8701
31959
20294
7284
24363
28978
25033
15470
1527
16612
7607
8671
15152
23756
21116
14420
28358
7538
15765
12838
2359
2726
17314
11588
3403
18020
16317
5426
513
7931
23819
26194
14537
3182
11920
13923
17395
7451
31048
9799
12648
5530
25715
8457
23960
18408
1072
3102
29363
26053
29261
19691
26652
21082
26974
18312
5659
14111
5644
15044
12754
24572
4784
7529
17778
8879
16673
24769
30894
21869
30409
15448
15728
6348
12031
26372
13515
30944
14225
24867
24626
10660
2975
13348
29415
25244
20656
19273
22453
7609
10751
18858
16098
15741
22038
382
18528
24159
19102
28822
7747
22385
17014
26154
4984
11840
29186
13784
6835
508
21958
7146
10665
12761
20275
14040
23680
17076
960
14861
28035
18426
12861
15854
21787
21446
29284
20761
9722
12873
4786
12010
31130
29807
2165
16196
230
3519
9765
17294
3383
2436
3063
21755
9601
6954
1712
6159
31695
3562
20663
18783
22252
22442
26991
1944
17507
21278
30403
32450
9898
25908
25859
22726
29595
4527
14574
5934
14115
17169
18448
14893
11838
18879
19278
22751
3619
22112
32703
3793
19387
29574
18877
25284
30552
17040
3644
2734
164
32719
13915
12546
30424
4583
4409
7985
6446
10360
2058
29041
19352
11774
22634
14269
17330
4342
18672
10269
501
10307
3079
17959
27438
14031
17657
9158
5679
21109
25421
7994
8645
12831
18515
16992
9962
10027
27389
10036
6971
17940
28144
1428
14252
590
23515
20039
14202
16753
32264
30525
865
10650
305
23832
7440
12046
23700
24044
24282
9505
12105
4419
25518
22103
2004
16741
11081
26568
18935
2518
20138
3017
9930
16159
22726
18376
23309
977
6014
20856
10172
11976
30926
18223
14564
26285
18503
18316
28342
5822
24767
11356
15577
8402
9799
27838
5125
28823
23645
27270
2510
21535
11363
12000
12989
15771
28752
23094
25253
21094
5542
19283
18228
27461
11428
16840
4297
27117
30652
32654
7557
1989
3911
11758
23205
494
28024
2462
20495
18049
30350
6701
2602
1815
20814
30880
22003
21647
9137
26974
846
10251
2010
19785
8601
32060
19786
11822
27271
25056
23127
27231
20268
7816
16858
17310
23380
23711
24873
21821
25369
28072
6725
13700
11957
6087
32340
18003
6292
2947
31825
30984
20910
26314
26626
2467
16403
26933
27946
29993
11207
15758
17153
12102
11729
31888
13281
23349
5519
19693
19778
3045
14412
17558
19432
20308
24340
28470
6235
2367
18119
7679
26520
24830
26221
25770
21510
18090
28617
26553
683
21376
15921
24576
10400
2442
10141
30563
1218
13948
25597
25313
8619
32220
32464
24018
29665
20069
1778
27244
10316
18094
28853
31628
14062
19719
24116
27572
3534
24227
16868
25935
26677
23037
3948
8253
9757
18548
28343
6283
14311
27448
9543
8834
29260
3946
10700
32740
24214
28031
5621
23154
23312
6118
27270
18353
8123
15594
22955
14830
31554
16345
2955
640
23600
28006
4385
18765
31329
20300
31047
7568
13494
25396
15380
985
30477
14553
28776
9557
15473
15210
32709
1103
397
10800
19553
23031
15207
1136
32121
354
9803
27795
26087
5075
260
18052
14583
6713
2131
5466
375
30712
18073
23607
3853
29420
3031
1647
19918
31915
8664
6893
15371
8459
4269
16083
29294
15845
1882
19297
29254
26648
15567
31512
11808
8656
23834
29215
151
17928
22234
9701
1389
19789
7415
26632
2266
20421
12432
6262
291
26737
1845
17106
18031
23983
8535
11033
31959
13059
25852
3461
25788
2070
4279
5553
1373
26879
23256
20735
26024
29634
4320
8247
18257
30486
19256
27760
6178
28268
2338
9012
3474
32556
18671
15839
7832
23362
28787
22600
20417
11481
6582
6819
1409
28518
6124
31398
20678
23017
18599
6123
27091
15984
1356
14230
19788
732
18627
9015
12173
5863
23923
28402
14912
2918
10094
27357
18479
11980
24296
17321
4950
21232
20206
5765
2365
8208
27733
31807
14725
6421
22768
20396
4800
13592
9990
13131
24966
12838
28930
6693
17861
1344
6509
22519
4696
2982
18202
31891
19163
24918
29088
32388
13246
207
4621
30961
10393
4122
19417
196
11455
32523
8729
21770
27158
23237
3317
28317
4646
31356
860
13057
21871
27007
19703
20109
25856
12917
12379
31179
12869
28646
20866
11809
24865
17918
21628
3504
8252
10638
6242
636
23455
6228
7820
22733
32126
9852
29187
22742
12628
1382
9017
9109
23862
26538
11256
22266
17760
26202
20377
15691
3605
19335
19318
3015
4006
26118
27554
29834
12496
19059
22487
4016
15178
9591
11439
24509
24223
839
13591
30013
21818
12397
22529
30119
24511
6091
3674
2439
2722
16861
30012
30172
29170
22846
20580
25791
30581
22638
4326
8518
7930
17618
13343
19112
1259
6908
3820
17058
8994
20525
22809
23321
22525
3352
3357
1792
25525
1513
28676
4732
20459
4998
21932
9798
30084
29205
30004
6738
5303
18622
25010
23470
13156
24242
31524
27052
13736
8556
27562
11843
25774
24631
1266
13747
22472
24816
4595
2408
29630
12813
28894
12833
29798
24030
2385
9553
13428
25363
29390
8645
10132
5759
24429
16264
15030
21019
7885
14084
3753
5454
19792
9065
16620
31339
904
17491
14017
9596
6636
679
7810
4158
21712
15549
6968
22380
3220
7621
20074
27968
9755
1123
13363
21816
28542
15517
1431
19734
13570
4343
5399
1834
8776
30428
22915
22995
17348
23104
6928
2116
15472
19588
30379
2180
962
6810
11148
27320
16347
3689
26381
17829
4097
24435
701
19569
23375
5813
26800
29097
30635
27086
4634
15241
15609
20836
21532
11639
22670
24260
28382
27344
29928
5320
4830
30439
2460
18430
20616
13899
26511
18950
9734
5449
21865
25660
8025
30642
20551
26008
15529
21983
17585
18386
4825
10993
21451
12233
23135
6237
30927
19749
24659
25257
8890
23867
3525
11120
5702
21810
31060
3244
11289
30564
14076
31029
16188
22535
23088
1668
24526
5389
24105
957
7674
17736
26749
493
294
25298
6643
12687
32621
13484
24982
14678
2384
31653
1544
27174
32168
26238
22809
29795
6623
4427
18840
623
14944
5148
18282
23662
32588
25821
11736
31053
10607
4219
10285
8450
17266
3913
17537
1045
27474
14497
10448
27743
20497
6606
7759
27410
14251
13353
26367
10233
8523
26243
4482
13825
22463
1475
16174
4345
2089
26832
4192
10390
12536
27570
11026
7354
32023
11764
4016
3829
24420
4172
12328
11597
612
13694
32065
23098
24629
2685
24109
5621
5828
6611
18017
3314
19520
11844
23972
28587
14286
2222
28262
30624
8830
11572
3668
15772
29821
2971
13609
17721
8845
1780
13767
24998
4019
8316
19846
22440
14127
18880
15820
24799
12977
8709
9182
29771
28874
8934
757
30735
12193
63
13461
16500
4071
16202
13082
48
21517
18696
29332
3561
8116
31715
15316
8949
19301
145
15815
30564
8322
26171
18691
24384
4476
18911
27040
19731
16967
3315
21321
23978
29963
24395
21394
20761
12061
8252
16012
5375
10797
23298
2456
17419
26049
25183
2168
16063
27874
20357
172
16756
9236
26678
1787
7071
13196
12330
23376
27730
24990
10673
14023
2054
29045
2457
16392
27543
23046
25170
6612
24720
26950
2640
16349
13993
10139
16817
9691
13966
3985
23328
19676
12770
28111
27641
17115
21636
32073
18349
16533
6929
5047
19049
22936
4778
29253
14066
29341
17911
3724
11220
29207
31595
26561
29627
24332
10442
15404
13601
25124
16361
13020
17705
23808
14518
19866
8651
3020
31863
14107
22322
25880
5719
16762
21602
11235
19742
10469
29470
26617
2624
28310
14089
14464
12825
24580
2059
13517
20855
7771
27638
20348
17497
14890
874
28607
14838
14172
19958
13558
14849
3434
31103
6272
3884
30671
16614
25041
15083
10939
7653
8389
22138
16395
21050
8756
1313
28793
3080
4807
23479
27920
10618
17418
24933
27876
24489
18370
3500
17151
18624
21888
26537
4254
7518
11894
10904
26526
7483
29578
5016
28977
27407
8617
15533
27861
24495
10334
10507
7047
6265
20131
26258
27443
17651
23031
26773
30320
30639
11184
32735
11370
32370
18579
5112
13599
1428
32418
420
26063
2730
7477
17069
22957
25187
29516
17122
731
21936
2084
1632
18325
6696
16904
1296
32685
10666
28522
24433
26167
15684
26162
20632
21381
28499
11606
373
21334
18668
25771
8535
27466
15995
24315
26546
9625
24490
8791
25377
13317
16005
17070
14759
16141
20955
19103
15930
13668
22247
9868
32642
12193
30255
17904
13278
15416
12205
26354
9896
10153
21037
16442
2746
5367
502
32003
22064
31324
4780
16241
2928
22075
14453
7461
4968
12374
21595
18960
3351
15169
24562
25988
13903
10775
15418
7569
20921
3691
26566
7310
11801
21121
24606
29942
13011
9150
12899
32630
5551
24926
32561
24387
7641
25445
30153
8369
6188
11736
2672
9730
24751
25644
27666
22139
9568
4351
32043
17342
17969
5638
21480
14675
30289
22599
1417
27272
684
31880
16649
12923
25013
18439
32001
6773
28771
31083
15562
6777
121
11771
12513
18461
7179
9998
13968
26521
8766
962
31435
4894
8527
17137
17497
27753
4567
8545
10548
3223
22349
10299
13105
9787
10700
32703
14307
3502
19734
23093
26557
7078
14554
2855
22648
7690
5682
7885
3764
19205
13936
1481
19170
27226
26394
10517
7521
10487
18227
31289
1511
19148
444
21441
8739
11997
4475
15854
12193
22934
29179
27564
25837
31071
25044
964
26107
6513
6700
2643
22470
30440
8062
32379
22328
11289
3995
88
22346
9765
4334
4917
10860
6351
18179
20480
15143
25738
28747
7164
14337
8918
4377
14262
13985
19661
20465
14906
4659
12281
26370
19590
2318
9577
20209
14655
23956
16132
1752
9379
32346
24349
7567
191
31114
28231
24618
4578
16261
9066
20930
5969
30924
4630
20601
27708
29472
29464
3000
13553
27112
23371
12219
27728
11732
21681
27216
25983
28608
3522
11483
5599
13019
4868
20382
15166
10760
18140
31287
12878
1156
2980
30058
4437
28105
21501
18977
23335
17587
3431
20913
24146
19938
6415
7007
5272
25951
18151
19235
5794
29570
1788
21932
30706
10515
17669
15779
7962
18095
8759
13876
28203
29549
353
20171
20337
26306
6452
3099
31325
27042
226
4709
1219
29416
27372
17655
5190
25336
564
32499
17424
8867
7514
18769
4806
10571
15429
12839
27834
11847
1024
10536
9827
2440
11464
1387
31499
1917
5731
6255
25544
13365
30387
29275
23213
25028
22154
15242
24129
28135
20672
18246
18736
2795
18307
17364
21057
4042
1007
11186
18568
5016
29662
23580
24541
22557
31234
29908
8589
18372
1073
25891
21839
2740
23551
18971
30329
30524
26002
544
2419
24948
16562
6567
25964
3617
32
30012
17997
19674
27433
23754
15083
32105
32122
19479
17281
1140
6454
11406
13405
29533
8006
23617
12505
26470
25073
9774
21133
25625
9644
4033
20675
11495
9267
8091
15403
25103
17880
402
8913
25793
1307
11257
12363
18051
12412
27169
7735
18389
32397
28703
2277
10768
10315
23504
31824
22676
32174
18203
19795
11554
10367
20342
4889
21383
4458
13996
21718
4219
6996
221
16308
28616
10479
13254
30993
7599
8331
6978
24807
28551
25135
14097
22667
24487
25576
13785
24987
134
26721
8554
10545
11041
948
8262
21341
27805
25216
28769
6867
30510
1852
32549
6368
6711
29130
17081
18851
1459
25935
14467
8313
23763
16451
11500
16569
23528
6852
12387
11938
5508
7984
23972
3217
2780
20722
21818
14455
9073
13724
4674
23947
18416
5175
31859
20028
9302
16086
23387
14954
21847
6770
3819
5589
1281
22769
12598
17110
15005
6536
1398
21837
25046
25411
22608
474
19741
11746
13657
3408
14155
27879
5592
20582
2184
20717
27854
9136
25196
13115
13363
18382
14181
24473
24451
7652
29017
12387
22393
17482
27532
12507
25370
27524
17347
14787
8694
30580
18090
15404
31659
16590
31603
11913
10410
2765
4800
20487
14398
292
15555
13857
14282
21048
10915
22638
24402
14732
16162
3774
26428
3708
12926
13670
27480
11055
11668
27608
32543
16327
8267
8567
22328
26074
22320
25769
11329
2086
5214
10285
15051
29312
12193
29359
1190
7694
475
11417
14176
3510
8102
45
23560
20182
10042
32721
13367
29238
9618
1705
26706
4411
22218
1899
27401
13149
17868
15727
13859
10202
3883
29702
17534
10156
19279
22541
27985
21433
25555
1986
1205
25419
22571
21718
25956
5823
13706
27843
18368
17025
17922
23391
2583
1592
15086
7089
20005
1085
22157
11012
4058
11602
22767
21051
6494
29841
13333
6500
30803
32674
19284
6544
22618
10033
16890
8417
26328
23455
7476
23780
9210
16888
15663
32545
17654
7462
29054
4081
2964
22372
11452
25488
14062
16373
7026
25971
29043
20757
8762
11740
24626
4656
1829
5547
14166
27218
19035
15479
30700
30431
29185
13533
15085
14980
19808
19224
11640
14445
29507
6610
8799
20408
32672
24890
23781
27434
21627
21591
30918
22817
25096
20636
4984
24522
14864
13244
6833
24980
29333
17344
25641
9701
7097
23894
29345
6667
19676
23660
3108
7797
3333
29437
1421
13347
6787
25131
26441
7771
21972
18831
20318
19614
21445
205
13484
8410
23259
12139
28531
26081
20466
5859
11030
2586
22052
17142
9503
29302
9708
5188
23938
31142
24459
22810
7206
28556
23723
26763
28577
11503
17731
29634
2372
3954
27578
406
6743
29127
13391
18527
5797
29728
3000
23048
60
10470
12553
22118
8302
31150
22232
6088
21019
22633
24479
3536
16691
4314
14689
14977
17270
20046
7313
1432
11902
10631
12847
23072
20224
21241
25908
16961
25935
11577
25392
30041
19233
27570
4146
3150
9878
2458
29160
20514
20086
11556
22023
22215
17338
19191
14317
25141
25679
7648
10630
13755
15126
18115
17260
21906
4399
10456
24658
25784
9335
22035
10146
5371
10063
8164
11109
23892
28064
8225
7524
27255
27420
20033
24460
32168
26310
29898
29591
11728
1972
6924
3561
16080
7955
14096
20408
789
21357
15308
27760
31597
4391
22424
15958
10521
25678
30438
3691
17955
8083
24365
5011
22514
29843
30246
27894
20507
24924
2363
7079
12154
5933
10557
16260
24450
15998
28245
7005
13777
15424
14397
9304
22023
23654
16047
8339
26073
1444
1566
6412
18273
23159
3237
8894
19896
27493
17213
17165
8135
24198
10034
29540
15706
12355
4056
2077
23158
29022
1146
32417
1261
9779
11923
30416
18479
11069
15424
23459
17251
17115
18166
32527
26039
12372
4720
11565
17652
1049
14316
31385
16981
32075
4503
21016
29081
9341
31302
1405
30295
955
13670
26061
19346
8139
4918
9889
10637
5810
9524
4300
32224
1915
5844
18494
10700
10035
32376
10536
31436
10040
15005
97
4460
20660
12114
8969
10846
31076
30703
10604
32203
13726
24835
20776
10471
27538
16014
19091
21960
11216
29297
30039
5496
29450
14114
20575
8265
14619
676
8439
28776
29001
5559
5422
27317
24519
2892
25983
2514
26750
31803
14769
16250
15118
2872
21756
21
15
27908
19821
11401
27548
16608
21132
20050
22802
19783
18235
22997
21525
29916
13025
27377
13012
30626
19912
12248
9614
21611
11460
30237
24406
24211
20502
3598
15379
23533
6543
30787
1994
16126
28153
4471
19232
20841
1458
12439
16666
25259
12442
27417
23080
20232
4399
29583
28770
29381
4855
18044
4369
23960
8223
6502
32625
23133
23137
16428
21685
7946
23339
31898
24908
14565
16125
27707
13155
2293
18
2158
26283
25782
25668
27836
8540
12049
554
22377
25210
32138
8579
6217
1367
7612
31447
25045
7769
3842
6747
12414
5373
17528
27158
15426
7964
17186
10050
10364
365
28778
18165
26112
14668
9424
3584
31591
29625
22237
24599
10152
30116
29272
2611
4841
22888
12221
3125
404
17813
32747
9676
15788
242
24605
10904
10850
1986
10779
24976
13795
1607
13490
29601
7541
23685
22625
11671
14274
3912
11349
6465
14707
19048
3992
12752
10241
22604
21125
14209
28360
12973
5247
26236
19038
4252
10722
5371
32290
5575
7738
31918
2072
1784
9907
13151
18164
10206
6353
5842
18036
9744
14689
12271
9715
13647
30640
20770
19772
16651
26874
29699
25500
22313
6181
6706
15675
12292
32175
13701
12971
30642
13286
23398
5826
15496
15191
18294
16037
9952
25480
29047
20518
24089
11242
14952
19024
16096
12553
29937
31807
18094
31238
19714
24118
22674
14919
21176
235
16177
23405
11392
1829
4107
25478
13438
23945
21504
2948
1328
9393
6418
6639
14670
383
20844
21974
25333
18353
9124
9739
32261
12981
4157
12432
25032
8382
4208
3660
30164
1047
4651
26370
11826
32440
30043
2436
4799
23575
28263
21540
21971
23872
29180
364
15905
2856
3600
11535
26590
830
21537
9502
8486
29252
14526
23423
26011
12637
3145
2972
15695
14695
28923
26712
740
24714
29224
26183
21745
5649
8389
30238
13992
4217
22823
17256
9142
8648
5645
19323
7019
9761
29921
24747
26395
16532
20283
28093
8132
23098
3495
3487
14064
6018
6056
19286
1757
14278
1277
7735
11740
4898
29730
30298
14583
10885
10778
27980
25046
32264
24428
28420
25572
7551
24172
28440
11437
10062
22203
32305
27530
10623
2577
21437
17537
6417
13882
8163
10855
21394
24671
14780
9287
24304
25991
32192
520
23436
29789
28798
17481
23696
21556
31121
15248
6787
7496
19151
8868
13338
17991
18371
14391
29009
11024
350
7112
15547
28858
6633
29128
18198
27352
9534
4860
2339
26107
22840
19234
6069
31609
8808
27351
32263
21101
28937
12472
4690
29183
21046
19912
30879
2278
10587
2322
18394
20011
7658
18063
1321
24367
4431
30025
27004
16111
12581
10433
9572
23175
31146
24974
5928
14069
15472
18760
10006
11296
32598
26020
15895
20761
18359
1760
2694
32160
9697
30050
1858
1258
5321
8860
30978
3489
509
24882
21993
11053
4569
26719
19291
7218
29694
9877
22030
21081
23552
10083
8292
10068
29279
4252
6904
25372
20921
31414
886
30589
25661
10352
19889
5333
13667
25015
8943
31769
3034
30155
27527
12824
24514
10398
5807
30724
284
3965
5263
11566
639
8433
13978
32273
15372
31720
27165
1170
31396
10768
280
15750
12120
24964
32078
30581
13088
2474
4504
7837
29392
1883
19838
2618
5961
5189
9992
12037
32236
9614
22226
23291
5461
9658
14943
24159
29253
1487
12463
17922
12511
27063
9492
2754
30232
29669
15425
23121
9577
29756
22436
23864
7878
32300
25334
7707
6356
10782
8208
30270
27479
1554
25856
9032
24041
31110
92
27207
20210
8346
14294
27637
18132
25203
5393
3642
19302
18141
29875
7921
1956
20276
3004
5103
7077
22148
22294
3137
10445
15599
10604
30390
28227
25167
19264
414
2469
13341
24888
14288
12283
21138
3257
28402
29418
4363
31415
27380
26155
21938
21708
23262
14651
7259
18567
4812
6483
8364
6406
10038
28570
29569
28359
19829
20378
32654
22971
9603
10736
16711
14748
20739
5960
13820
129
31617
20361
17993
944
14330
8525
12205
20147
22431
32148
12665
11438
7638
27577
236
23535
30082
31141
18588
8135
2948
31810
14103
9368
29314
13362
24779
27184
13286
10946
31011
10325
29226
23321
9971
24993
84
31670
30742
6289
4796
31769
14422
23256
27925
2751
12171
5881
12715
14164
2823
28692
13802
1317
30258
1024
32
468
9842
22427
21124
13391
24142
23902
26486
30722
11218
18997
17160
6220
26165
11405
15806
16432
11961
31150
11410
4686
30931
1355
19003
32017
23948
5975
17839
7977
15911
5147
6631
20540
31236
27270
4834
8664
15300
15556
9196
27821
8622
30482
29472
15865
17745
18640
15916
14659
26219
13271
31828
16972
15626
9742
25018
835
14065
20792
10204
9016
9277
13584
16222
16595
5961
3992
20234
1350
31694
10158
9237
25472
10575
9696
30627
22435
29876
28545
11662
15033
1333
14332
28771
32419
28793
15465
20142
26193
25087
23902
15736
3641
20926
2824
9229
22785
3592
14202
21763
5247
7348
17220
6263
27364
14204
6216
11162
29748
26532
26313
22893
31738
1245
14533
4296
20281
7016
20357
7073
9893
32126
32626
23435
275
1008
32298
12157
559
16907
22227
26325
10605
12478
30896
26012
30018
5375
5105
24076
18067
9578
14544
17231
6254
13099
27865
22922
24568
23071
10889
1818
10406
31798
32539
19230
16560
3100
15007
32053
2499
27416
26188
14985
16887
24116
29975
9228
22784
24222
25221
20993
9640
18766
13245
8383
3965
12777
3809
15025
198
23781
23710
930
13500
9455
10242
18743
13815
20361
12430
23741
8487
5368
25229
31269
4
24413
10660
8269
20616
1314
20905
16002
3163
663
27064
23362
17551
30429
23940
6214
9613
26628
14572
14272
30543
4720
18895
1761
28112
18305
5152
20894
24001
8051
19517
17332
10622
642
19324
23273
31296
19794
13063
20117
6548
5263
12523
4194
32524
19408
7019
19024
26164
21442
22170
32252
199
13186
14377
10529
6435
330
23933
4959
14587
15952
10244
10555
10316
10731
21450
2152
22674
20472
23623
8517
4155
22140
9084
4518
27228
20107
3902
7383
32419
3176
4305
25822
17805
19181
19128
18689
3288
7725
18636
3464
4156
31065
32396
12484
2646
19424
32692
4432
20965
31194
10001
18839
22328
13223
8083
25750
5607
28883
932
20452
20162
4669
1720
12015
7687
28537
23845
29576
16856
21362
22070
24482
9451
11348
23674
21590
388
29353
20578
4651
12448
3010
28939
20117
31091
11096
18265
17083
29973
30835
18245
6013
23161
31115
7032
21174
18078
3053
20248
10686
21769
27233
18914
23860
7282
1802
21113
506
25534
15501
2813
23424
9005
6774
7136
11078
9685
20695
245
6556
24399
32561
11466
7085
18864
27288
30264
31419
24506
24339
1080
24748
1876
16450
11256
3526
56
3395
29999
7095
10988
23509
14509
29144
15347
3774
3382
20146
12100
19307
30352
2754
4091
29399
2779
30841
26703
8622
545
1415
28100
31665
25646
345
15777
18012
18594
11488
15781
5830
23876
30613
29942
5834
9881
3514
29018
9572
11958
7138
3241
22109
5714
27571
9859
5419
15391
15851
9790
28435
28251
1441
22818
18576
23201
26830
217
504
12294
10763
9761
20317
10081
24476
964
18353
26090
7086
7626
28462
28167
27101
22765
16629
4706
17913
9805
31734
7999
28682
5989
14095
11789
16785
28222
120
22330
26641
32226
3166
13900
10446
28436
14030
29742
4565
15678
23765
19399
15420
32683
20710
15569
939
21238
28283
24809
22300
30403
4351
5858
1758
29612
29164
30815
13280
23935
12849
19873
17452
1446
4822
29597
178
12774
8418
26706
16455
11085
22653
29017
17389
14693
850
4286
10325
23982
22071
15374
4258
25419
4624
2481
28272
5884
11248
18554
2837
15180
16514
13693
13862
3340
22184
17441
15678
27647
13665
11382
4346
31703
20720
13256
15176
20832
4923
25460
2786
32764
881
8698
6165
6991
4335
25172
1735
315
1381
23942
10680
15
25140
2679
27400
11515
11547
18431
7674
32456
28691
27969
7671
197
28791
13371
24278
12805
24936
12955
21082
25799
5488
21716
18172
12854
29541
3954
9195
22099
12945
15018
9810
2095
8719
19510
985
8797
32632
25440
5742
12199
8384
23388
30021
12288
30042
22490
7965
10682
8867
32732
6598
23289
16253
23237
10976
8040
29498
947
3557
24106
31677
9999
19306
5140
24283
32355
5537
19993
19207
15979
20003
10245
27439
11118
6380
9071
12769
18382
8359
27368
24498
20703
28717
21881
18656
32245
1352
15949
7734
13761
188
1194
15664
11741
6024
18470
19296
10405
10601
13591
8464
17737
8352
30027
18217
5664
32501
6393
3156
28991
15356
3064
30046
12107
22679
27439
3297
19595
19388
20045
22049
8257
11384
22970
26420
7739
15668
11469
28262
22181
15416
63
9947
10273
7533
2271
118
22554
4455
29320
32506
1364
32162
1872
5231
10440
18956
22275
31432
6320
10180
29392
20674
16862
13602
4417
32271
2897
8951
11889
8884
6154
16150
31865
5552
23324
2067
14379
14046
12803
11850
13827
6172
31030
9763
15194
16813
20224
12181
30685
5596
30859
30441
13118
6114
7486
12993
809
6666
19528
25432
7546
5907
125
5899
6829
15062
5730
22553
15509
24105
26755
10151
3409
31234
1549
10759
27261
21984
14232
26681
20645
30054
17989
19122
31487
2377
14601
12637
11097
26477
31816
19680
11856
20043
10150
7456
28611
30614
22042
14599
13191
15902
17476
17285
18012
23284
10496
12756
15136
32207
31803
18177
2115
17582
8197
26792
6523
22207
8168
12543
10681
9856
31352
25109
31067
7972
10540
7772
13475
16696
23148
2662
7784
29318
4587
15340
21259
1338
9015
6676
14253
14915
14991
4851
27039
17148
26612
19025
16922
1548
24706
9645
16945
11147
27137
22913
31491
13414
9400
23496
17973
8452
10113
24508
25248
27433
8739
16100
18758
22299
31195
29518
20107
24580
5180
1818
25506
17304
17466
7480
3141
28919
3457
30577
23721
24277
12811
7596
5041
3288
15857
2666
9570
13377
1409
148
18839
27599
18834
28278
25333
17120
30228
523
21026
6106
12011
21115
2354
11721
7934
17122
29538
17738
15754
595
1289
15527
32189
19741
1995
31555
7296
21324
30480
11321
148
26739
180
3136
24800
24745
32257
20178
9481
16082
30938
24205
13380
6176
4408
31961
9832
20697
22235
1227
2888
5722
27449
21833
15423
14940
32699
9839
27660
21366
1064
20018
26848
18147
6497
14403
17590
8070
7248
5430
22499
22059
23835
1252
20974
28432
22173
16398
19617
4260
31254
1347
5472
30606
25377
19715
8378
27633
2023
2340
23614
7150
14739
29557
21136
32619
2310
12194
21948
10515
25547
17495
9161
10398
32077
12200
14738
25171
22599
6833
18385
32715
1149
28793
32381
24055
25770
23581
8790
7269
4281
29226
8382
12734
10295
2378
5578
10644
10505
1571
30873
28506
7770
7804
25060
19124
15320
22433
8407
28914
14624
17417
4639
20438
374
17463
27973
30110
3002
20190
31802
14910
28311
1096
28979
3566
1278
4344
20150
4324
14035
9103
5621
22627
14822
31212
12124
1268
24356
18839
16742
3572
16399
1888
27060
26190
24683
21059
3168
24202
6202
1423
11663
26631
23019
13896
2373
7556
10447
8137
23934
13541
21452
17325
6778
15924
18517
16624
27992
21479
4505
9810
22758
8289
22523
17404
20664
23739
29891
16486
2679
11459
28179
29816
31100
31813
28444
21232
10397
16778
4241
24323
26183
18719
1372
30279
30414
28375
32657
29136
16640
26643
24992
25241
10496
833
4046
27942
3410
163
30182
2152
6706
26706
5419
9185
26410
386
11922
30985
4835
20231
23854
3055
20796
13593
13548
7971
8089
11348
14720
7892
4989
9730
16799
18230
30556
1437
6767
2598
10666
21392
32572
30737
29240
3390
14700
12306
16832
13893
31925
7002
4031
3844
21389
30677
19074
5211
12258
30219
3460
11441
29708
28228
4599
9788
2048
28911
3489
27260
20166
13892
29673
2825
4141
12585
19762
2959
10941
18770
6247
3351
8685
173
27351
16008
23702
2045
16964
13933
10152
1732
15670
6648
20764
6759
11669
13639
28457
20621
14711
26855
10171
8392
32311
4247
3105
10615
27079
18254
23813
13291
15943
11391
19106
17352
29654
3739
1329
13742
27816
7896
12708
12569
12120
4657
5783
29062
7040
21421
5508
10968
19592
11237
17462
3321
7867
448
14976
10948
2720
6274
26670
18467
19079
28421
1852
21364
32354
9285
32326
3634
16854
1315
18240
10449
26770
10082
11879
21993
21728
13814
32119
6295
7289
21118
26399
21025
28574
12303
18098
21208
30308
19251
2079
29251
6224
25393
19491
29305
25123
6287
7357
13007
32247
21718
17891
30131
29067
24469
9843
15832
5852
17576
3436
1684
757
28602
30558
23430
20231
8457
16415
4987
30652
8041
7360
12946
18121
19340
29119
14239
31427
30848
22910
22734
8499
11641
28404
29577
22252
13521
12451
13211
25244
7245
4042
13717
23970
2722
32731
10352
24351
3640
6703
12917
23888
18733
10745
7514
14619
7837
13433
3502
10215
17697
20850
18807
28593
25237
26589
21017
10588
5407
8927
21881
32073
3436
13049
14947
3624
7741
12159
19497
1550
25891
11339
18829
31175
28806
22450
23265
5741
1772
13495
13165
19769
29560
17791
25105
29082
31665
14853
5420
32132
25222
30479
21948
28683
7310
2401
32198
31280
6548
22832
28152
28155
18258
12761
18061
9162
12669
29139
10097
18920
25346
30434
15269
21089
27792
6798
5094
29461
13398
21204
5257
27660
29454
19227
31402
2057
570
2410
15493
2914
24493
29655
18724
1294
2638
19011
27451
13824
7193
26692
21328
691
17766
25443
3358
8967
3438
22920
25660
1099
31755
946
31738
4507
4287
24811
7820
22124
11000
3452
1898
12133
18322
6749
11510
32113
14238
30959
19807
3858
13410
20205
17094
13304
29856
18080
25248
11986
10012
12115
27740
31076
30296
519
19269
3801
31138
7784
12201
12379
14160
21503
17211
22498
7243
2984
31926
19785
3274
9543
22211
4519
29280
23991
28189
5340
27449
20739
19187
26986
32417
27865
22926
27271
31429
26427
22067
2160
24510
3448
12363
12031
31691
32603
10433
31360
7390
10914
12204
11969
31579
6833
17710
9320
16924
28808
24987
8329
22456
5875
10462
19064
19717
1792
27929
13276
5339
12470
17548
9989
26907
23556
14008
12160
240
5624
17604
4328
31829
32306
20767
8190
10456
2199
10855
12796
925
1866
15754
5671
7333
4312
13099
19876
16208
5810
31815
30092
1057
16353
4632
5955
12226
23541
27961
21253
840
574
30732
6337
25015
12607
89
25387
28361
608
27703
10509
2795
17891
13872
30941
20617
6937
29856
29333
30347
22742
28766
5055
15392
23074
3742
2511
16826
817
4630
32438
29530
4758
30560
5044
26637
4787
28832
32366
23222
32628
17510
31808
8207
29757
5078
4052
15851
30240
19462
15604
1982
11860
18087
13980
25694
10466
24040
13140
8459
27554
30615
23484
30126
31078
19337
1897
7774
5493
26941
15343
11816
23355
16572
8767
32528
32318
12995
26164
25427
18004
27684
13416
31727
7188
4202
19020
22629
14730
30652
19576
17342
21295
1028
22335
25292
19735
20816
32135
1970
20589
17784
10711
24231
21789
17153
5554
22518
29648
833
19236
29513
5149
23492
25754
20520
19197
29423
32503
10173
32128
10211
4579
5082
7103
12708
8806
18237
2066
14715
951
6930
32387
29848
6734
5561
4226
252
21824
20170
2266
2454
20940
21590
19427
30124
23857
30064
2041
10109
18627
5612
18990
3621
17470
28519
19260
3776
12890
25480
2238
2258
11168
17284
32415
31207
9083
12520
5330
1142
25490
31635
5443
24075
20821
8449
15886
26789
12758
20688
17392
31581
24539
6780
22778
7753
10289
10350
2957
15776
16451
11317
4482
6175
2795
24595
21417
27819
8071
16827
19829
11063
18256
27225
5365
11496
25831
10195
7942
14199
31281
15182
5064
20440
16485
24821
18254
8217
1635
1269
10906
29836
18760
18892
18632
5160
15167
17348
9353
30765
11418
3514
2515
9991
2849
6948
10199
13941
27561
27475
1844
14570
20969
501
12394
6708
10890
18653
5777
12123
11133
16135
6731
32204
3729
6358
14583
32182
23109
13729
15399
23477
11482
3694
32084
32174
15789
509
4561
20218
2244
8713
29438
6086
22695
26058
30398
25529
8817
26046
11307
15320
26662
1193
28808
14247
5447
10715
20598
10641
2468
28849
2411
27274
18034
29022
16225
2291
29085
1771
15051
24254
9056
13949
17101
21202
12818
7127
26540
18865
28739
32543
20868
2392
4359
30693
26425
5223
9874
16737
25007
16513
28421
9212
7998
3062
25480
6163
19296
30367
15769
1527
11949
25098
26275
18232
15114
15575
1491
19747
10269
32098
8231
4233
13316
12195
32456
11970
23622
6738
20377
22514
8969
16206
13328
29323
13446
15167
12869
6163
187
18554
15432
20264
7519
26918
16824
9921
1051
31901
32657
5814
247
17429
582
18819
25875
6784
3600
13129
20887
25521
24965
6677
12012
30399
1644
29541
9261
1966
9424
15080
8920
21580
3155
9862
23242
6234
26565
23456
10858
3308
20213
2457
24356
30483
10951
3477
23065
2488
8071
896
27924
7883
29053
26707
960
2974
6082
12690
27929
5259
29010
32281
22817
17373
20577
17433
24276
10222
20467
8286
7773
15500
10151
10963
21386
929
29139
29767
27774
4371
6102
4465
30886
3562
22698
22322
1006
30385
7609
11291
12852
6430
4594
4911
12028
5365
12059
21482
17766
25641
13673
25474
13406
11844
16718
29548
4883
27402
29586
18722
22954
6233
24485
17188
25139
1876
13364
12092
30172
1217
20986
22023
14948
24750
17625
24497
5075
6491
21289
30208
20073
11604
5968
18324
9428
22750
22418
20589
30374
17044
4139
2989
17157
23378
25499
29343
15268
30034
25922
27897
1011
22165
29228
5726
28819
19077
3118
32039
23309
30424
27442
15971
24003
30647
14543
8988
3111
1824
10781
8925
31530
13193
27591
28528
11768
27078
5217
28140
15074
22060
4348
16624
15515
24823
16376
18473
25512
18921
11802
14618
15378
10036
10718
13596
31582
19354
8463
163
27326
22483
31892
16324
16777
31535
28301
23540
1001
10108
26271
30483
14804
15402
8331
4009
4669
27821
262
14959
18059
26147
13509
5393
21066
30775
17879
22066
21280
17733
6967
7856
9475
15807
5794
28714
3754
27343
17574
27840
4673
19517
21244
17434
13921
19860
16663
29100
23359
5760
32509
12344
28708
14971
28246
18068
7453
2984
31170
4525
13555
5375
13936
28620
861
32683
17389
28952
19317
26544
24121
29021
2665
25553
22048
32523
21107
17585
25543
13186
21003
20280
1926
24716
23387
30264
27893
14123
32755
22353
1098
19350
5310
32530
17890
6782
12852
14432
21533
29589
1234
27420
28527
27985
455
19968
28852
17901
21489
28618
15812
21938
5383
23453
27720
30324
10008
23716
1740
1119
16948
9464
10261
23540
2665
23492
24756
31054
16881
22183
6875
7338
27561
601
28784
6182
29125
16018
10080
10953
9410
12583
18486
3268
9885
21622
748
4343
5699
17669
22016
32695
3912
4710
11211
3791
20955
5982
25103
6852
9978
7494
28623
1374
21730
20144
7523
23907
14282
15694
715
13222
21200
32528
16452
16704
27956
9869
9497
17182
4036
6820
14524
11964
30359
4451
23061
9263
19198
12839
26906
16745
14776
8965
11936
15033
14693
1385
30320
23697
5437
9725
3998
23180
4098
25549
10006
4015
13107
4776
12408
5104
7811
23753
20774
19188
27530
26551
411
20509
31161
16489
22782
25540
13971
21166
14070
15811
13850
28620
16321
26935
12168
10343
24192
3460
12864
32165
16853
18585
9988
11664
1712
32373
29032
7868
1382
16873
17799
12073
29956
15008
1524
27242
22754
11358
15860
27399
27771
901
3050
27425
379
2781
4114
18516
1050
11924
13170
32482
6569
28804
23310
24589
3434
29109
23388
1988
32677
13603
16375
21890
2808
32705
15255
27764
21487
31165
21569
32474
14037
29958
8123
26799
1993
32012
9283
23948
6420
5063
12672
11722
31673
16378
17849
26343
11854
20665
21317
21290
11787
31273
31299
7306
7713
12167
2699
5837
31052
24171
25060
29933
428
28494
31351
28095
25297
12106
15747
5078
14869
1826
28243
25766
31022
9090
16749
21221
22275
29320
29709
20535
17087
6786
30673
6665
3364
19962
1718
19901
15395
8432
13123
2056
15529
17254
18692
5017
26299
17698
4410
27388
1989
18095
20433
4541
26415
15269
3218
2256
31026
8746
31898
25136
13290
21433
8203
14279
15020
21282
26625
2446
21401
15314
30920
18165
23411
13909
23628
1925
11184
5657
14544
14020
9933
1141
24547
14169
24293
23785
18832
16752
2690
7848
20438
96
15283
5971
15960
13195
3423
11016
2644
22150
15064
23963
18137
5243
21939
291
10549
2763
3544
11705
12717
7927
16341
26236
19570
27584
15736
4057
32464
2445
1180
6921
29863
13838
22595
2778
543
7967
28645
13747
28056
21743
12552
26834
5600
10081
10001
20697
18601
29362
11610
19337
23866
8029
32644
1741
26468
22843
9231
4346
5816
16879
25895
15957
5623
8833
19393
2006
32458
24649
20711
18219
13747
14607
14672
29696
16964
2672
20276
18046
30607
10371
28254
25361
221
1981
5763
29551
9891
15890
30674
20694
24497
8029
11724
9108
685
30978
7254
7117
11200
12498
8973
10105
10895
19247
6873
18860
3181
7280
20933
30490
5838
10631
30990
7130
17919
31712
14713
11882
9237
27789
25066
29684
3108
10913
25651
22991
11697
217
5162
2121
25705
7810
23806
4772
14355
26518
24779
26718
6339
4137
13931
27574
11088
1795
14736
20843
14857
29583
8463
11719
7588
19188
20351
21212
12919
16513
4611
25614
11755
5454
16740
17105
26669
2848
31075
14516
28198
32398
23117
671
28590
27746
2255
8536
24060
26178
24588
4940
20065
14992
2541
23437
30007
21390
29112
31255
19732
4550
17637
14679
15939
9641
30253
29934
23156
11382
30435
15794
178
5213
6791
32501
32150
3045
22681
2315
31674
139
24747
9478
22641
28843
13498
5572
12469
5284
15806
10796
14945
9016
3712
17588
15777
13617
18604
31782
17062
3146
22567
14757
18334
16716
30882
30699
4835
7544
14704
2004
30066
8997
29588
32288
4512
2474
26143
11892
31240
12414
27833
22435
15560
19870
1149
25900
12013
23343
4874
27140
3115
2149
9174
14485
16082
12707
4038
15366
25597
9188
17148
30397
24588
12121
5361
18978
5973
19795
26307
27558
7959
23908
31696
11013
31407
15809
16515
28103
14607
17131
29550
1037
1643
21135
25753
14986
1589
9642
16154
19920
2380
30192
4326
8909
29809
6767
1255
26773
27386
22384
847
1890
4554
26014
11307
216
32384
29802
24635
9614
9967
11181
19457
17355
25807
28815
10520
13197
25009
29097
10695
25552
32569
15974
17110
19724
3975
28079
18336
27904
29174
6087
3178
12206
26633
10099
755
27047
13986
18015
1356
18312
26485
26813
17130
22213
16061
15407
1018
2981
14637
32231
14068
26766
9770
31756
31859
10883
12855
18016
9540
7915
30129
21025
22205
1684
23484
5421
18768
10743
30077
23657
21856
702
3466
24930
16978
7811
3998
25397
3048
7899
6290
18093
4554
31379
17032
428
25958
25657
362
21964
10746
31198
9107
7749
15087
8731
19147
13586
3177
14930
29049
13135
31260
31286
20500
4326
30817
12430
14043
26474
23433
15670
12230
23619
10609
27750
31932
30220
10582
5942
17926
24889
9707
11618
3332
26621
5545
3147
14110
8555
7527
18239
17662
7131
8490
17658
2556
1679
22334
22125
30682
7830
4486
10942
21170
25329
12560
17551
24876
21493
30700
21635
27892
16880
11583
7422
10092
28431
18323
17197
18078
2175
4465
12615
28276
15059
31794
28178
14891
26022
5394
3496
31237
12929
20614
8059
31038
4863
8144
15767
24642
27182
1232
8487
1821
25913
6173
24635
19507
18244
13652
14536
17201
11416
16816
3312
20547
2304
16603
29828
904
25970
11268
1992
18627
8434
16178
18294
16211
14516
12504
17925
20069
23425
1961
30250
18792
19547
685
17056
14529
22628
18325
21285
6848
25596
19276
8901
12499
21290
10446
19290
11514
20797
23101
10836
21371
15283
2098
17078
25815
13401
25425
97
25596
7860
15392
16533
3260
3232
19737
17333
3710
24119
27389
27722
24372
6388
3948
28491
14989
14872
29107
22940
8555
2125
8677
3796
28055
10378
23085
9539
19892
31286
31330
17204
15729
32400
25052
24943
19971
20302
7046
5890
21203
26756
4149
21057
18035
18888
13112
8972
31703
12948
23857
31312
28610
32236
18723
720
20094
24896
26571
30502
464
4755
32052
6404
23339
6621
15494
11712
11812
20910
22046
9232
28454
23317
11236
18194
10855
2240
8153
8847
26394
1380
12528
31872
19175
14688
23071
2001
4504
13213
26549
13414
11541
6584
14062
16476
8594
25443
5061
28305
29191
25864
10505
1638
12512
28080
14003
195
2294
31780
631
1628
21183
20305
13977
9011
2497
22001
8962
21342
13901
16744
5267
19723
8041
16364
14009
11201
22798
8681
13122
24809
660
28324
1135
3468
18794
11294
11594
10590
1034
24123
19513
6908
31020
291
15316
9586
10042
745
13812
20224
8197
107
11532
9502
19638
18809
20413
445
11783
28729
27300
13776
27827
26569
7287
15627
20010
30247
4176
24298
24970
32078
12872
24822
30923
24482
4680
11844
16953
910
26908
6206
5672
14956
29641
5285
19683
3749
6433
7383
12517
15641
3476
4686
24908
24001
26953
19562
14474
32658
25710
13168
2910
15269
11724
3282
21507
918
3998
23729
7591
12074
22179
160
17438
3380
12146
26539
23512
31673
28174
2968
22032
19282
29626
3948
13639
29138
9998
10033
26097
20521
12875
11511
3950
3976
31724
1817
28987
22982
3453
17345
8298
28931
23728
3502
14671
27275
10926
24117
22909
4348
28075
4230
30193
12716
30909
14897
24972
22853
21998
27881
6087
17330
1680
17799
8098
831
7632
27730
6877
8955
27022
27261
21867
18529
7532
30961
26916
6200
13349
11341
18874
25272
31521
8747
19694
23278
31814
5030
771
23906
14864
28953
29555
2550
29156
27432
4578
13585
22689
3333
32592
29693
1401
19436
27538
18574
32511
12272
11011
12293
7808
31226
21623
6451
15767
27407
31600
1506
25084
4305
23189
23408
23453
15177
607
9917
2288
32739
24598
22344
13703
28090
12540
13716
18149
22294
13768
6353
11152
21555
14933
8120
16487
25413
17820
28855
8246
18872
1504
17742
4488
6844
19752
17593
1724
1793
12786
29135
25691
22975
10278
12330
425
18170
9801
9352
6010
28420
10995
29809
4423
15171
13955
10522
29825
30772
3345
14730
21029
20656
21668
32763
30353
3695
25509
7811
19350
17354
21396
5875
8398
17093
11258
6656
20016
1356
14751
20896
25825
27325
26108
10935
25165
28327
8947
25075
6519
15570
16062
22516
18061
18047
13350
28849
192
15600
19189
535
32339
5419
7341
5619
24305
30972
20858
785
28739
18745
10598
8613
8386
5449
9676
7915
5322
11239
26383
13323
4592
10532
4747
17471
13462
9643
21708
9783
9149
27465
21502
7357
14106
21165
9893
17045
17259
11884
8847
28071
267
26440
6150
19808
16580
11697
19786
18517
25317
25740
20030
23849
17557
10548
25697
2737
5991
7358
19200
855
22319
21122
29610
12220
21011
2006
28389
17570
30437
2333
19743
28680
23984
26625
3047
24982
16016
26364
25437
12860
19143
15901
2023
28439
7182
7433
13350
19348
11817
3648
3881
16087
5822
8097
17120
4190
28519
29745
22227
6113
9734
8984
8979
13437
10073
2028
28529
16146
6094
26674
4847
31722
3736
4642
10100
20379
1794
22699
9668
15150
31747
4279
32174
25472
25107
29616
32392
10217
29502
2883
9176
3100
375
2660
6740
31054
17198
14226
4365
6811
20005
19548
10983
22693
13439
28196
9292
14462
30746
9251
289
8648
18462
28333
22265
20506
15574
25526
1929
29606
1471
29846
32605
17689
15839
16649
19657
4291
23128
7034
8993
31992
26429
8833
7724
4022
1700
5034
22999
14215
26109
15224
12839
23465
7586
9897
16241
14189
11951
30908
25293
1245
4883
2993
30408
15009
5095
15632
30809
24868
23039
3116
15383
17138
27839
28073
936
31845
4912
30780
1917
11904
19283
20146
18620
22811
19382
27444
16254
8256
17220
12233
14651
214
19297
24604
31618
14460
16439
26752
32494
25784
29514
5681
22101
7505
27731
9436
5698
3577
11339
17762
20646
21295
9926
474
30922
7780
25986
8917
17288
25949
2624
31205
22459
8408
8914
13664
25332
24178
886
8545
26223
10696
7010
31248
20549
4317
30624
13091
13538
18364
26652
22693
15546
12126
31484
27894
6712
17357
16943
26644
7159
13706
5961
15384
12085
12844
20878
772
26245
8267
8780
14779
22723
21148
2927
11345
27725
30301
9295
30597
25200
16628
8396
17292
14113
8403
20125
7185
10478
30110
31973
2425
32052
5008
519
20331
21649
5659
21436
29840
9116
17870
25955
30615
9172
5500
16536
21885
20695
31387
3079
17675
17877
9450
29826
19360
3907
22871
11346
3888
17620
29727
29899
2445
32677
22071
26148
229
183
16875
27013
27020
7075
27333
6496
5372
14729
15536
31749
21019
2122
7773
19569
25276
10743
13030
17767
27239
30857
24241
8899
14941
12754
5016
19722
7895
8115
10310
25413
4495
4240
16100
5904
30081
13313
32502
3822
16371
12234
9855
17119
12979
270
13932
1845
2976
32191
15919
14755
19819
2649
2731
17559
1439
22480
15440
27849
13279
15814
2183
7444
13935
1282
10832
9350
24567
13854
17961
6835
6787
16511
17715
24142
15309
3467
27536
25082
28351
21525
11791
15197
22068
16412
2827
10358
19711
17078
27280
32561
26414
7751
18880
15161
6288
758
13685
7694
9332
20322
22568
5463
15028
18832
7954
23417
26098
25641
14992
1640
12066
25570
32204
30910
6728
31035
24986
26890
24707
8812
11936
29546
2891
27036
4794
26972
21751
21333
9629
21457
29314
4405
8378
23427
10894
19686
20069
2953
23977
8016
29750
8744
25552
2060
15535
25581
25393
31004
25632
9464
1077
19162
11464
31899
9918
11311
24125
22308
31918
25349
21518
23030
11688
28927
24486
19935
26650
28775
371
933
891
15720
15688
26338
6097
16253
3584
13074
11895
26409
15461
32491
28701
13289
7504
4589
29712
22119
31505
14393
5308
17136
11792
2214
28015
18472
10421
20754
25951
32252
31366
7414
27631
8409
3727
2621
18990
11547
10503
24663
11680
20169
26672
7561
20546
31103
19583
28295
25032
15531
3069
17476
5673
10236
13549
31753
32093
21528
25519
19909
2149
25486
4068
29860
24461
4107
13523
17890
28142
6096
22796
10722
17974
8035
14666
11130
17580
23429
6814
4497
4718
5989
1994
14061
28157
27411
32235
5190
23804
13879
19548
12447
11061
13059
11222
27606
23261
13670
20700
22393
27161
27267
32086
4571
4545
11361
21884
22375
24931
15844
31733
15925
23691
764
14656
20443
32065
2332
12884
30086
16340
29678
29315
27209
7126
8773
19620
10164
3688
8019
22385
169
6584
13340
2350
24171
24007
11562
13964
21496
11888
10370
30924
31641
19110
32728
16167
21175
6397
8959
3950
2032
3435
30371
14830
28522
7248
2874
1174
4455
24245
16440
4444
1818
19409
10114
988
6586
11218
15654
10818
22484
10202
18249
11627
5349
6983
29281
3143
1832
2615
32164
26242
30637
24907
3007
23139
14507
25260
27596
31220
22039
25676
28286
7011
13429
17263
7071
2216
4591
12649
23485
21096
7588
15785
27168
18969
6466
16630
8959
26472
14551
3577
499
7383
13540
2812
25771
24491
17076
6385
26082
26373
26347
27574
25742
26191
22114
14231
2906
18137
22834
22549
27735
9412
25615
21477
1262
4896
23512
25148
15898
27473
14187
21834
15572
11191
29630
3588
5838
10638
3628
23847
16227
6674
30988
30074
16590
14055
16008
21331
5531
441
17837
15708
13916
27424
28094
17047
12189
24774
29646
22944
21530
1739
22157
1331
24367
8296
11363
8685
7055
27603
8123
16727
25145
30051
1442
13856
1448
9717
17040
13738
32074
4238
29061
13001
25908
17218
344
21959
9748
8020
15436
13739
22887
31902
28133
14010
15852
7219
6906
12863
20568
11844
10
19336
23627
28480
18900
5681
6531
8255
15393
29093
10576
24225
15077
15841
2119
7922
27014
19835
18491
20241
21628
14563
9833
25490
22810
30442
20979
21600
16299
24192
30352
19623
15297
30146
24449
4593
18122
12852
18119
26255
2276
3658
9363
27450
17395
6190
4862
17402
29936
23997
6650
1095
8068
22994
30600
9838
30677
18120
14380
4663
24224
31290
13214
30405
25480
11789
16835
31677
16813
23217
15323
3499
2689
1699
7676
18849
29399
12087
23743
19489
30269
11924
17209
26428
17548
17152
27949
1020
11709
7006
12671
13056
32766
3316
4332
12390
3077
22130
31993
24302
17317
5168
2857
32347
9887
18872
26739
8477
29114
9348
8435
9518
17430
23561
4064
13370
11965
21236
3006
3842
25211
23987
8917
10242
28656
21047
31713
20817
19939
17656
12043
458
6617
5946
11032
30057
18150
14991
31457
11511
11972
19870
32515
4330
14626
30242
28631
15239
3390
7222
15269
11849
438
27343
5396
30342
16028
14730
17893
1360
17864
17320
6625
16026
21874
20566
30224
923
22784
12338
28716
15480
23580
13324
31317
9501
13322
233
30470
24939
21304
25934
18760
7321
31511
5051
13606
14292
16426
26229
9312
19497
5213
4232
9060
933
19351
24589
10873
3515
20114
30121
1854
13029
28651
5462
31315
19342
6005
29798
23894
7728
14291
10437
25873
26810
16966
7550
21489
6452
3267
12416
12474
31141
24137
23971
21882
21301
5489
6886
27324
19599
7495
18938
8957
1929
9304
25349
19044
16903
18956
15520
32429
32284
13878
5409
9063
30067
20202
16672
26207
23534
143
9012
26716
13708
19508
20734
24076
17296
4136
2409
15679
19680
16068
24623
19027
17835
30604
17056
6639
6734
13943
14751
23285
8569
3466
3309
31921
31117
7339
11178
1367
21833
15285
32280
11436
31654
2760
1187
3843
32511
23779
26654
3179
28533
12468
24400
10279
3218
11182
3503
31838
14893
19293
16235
5652
15501
16630
9902
19801
32721
11059
32291
28096
28302
8797
13493
17171
7099
19114
1689
24133
17354
24778
10126
9896
26904
29885
25187
2912
3975
18151
20922
26904
23401
31590
5645
30708
6049
6051
11502
21958
26372
32295
19859
132
9478
23729
28305
21754
14738
16517
22760
26044
25657
17670
27712
15967
17039
4231
30834
26344
5586
4959
20554
15237
3021
15675
31116
27771
3836
7353
7732
14944
25073
7474
8962
17034
2550
22230
1846
28615
19700
9471
29081
25422
18068
30399
3772
27126
22691
3515
9348
20902
31419
7997
32486
13069
11552
2948
6640
915
4840
8031
11529
911
30559
5114
31609
23738
17065
16631
3628
1252
8617
13504
15026
14565
25890
10012
7051
9175
23580
31233
23970
1666
11658
15530
1815
29464
29993
25832
6977
28963
10155
12989
16372
7611
533
29223
18431
7164
2150
3898
18169
27063
22393
12401
4670
27752
20012
19270
21300
19048
20930
26368
3795
25700
12678
461
18020
782
28081
19472
5512
3346
25998
11772
29053
22860
12508
19298
28061
28984
10356
31175
10535
22442
25132
23738
19010
10175
9210
7269
10815
8211
4701
27233
5919
28212
7672
18639
20053
20055
29824
18340
5325
21322
30937
11332
4140
27306
1660
14163
17754
29014
1052
31943
24638
27683
2441
578
10440
14546
7380
6048
18741
19263
19124
7627
18830
19162
7720
12247
25714
9307
15198
25163
6422
25522
8660
3260
7818
27197
22973
20897
7230
21822
4262
22626
19396
10380
26969
28082
26583
4489
770
32287
3229
22099
31632
7911
27945
17727
29022
6414
580
14467
18451
10925
5741
562
13511
29325
21278
21614
21863
14836
13137
31193
22362
4287
32579
29260
29028
28593
13688
18380
13515
21771
1279
12217
31161
3933
15607
19529
27362
10907
21842
8757
29798
13171
29913
5810
6649
17630
6256
2467
30785
5110
16284
24589
30079
28167
16962
4811
25970
23784
13234
5507
9337
25996
30435
10712
28151
5332
26624
29409
29179
20135
16164
23770
28193
4933
4195
11546
19891
11992
3337
20037
5396
1869
27174
11459
7263
31841
4170
14193
23883
3583
30861
22678
22610
15561
23250
31512
21778
22773
4429
28656
499
13146
21827
18395
14090
25802
14609
30034
24637
8099
880
19133
21160
16289
20471
10468
4416
3062
6370
29094
17590
24477
3601
4845
27295
11243
23892
15841
32721
2407
20453
7772
10768
19163
24886
9886
9450
18091
13037
17219
30175
19046
557
2930
11205
27803
536
16726
11627
12526
16274
14034
23421
12906
29255
27248
2471
18457
24303
28827
4861
22482
11985
32015
3483
19283
24709
8333
24968
23440
13823
3795
18145
9802
17353
203
28467
16866
1424
1795
24104
17264
7138
24669
13670
27408
5942
10504
30644
27260
29741
30126
1886
31200
11543
12015
25563
12009
1209
16655
27310
18975
28238
29675
8074
28278
14027
32562
16313
30495
21351
11985
9407
24484
31067
11183
14906
29236
25318
15515
2828
12348
26005
4995
10684
10551
15809
31462
30746
13254
13145
30603
4642
15619
31714
12916
24611
8722
32187
16142
5153
18426
22694
4522
5751
26035
22404
14896
9664
13441
12128
14098
11768
31360
12207
29824
6879
9087
18390
19419
10654
23569
1517
5995
32173
25314
29379
11860
31988
1096
28450
23750
14129
29722
30292
11381
23705
31173
27109
4425
1986
8860
19115
20054
24256
28272
772
9998
20367
10849
9823
12469
27569
28147
18942
22550
10007
28261
23290
28533
32325
7230
5511
22724
18354
16168
377
8218
13421
1025
6151
6752
17414
12592
30415
23630
12204
30005
17435
7574
4243
900
10339
23646
17817
29588
275
21748
23592
5683
12429
8637
94
13596
12146
5999
14443
28875
17182
12672
28475
12432
32113
8927
4694
22755
27093
24289
18180
15351
2940
11902
31412
30866
4330
9661
21150
15131
24756
3437
16040
5365
25479
5398
13190
24075
12139
24879
20518
21676
30793
18833
29259
28570
27051
23596
32376
5725
19908
30713
24335
13277
9648
5167
32442
22320
5885
1978
16906
22193
21097
25833
17502
10578
22509
15719
23559
27187
15355
25196
10665
14963
20997
30004
14052
30022
24638
23473
26676
27207
16548
28029
17942
4624
4926
27922
24941
28936
26018
8509
22307
7293
29627
8912
14099
5619
26057
12952
21031
28859
12201
11150
13245
30151
30039
25937
19024
14780
6321
6868
852
22857
21630
10580
24161
20408
2222
15246
15252
7106
7139
13614
26931
9896
5681
29322
13455
8575
22818
12432
559
19659
6398
12541
12586
24144
31561
28369
19925
31013
32396
30463
22430
27658
3929
14696
7736
10747
28297
26122
31225
12550
19656
10869
25472
21337
16212
25471
11930
5791
29185
5945
27751
7565
14977
19234
14520
20407
28898
2714
30396
13225
12632
12697
16604
12083
27453
20384
4067
8708
24918
14064
23906
3706
32600
3067
17747
17593
10410
26904
27388
17403
25709
27258
9494
17959
2746
13923
13615
10660
22314
21909
3661
11631
1180
28682
28372
13163
22066
16868
20905
31993
12701
23719
31384
5577
11931
2214
8691
24816
16317
23227
892
31802
22638
21051
21637
28097
13361
4905
25942
20414
9002
4266
29135
28320
32736
15289
25935
3419
12865
2588
5588
17411
25575
27031
14947
11417
18841
29535
8362
21029
9749
29649
26084
5636
27148
6756
14077
32644
5487
26077
23542
10670
15849
8386
4748
17251
24237
528
31764
21931
21873
17968
8874
17481
12474
21544
22922
15507
13147
17167
31934
1664
12600
21443
21498
27651
10576
13022
7364
10903
16635
5861
32727
8987
1135
3779
30154
15329
4233
5238
24301
10498
2507
14345
21108
3828
1185
30402
26839
13150
17128
4764
1400
12330
27312
32247
25479
23772
6721
12175
27170
25123
32093
29355
3009
11182
18373
1943
13522
11329
14591
10323
3488
10248
3413
17805
4985
31019
33
4045
19728
674
17224
8432
7712
17739
4101
22999
32338
19258
13544
18528
5985
23888
17694
10645
3708
14095
19698
23588
31980
11436
12180
22288
23542
30566
4633
30885
26627
7191
30660
16817
16126
8201
29572
20721
15870
10
4797
13002
25125
7619
25931
22841
12488
5957
18117
20493
27343
15589
19710
340
3935
6474
32722
7699
29111
16324
15903
32570
26200
21727
29713
4822
19305
1337
1699
10633
28761
24208
6242
14391
8390
16159
2932
25091
22174
20267
25818
24186
22404
14553
29938
4109
16757
4674
26944
24261
19115
11721
11117
11058
14529
17581
12688
28069
21273
12250
9133
21919
21627
8965
31355
32136
8190
7671
31595
1700
15660
2089
13797
12612
24417
10898
26069
17721
31860
31677
24422
24206
13977
29214
26637
29303
7558
20646
8394
8324
2773
8597
26027
9242
7594
21392
18065
31268
6549
11507
32054
3846
11450
2408
1135
2258
24879
5561
13487
447
15781
32226
2509
18135
22859
16747
30215
28399
26351
8692
26182
24028
31590
24594
23460
2020
4911
14937
15915
2419
6995
25274
19679
26383
399
24080
20223
2446
4021
501
27273
19079
5712
1242
17404
9478
10887
21591
19297
24196
31556
9663
23180
15382
405
29944
2208
6116
4178
25993
22225
27357
1792
14837
6766
7849
11253
21832
18462
15327
29117
31471
1130
18553
11197
16588
7547
27269
30230
26506
21029
8989
21708
3374
2597
13720
20008
28143
25511
3842
1114
10056
14860
16842
4707
12619
2537
27067
12338
568
22099
3117
25101
4174
29530
18557
14131
9697
22995
27834
23488
15277
26715
17057
464
19818
13720
10444
26087
23713
22466
19494
29329
5565
17762
5538
18245
19301
13146
8237
9871
15369
5158
19169
3951
21947
7265
15227
1532
27713
28811
25871
20300
5480
24585
26362
9368
8091
20845
22553
8604
22195
17400
21048
29245
2833
2653
20941
878
3818
8904
15847
15188
7651
20511
11361
31912
25310
22664
13915
31070
4115
3371
28906
6276
15714
32569
24079
29548
231
1581
27110
11789
30160
31570
18464
11943
9579
20101
17843
30886
1667
22588
25296
11977
1773
3271
18710
131
21342
29910
29189
1698
20864
3900
4533
21294
68
32754
6600
14484
12921
12383
26781
3075
22430
17622
30918
26391
18164
2913
9405
11445
16600
18365
21202
21814
6736
165
7528
17863
18148
12884
19297
14095
13487
2629
11479
28435
11957
4157
12301
21079
14711
24715
17061
4166
7621
23438
21267
28372
5588
28281
1617
31074
20624
22867
30164
5858
16179
5698
2496
19259
24855
17928
17240
10223
456
17870
3000
12283
7518
21025
23238
13055
24330
23354
19046
25502
28142
28290
27117
11560
31794
22869
26073
3190
19540
26886
22463
28694
8383
27684
21124
25513
18848
22780
32464
2696
17653
15711
23488
11694
9446
23462
30683
24786
12377
6386
13896
723
29121
8377
29758
7513
10294
24958
8891
26554
20171
18143
10361
28954
11804
21717
8222
13783
11302
2104
18098
9252
20060
8321
11863
21491
8695
14036
2356
30233
32397
17982
8371
16044
22245
2363
19692
20144
3082
20603
97
24819
30366
14053
15339
15926
6769
22237
32500
15501
14418
25794
2023
19977
12837
21179
30949
25235
30006
25012
13498
8475
24269
17315
2063
15347
20227
13072
29408
25717
24019
9172
9777
8684
26228
28961
2557
4018
23782
11458
24432
18069
8652
29604
21334
30079
18553
27542
5330
27991
845
20045
17491
9250
10818
9643
20164
29550
4034
7489
2307
5616
6076
3346
8085
10348
17654
8601
11928
12757
12453
17678
5624
30390
8251
11750
24038
7120
11648
13977
16262
23556
13540
25255
9704
21876
32275
13533
15162
12774
21195
15060
22076
11881
30698
29116
23540
17978
15564
26711
27042
1256
5331
16968
23286
17335
28487
142
129
22082
16737
13132
6762
27237
30370
30923
27490
8026
15209
28097
30681
6178
21957
29396
17778
3367
136
27482
11957
8479
31901
22883
7941
32051
19611
31481
19153
30817
20121
19622
14350
19999
10309
5431
10980
10305
14640
24256
19111
28
1900
224
4874
6892
23129
8262
25999
9587
30652
18292
20290
13027
14097
31939
22183
8958
24355
31144
26097
13180
473
26421
9588
16557
19027
17379
23133
31071
28981
22158
7585
2562
19267
21185
32563
778
9775
4660
27002
32405
26542
1939
22786
18766
8913
20097
15474
4753
6035
31965
4286
26576
20655
6468
3485
32565
21428
23255
30270
5512
5978
5694
25142
25428
13335
31725
4798
27973
750
2981
10267
13269
7816
24894
19293
1575
31365
16037
8268
31795
1300
30497
5024
23588
1729
8154
22896
28414
13455
10651
12269
2180
10311
18391
14928
18009
13071
18666
2065
19045
15934
17314
7258
29818
11887
15870
2491
24376
31957
12597
30239
9262
31438
3834
6911
11073
29626
11263
5589
2386
8461
13240
7380
12827
9379
2401
27606
346
32084
14914
32150
24370
10697
25906
25887
974
28045
15194
23428
7751
27751
32315
21970
25288
4072
7923
14147
17392
27456
25275
29620
23415
4438
12469
13913
17941
4375
27877
24752
30367
3085
1148
30131
17524
6964
3933
17746
14615
30218
10970
27680
24861
4070
29118
31565
9290
8074
13713
23764
26871
17659
23831
18421
1718
16785
3098
23014
19513
30282
30825
9926
7280
7267
4129
22226
26354
27690
21803
9179
32670
9742
4614
19192
6530
12792
19399
18040
26876
18654
5470
25626
12574
23701
10266
2945
16471
12774
25968
18658
8272
24805
9720
28672
32021
12158
31160
27482
1909
31313
15781
2978
22187
8128
10855
27506
3390
8517
16477
15163
17701
28425
13537
2430
1839
4531
17613
23358
20898
9854
4157
10421
29218
24975
25495
4678
14037
2693
4553
25011
15045
10065
17362
11152
20870
18760
24964
9463
22040
12406
30600
382
24846
14646
16034
28006
10736
18432
10294
30741
6111
10113
5132
710
17783
3313
4944
1920
31738
13985
23773
19524
27050
22739
22203
22155
6006
19663
22757
13040
25049
13875
3408
25897
30976
4747
4394
5179
11307
26401
15199
18158
1109
279
11362
17535
29207
31666
2858
28054
4810
249
4987
8567
20716
30847
22886
892
25540
6269
26131
13507
29257
3363
4542
22052
23873
10800
16128
26214
29862
23233
23376
20658
7245
17254
18633
16199
9162
19067
5422
1648
21902
31414
8747
15283
338
29692
8925
19788
1465
24185
4757
11738
7472
5103
2265
26711
29209
29518
3756
12365
15914
4742
22800
16967
30991
17049
3272
10374
23127
6644
28514
14326
12941
30975
10613
22881
24485
15603
32296
29409
24731
5356
7155
1435
19542
11583
27306
21418
12242
9485
31415
8794
6014
536
31142
27799
18403
5846
20456
6565
27015
3780
19408
3089
11281
5373
32226
7399
9389
18699
10829
22309
27570
30205
29622
1904
15747
16313
9015
29702
8883
14996
12712
20724
25452
8480
30237
17545
18961
7237
7599
4106
31010
20884
20608
12455
22624
11223
10233
3246
23858
4589
23126
255
12872
32725
16229
25280
638
13832
4746
18769
27395
29452
5639
13442
22714
27462
31610
25348
21728
29456
13735
27934
1264
3851
6008
30625
25027
24246
25666
4894
27132
5440
13642
6998
21411
29851
22664
10994
272
32466
3243
30581
15627
20892
15965
10606
561
24625
10951
1266
20890
32604
2904
30281
23736
30674
11970
22248
1666
4802
9030
32415
32722
21677
22066
29972
780
23160
19624
22384
29441
3264
22944
18008
24851
7533
30000
28703
16025
906
6412
2874
15749
26964
17993
21748
9284
16528
6246
26723
6373
28962
2444
410
10110
21980
19477
288
1995
31636
23884
17313
26137
22137
13683
8676
13154
24999
14603
11517
16570
23800
20303
31428
10729
7453
16898
5765
21338
8686
19050
27129
32564
26367
28573
12917
15814
8820
6651
22114
15656
26134
32764
12013
15391
22182
20524
6655
9282
28017
15475
26736
3931
30756
19098
31864
15376
19170
3595
11366
13763
22676
11992
15764
13238
9600
25087
2970
29555
18462
14061
12226
4715
27686
24128
15548
10973
3054
19921
25235
14329
21491
26098
3808
1350
25781
31732
23870
11585
26313
28141
27645
27463
9513
9143
26907
17588
8654
8508
27503
19789
22657
3569
27688
2779
9198
21921
29814
15385
30970
18028
21383
1744
27734
20495
28853
20801
13908
18534
3582
19139
10490
22831
3764
26541
19542
31504
5749
21622
5392
8668
5214
9243
26950
32274
3708
15809
26515
30630
16771
19868
9329
17924
26819
15631
20930
18771
16983
30229
1193
2294
9120
30175
3486
31577
12786
29375
5826
31466
5004
6468
31855
3173
11470
9383
5140
23125
15782
22117
21824
2520
29516
4398
6396
19618
16943
6910
25438
21572
7215
19082
27483
2734
22284
9181
21725
13299
22302
10307
20757
23885
21063
23910
6419
15713
16167
20407
30356
27076
17550
5135
20251
1469
15671
3222
25923
20045
9139
29925
17491
10092
31395
31079
2579
3734
1322
24069
734
5766
25506
30722
19449
20546
26766
32547
28707
17751
14800
31252
12909
26470
4637
18951
31564
6367
13997
6558
7149
13069
30007
13067
23496
11603
15900
374
1144
18869
12003
16798
24522
27289
8421
9668
23572
30159
4169
28869
19144
26832
28467
19590
27976
579
14649
24468
17404
9414
23319
26124
21411
22250
17059
20921
21734
1151
11011
13693
563
25875
31005
32754
30664
11189
15439
18768
23054
25599
10080
14482
13865
8275
5559
17364
20685
23908
28875
20480
22355
16120
2523
29609
9996
2541
15327
24887
7893
32634
27070
15429
12011
32184
11457
24135
6913
2401
18248
20080
8848
9431
12220
28883
879
6248
18372
12488
2723
4048
5052
10897
10104
12543
1635
6205
13521
4125
13523
1485
27836
9420
1719
4246
14921
9389
14008
13798
23965
26405
14136
29930
5698
13921
20291
18383
18369
12695
962
14376
19571
9359
8434
4752
27284
30819
30741
32144
8089
8579
9576
30659
13763
12027
29268
311
22517
24313
10216
29719
6083
23689
25991
20615
6603
2724
20446
32720
23624
105
11289
21181
19428
6826
15191
16197
6862
18090
27227
8553
3597
27173
10628
864
13588
3217
255
12530
16278
9636
13627
6690
26011
13590
3997
18703
5588
1960
8054
28444
24107
19813
1842
19791
17055
25896
10706
31735
30287
350
19612
21906
10964
2573
272
2285
27092
24598
27423
5773
11476
26039
14232
15694
10062
28755
22243
6730
30468
1910
20465
32764
11923
5396
16243
18598
28235
27409
22346
10223
32574
16902
29247
16337
9367
5443
4085
31922
5934
16
19739
31953
24409
57
11238
1764
260
16841
16575
21504
11780
22549
5945
12472
29352
2044
25413
14729
4241
1902
21161
13942
31684
22059
4782
23023
11774
5069
24089
26359
17480
30473
10077
646
6858
18994
13071
13356
23268
4350
13978
23032
12155
15245
20276
5016
5009
2727
25873
26817
28441
2374
20182
11986
30217
16212
18768
29108
32176
437
5990
25604
15434
904
24140
6772
9938
3242
4602
5742
24855
31100
1501
25595
29714
26599
30156
20196
15991
13725
6973
29463
21386
13217
8889
11339
15412
13065
5517
10471
20054
20227
3011
9248
3677
6166
14928
2914
20247
1194
12687
4850
965
19147
24558
32209
30833
1834
11496
7395
25729
21860
16435
18768
2957
15751
18746
24107
24686
6867
23245
30034
24215
24509
12055
27541
3497
23354
26577
28698
25409
25401
7862
8959
30484
2161
23095
1858
15679
14174
14959
19422
15064
27270
29273
12343
26825
20993
24897
1976
14558
5176
24696
8379
28956
3053
6476
4777
20821
10108
30519
14178
14073
19808
2647
21471
13103
27128
28190
13334
18212
2699
2123
15901
15011
10635
13337
16531
16615
4118
11702
60
24493
28866
20982
18667
19597
8090
1609
1445
13449
2916
23787
9219
8679
23590
18778
18136
29756
23272
30989
3092
7882
1722
9315
27112
8459
31481
27610
26411
28046
2767
5505
13053
13058
13817
16048
24490
15249
23245
22006
17617
22127
18811
29011
19653
32690
7315
21671
12595
14948
31431
15467
27397
20694
9715
16543
22919
28472
31578
25603
25800
19559
18738
9098
8004
21766
7524
6668
10943
3280
29069
3131
25716
6700
22600
28888
7279
12290
4015
18727
23608
18894
7455
23968
177
28147
22076
13031
11073
27217
31541
19198
20018
16153
17994
1722
22616
11232
5259
15219
17396
4851
3042
20736
3287
9963
25171
31714
20939
5761
10883
26560
9518
10915
18807
26132
20704
2759
31135
29987
4448
7039
32531
13106
3121
11085
28956
4599
1411
25017
15606
24142
6415
9378
17876
28717
31299
26578
17957
5850
32671
6869
22038
5467
32095
10506
15192
17199
13146
16378
26147
9531
21034
20457
16251
4871
23437
31403
11442
15402
25099
25785
27694
8707
27609
7300
12140
22954
31998
3081
5701
10790
3252
10406
28528
23265
27153
21804
25161
18009
21478
10805
26064
1303
18408
6328
10485
17637
19725
6874
20499
8252
15673
26375
11194
2556
21018
22850
19633
8543
31056
1721
6459
560
13266
12189
18330
25912
1165
816
25042
9466
12878
27168
13999
31392
24801
19219
23561
1844
17787
32131
9799
32019
31317
24268
14626
32159
13722
15747
5548
32565
26499
3850
18832
20319
960
9057
9115
1354
31259
19263
4475
30842
8792
9314
2759
4028
8031
35
11584
31836
32157
6221
28247
13721
4263
1583
1519
18518
21536
12272
30307
20242
21470
8227
21963
9754
24392
31643
15483
12285
3074
2433
31949
15937
19405
419
2081
29268
6568
5391
9505
10949
571
25825
23370
20660
2934
23385
14248
6536
16246
6961
20192
4320
24232
31021
8308
32459
32048
13299
16195
32315
3980
24093
25423
22455
10868
11917
18627
29777
31237
11008
53
31960
13343
24806
5160
31054
2572
8306
10197
1180
23906
28141
29483
26757
15402
7503
16404
13785
26689
19472
19706
11499
28159
11580
14474
2628
3607
23494
23223
2969
32446
10014
12034
16635
18448
3589
13305
32334
16303
23457
25598
252
26541
6860
11082
7659
13484
21426
32562
2988
32579
18331
31400
7413
9380
7941
9220
32593
6780
15862
16389
21014
31259
12944
22034
10647
18133
29158
18886
21148
29608
22286
11692
27151
27679
6264
13127
7416
9333
10109
23638
9388
29950
11835
20821
21312
17603
8097
327
17476
18284
3526
28339
1454
21092
14975
19949
19733
3383
5680
22678
3360
319
8418
31334
32573
19583
24982
15145
30102
31695
26585
2568
2369
20538
2969
19978
30902
29604
24375
24539
19079
24751
2013
20683
2123
480
28690
8985
9691
19454
2188
22386
26818
22459
2885
29621
25582
16023
29905
26361
23468
16128
10222
28369
9683
27582
28509
25039
23102
27278
20976
838
26496
1549
27877
17492
24532
5848
18546
5664
4691
2034
23201
12641
17514
31334
11358
30496
8074
19501
21710
20158
10017
1617
16099
9528
19146
30291
27950
29098
26816
30411
12276
25362
21657
11086
387
6999
13873
13204
31942
7050
21732
6618
8728
17771
8960
134
24150
5679
7545
21258
2104
32384
21471
32266
18401
31686
11406
29377
7348
22181
14629
31137
30058
10950
12089
6201
3681
7131
22858
3676
2615
23517
5109
11904
30872
26264
11116
5476
16212
5738
11556
1270
6581
30280
461
26227
8719
29953
25479
14288
6552
24007
1107
26713
25210
14827
30919
26776
24615
32744
15111
29048
12781
13219
23024
18090
31690
23537
10390
30792
12673
29018
497
26552
6125
10781
29907
5076
28822
18291
27677
28743
898
18456
10035
19514
31566
9224
5805
3121
18301
30086
29008
15151
30991
13155
5436
14113
19797
24701
2406
31865
23301
21638
13129
21786
5514
519
5337
28276
6813
23972
9913
6896
32281
19105
8877
17038
2059
12453
21074
18124
6409
7870
13837
24011
10438
8102
6209
10413
4835
9029
24773
2369
9735
8566
15509
31458
10545
23054
28103
29340
19277
22043
22465
2705
12550
3689
7082
31899
5340
23371
22814
12339
11638
4503
26406
24466
20025
28915
6503
6165
30233
18255
26009
6630
16559
28083
32059
23257
28044
571
12165
12436
29134
864
10143
26099
18417
12408
23312
16299
29159
21376
15481
13357
24938
22554
1667
23245
14993
21458
13078
22051
9377
25509
29388
15793
7462
708
14501
19143
323
16021
11772
19620
16711
27643
8889
10206
29312
16855
19913
25860
13140
31951
29131
4737
5517
28750
14860
32195
757
10443
25526
1949
20515
847
1860
6122
29076
24113
5689
29812
1790
18212
24850
32532
12512
19061
14713
7962
25694
18317
1211
23022
12620
28349
21116
24312
11913
19515
19370
2750
142
1127
3503
9548
11846
9555
17899
24537
14369
12675
8545
21927
9572
18417
25776
5163
31683
3412
16454
28270
21809
15010
13520
8115
2039
29908
7156
346
5379
20969
10563
22532
20611
12077
30569
31736
30899
15547
30119
24774
12019
25153
18820
16426
1821
24835
30911
27698
8469
22307
28551
3235
162
2079
14062
19354
6012
3739
28572
13679
13734
23393
25792
20446
21501
9638
19277
11369
27922
12431
354
31224
22581
2547
25097
22979
23250
9827
293
31601
25601
32359
25510
17537
9816
4363
2047
1770
1027
28570
21210
2814
279
13994
13322
28820
12324
6232
6081
11110
19722
23509
30723
7864
31245
30242
8794
7227
21291
8215
1484
18992
19372
3498
7434
13520
2556
10862
18666
3820
13750
32602
12055
26065
27649
9676
28935
19566
19999
27597
20270
16825
24131
3479
3186
22094
7843
10325
9694
21849
9935
18985
12954
29879
9025
17267
27
20568
29493
7505
16023
13544
22715
22882
20924
32174
28426
24272
6561
2484
23319
14477
18429
3112
27238
2268
5527
15362
5152
22036
27645
9959
4199
5280
22393
11085
31206
4683
21825
24033
11692
9915
20974
24101
23866
19770
27695
24158
1754
3005
20415
25261
18483
19230
15508
31612
16155
1197
3674
32539
27820
26855
22559
1707
20122
25477
26704
12860
8899
8377
18660
30770
2312
30644
4055
1005
30556
24171
5082
26537
13338
19099
22857
9634
19100
9226
19293
21628
11785
11281
5539
25315
32366
32343
12716
15983
9233
3807
32006
25034
13570
18757
27500
3604
22770
13636
10554
13190
8008
17532
16932
19798
31602
11634
8230
13531
23417
30681
30398
12274
3289
7696
28250
16032
25487
26603
9228
27641
22387
25270
20869
9792
3016
6775
12609
25167
29970
30836
29439
3641
4391
27381
21620
5935
25993
14923
12864
1696
14323
12049
9505
31396
13618
28082
32615
32155
31286
11052
16040
273
13161
7955
17844
32742
17984
22232
29387
2987
14607
20043
26126
18766
19745
29023
3124
8442
32520
27437
16766
9529
24882
26172
8429
30044
1213
8704
21426
7964
25740
416
29926
17281
1691
30717
23931
771
18319
29935
27763
29936
1170
14289
8015
11789
5981
11073
3787
6784
22678
11809
9160
12013
7261
28129
6282
13536
23842
13825
6691
13931
2233
22737
7727
19728
9136
5500
16578
22496
14048
8004
16031
23781
15170
10767
24491
6590
30724
8227
26017
1929
1756
25902
21254
22022
29341
19081
7776
8696
9224
6333
9635
27343
4324
21063
30188
2949
24913
5016
15217
15046
32601
13408
28088
22099
17608
3596
3080
32168
15165
2957
32286
16349
8834
26204
27936
24778
12569
13499
10455
31086
17175
11581
27928
30610
27446
17288
7043
16553
6693
602
15729
31739
20514
18122
25127
18434
3275
16593
11600
24340
28977
23816
10666
28483
18479
31667
13311
10626
26874
6399
4695
19465
10232
19080
2924
11258
18902
13854
4702
580
11477
26057
23208
32711
7268
7434
26707
27834
756
4964
28777
22346
28168
14363
7597
5508
6283
25404
3465
7797
28519
6109
6472
32400
17491
15270
16261
27472
8940
26513
16867
14878
31752
13805
19199
15988
6983
12713
12451
21315
6891
19151
9789
5010
18921
29775
29583
1640
14399
20222
935
16877
23945
1502
24594
18892
3535
16288
27725
11483
12450
18791
30076
9726
28263
24271
27230
17481
18418
13102
20353
24164
19543
8218
17330
21812
24828
7467
10424
27063
20467
25857
17474
10800
4231
27529
27933
14981
32277
2429
6314
31717
28958
298
23696
22445
28313
16502
14510
12685
24974
1057
15700
17639
4832
16459
25010
29047
21355
29239
7824
15161
3150
16206
8512
391
10634
1383
10961
12674
4813
16453
28550
30644
9864
26721
2694
13556
27463
12010
22997
14985
27458
15115
22147
4498
28207
19564
15652
20901
1371
26363
6784
19126
7673
27628
4235
1594
3514
17406
26519
25485
19870
32513
16328
21393
22281
3221
30408
30617
22297
29236
5565
10117
11319
8819
23416
9006
25068
22916
14063
29444
7926
8960
17902
15349
14748
27875
11273
2705
26174
19417
21973
22892
13360
21688
31832
22212
19657
12109
31933
11620
10422
18011
22604
21704
12180
14561
28826
11394
30143
28828
21501
26333
3172
461
11843
1727
6110
14396
12708
29908
8255
30077
3060
28648
20524
17522
15390
23701
5615
17937
23501
14367
23239
23399
12652
12956
17538
12509
7761
13400
13646
3771
15669
21111
32205
4842
17640
30428
30055
14334
834
16202
27876
19828
1117
22473
12090
17719
14849
21580
1187
31337
14176
19856
27635
21857
21764
17735
32297
28912
20741
5494
12356
9449
16255
28444
26456
6624
24387
11284
4832
18993
9933
30780
16726
5189
7543
5591
25345
16912
21740
16688
12047
10718
5854
30593
24291
19536
6908
9490
13232
5025
22814
32421
31303
6190
19395
2578
301
3638
14014
6703
13553
16606
17964
16882
22204
15992
6569
730
298
6660
4036
14986
28504
26103
26032
5048
14911
19516
32572
32325
64
26489
27396
29357
11007
16787
30441
1186
18293
7028
26816
2292
9281
25100
12103
21172
10815
29845
8029
19353
9052
8220
4466
27554
25513
29757
29500
21501
2222
21806
8619
4392
17152
28415
7968
18518
24086
28191
31194
21524
31320
8483
30384
5164
11641
26563
21510
29898
32007
4901
14586
28893
26432
7007
9438
5056
28200
20023
29419
15898
22744
23340
17971
12803
7961
24763
29144
10856
13105
24283
12668
432
7677
13002
17912
11167
8512
11
19025
1659
21563
10928
21736
18286
28286
18133
14576
1580
13565
8557
31781
11221
15718
17985
21691
18717
31666
10037
17301
6058
19963
18637
7864
10942
31373
6129
8191
4885
21567
19693
19472
31249
30980
32700
17806
30740
24253
20870
24721
10797
8785
20327
2643
19192
19712
29298
22828
21183
1012
24822
22720
25317
22041
21759
26231
133
7215
19488
12845
25174
7966
25712
14123
21970
30857
2771
16726
32663
24997
24187
21159
31501
25676
28078
31963
7497
8781
12233
876
24369
9991
24709
22975
13025
30518
8313
20895
18510
21260
32480
3562
1321
24196
20637
3466
13319
9203
30844
25255
11966
9439
1211
27163
2066
27925
17865
5927
30865
23542
16973
10084
4795
6162
11370
21244
614
24824
15425
19737
23393
13131
5048
10398
15192
29465
3962
29974
17143
4201
10560
10217
10834
23059
20302
9686
29829
29397
21824
157
1687
7330
25094
15612
9637
20029
32558
13533
8252
18183
11617
27086
9990
5398
8753
23473
6313
16774
4882
14261
17644
5908
12709
29573
27420
14056
15677
10431
30638
28595
19868
17575
17701
2810
15101
24605
25654
1202
18264
21452
12074
24844
27873
23717
11397
5266
30161
25740
1253
12915
16746
17232
4140
21787
23093
3041
15841
29959
16783
14781
23764
8664
5219
21164
1537
20902
27961
20653
11959
14998
10096
26672
9722
27311
26567
32389
293
4585
3619
25749
15316
12935
29836
10704
3840
11175
8056
7014
17260
21016
17228
17338
832
2923
17184
32276
28404
8013
3266
29333
31088
13076
30206
3697
20338
9111
32541
19544
20015
12611
7852
24885
19773
12907
31359
8475
16304
16352
12789
12412
28804
4034
7548
21917
24123
29333
10072
32326
31174
9879
8609
19902
19625
30033
15755
18167
19035
20333
2027
26373
20715
23239
3830
17364
7401
9927
5451
795
13444
31469
30260
15756
3568
29613
7976
8782
29963
24958
17045
28332
29759
7726
10205
3599
17578
19576
15518
30249
2428
13784
19255
4980
23201
15006
31368
23003
25249
2114
31481
19894
5060
2551
1213
6396
14457
18306
2904
180
25336
9805
19038
20141
39
16567
3966
879
4538
18351
26048
25713
21407
8833
1547
14989
20633
16623
12522
21680
10795
21380
21903
8918
6071
24101
10777
32054
24807
22761
6418
27577
22348
21291
10300
433
4933
19677
15501
8648
30755
14878
24440
15926
17290
25871
26990
26936
11290
8675
13733
18877
21327
2358
17176
18530
3750
11424
26319
2208
19458
31113
29536
580
5453
15935
31158
20256
30562
1349
1809
257
20523
15087
1102
5089
18438
20779
6761
20573
31342
21922
16448
12905
4567
11776
21913
10306
23257
28303
28519
15780
4753
32523
14665
1854
29765
434
4180
25187
19014
12442
15122
23810
1563
9543
25290
23000
9179
15997
12802
17636
23771
6227
15427
27675
28041
19081
4892
20574
29336
24859
11369
681
8542
17174
32214
24973
24442
31659
29086
19168
32185
6530
6297
5555
6715
6225
15733
26756
28113
2220
15683
16309
2218
27167
18742
14397
16943
27514
30120
29342
24619
1388
14942
8727
14639
9043
18445
7194
22069
20051
22301
31744
22403
3749
21420
12028
8402
30514
2774
31821
4272
3937
15668
23992
18211
3885
15010
15414
16271
8570
27462
25834
16857
8361
27086
19029
28365
362
4856
26061
27581
24529
11864
19755
29035
25261
5206
20677
16938
26901
30070
13724
19263
13891
9948
24534
30093
4006
6159
366
26994
306
22013
8490
18924
15355
16191
3533
11008
17154
19871
4494
18268
23118
6359
31178
14651
27711
30364
18166
14985
22816
23515
6359
12359
25851
25411
10997
1330
14257
7427
30029
6047
9033
3029
17734
16042
9353
29499
25318
10895
20931
23304
5702
9304
11250
27683
8515
28857
1542
2696
375
23096
30331
20623
3688
9872
1840
20337
18430
31576
6007
14600
26939
30176
9320
22230
4902
31324
27516
29257
9224
32324
6999
4669
3803
20986
1764
12739
18176
11694
3751
21537
5168
1407
13391
6682
25269
26850
3211
15471
25562
29000
799
4005
4768
1019
9527
29961
28850
27465
26107
23794
3995
2789
4451
15942
14903
13194
24909
10047
21095
23009
26829
19311
14089
13477
18884
13058
17960
1541
26804
28484
20335
5194
4818
30819
2788
5561
19037
6261
26579
5051
11567
1980
18439
2363
10642
7721
31552
16464
30036
15904
3810
13084
31518
23675
17899
29684
12801
18897
19751
24768
4946
8440
32679
9637
8888
32456
20335
21218
15491
26402
9839
2552
7743
31537
21429
1550
23945
25840
22752
915
16674
7149
11224
19237
12354
26444
16572
25522
11311
16654
28700
12253
2061
32404
3433
31395
21240
25182
16809
14142
10320
31513
32367
30793
23124
29657
7435
25126
10995
14755
32254
7325
1758
6702
15537
1989
30434
16362
19302
14376
15221
12098
2926
32290
18063
10526
13724
31882
1979
5805
9979
4756
15981
25185
26044
7414
18070
25147
29298
21066
4982
14152
14722
16052
19633
18028
14548
8900
16806
11870
11727
14750
9980
24308
24453
10840
21117
13729
22826
10403
26920
17212
10443
2222
13185
7938
30268
19015
3116
27359
1619
24388
7354
27881
32339
12577
23747
25133
31659
10730
1845
28335
21473
17499
31211
20140
4297
26439
13186
11554
31994
4150
25448
17299
21634
4434
16437
9989
28121
26244
6207
26189
28436
26074
20584
23949
25435
20268
17723
25340
17565
32511
16952
12517
19842
18601
875
12531
10146
15286
30020
3243
18932
22667
9890
10042
7049
30793
8497
25713
11898
27636
7158
24846
10015
5845
15400
61
9089
2076
22594
29278
14098
22474
29014
6409
20124
19150
22180
27727
4216
622
10091
17731
3328
15081
9983
12730
21318
23899
5916
13646
15879
26848
3194
7081
3290
30460
29089
16384
7597
24379
11263
28125
23154
15892
5944
16162
12054
25363
19133
6987
7091
27192
23968
15347
14086
1178
7335
23193
13603
13391
26271
27557
18023
32656
8946
2726
25263
24345
1660
31710
21703
27599
6811
26368
6694
4005
14981
12088
27352
15808
31455
3180
32187
30170
12171
18882
23790
5860
961
19810
24199
17647
22625
19837
5508
26188
23687
22158
20229
31730
5216
1759
28600
22817
16957
9039
17812
32325
26086
26964
8650
6941
17969
16956
20216
31772
14547
15288
14240
26384
7285
27034
20698
11009
14603
5342
7493
26460
31329
23527
23619
20049
14582
10252
14694
26233
1294
7251
4133
4028
10243
24956
6100
20338
20444
29506
3027
10184
6432
21213
9221
32357
27373
17099
29059
22094
22852
28624
29586
24839
423
11068
30931
11004
5606
6764
8378
26399
2358
32659
4417
7633
4995
32699
13534
17158
32519
2566
5298
30628
29724
17466
8963
31277
14158
8316
2540
2718
3509
92
21075
17815
15234
2322
30492
15035
20695
3335
14492
16986
14556
11928
17489
22094
16143
8214
1232
29218
32475
9489
11774
15994
29037
14550
22915
2990
3523
32310
18300
24505
12037
23689
6000
6994
13593
28147
3462
31320
4978
8934
14325
29555
16936
16104
2235
15097
17742
4759
14226
27918
16000
5866
32
8976
15547
19897
4206
30770
15985
2944
15259
16742
6621
3680
17618
31873
16277
1638
22137
15001
2910
29456
31147
2482
5955
31245
8681
8602
17641
6981
8460
22546
28957
26137
6014
8238
1455
5100
13482
6399
23939
11234
23473
28527
12005
5095
95
5995
28701
13044
20573
8264
27203
2189
31912
10335
28245
23951
14145
13307
24711
29224
14631
27510
3546
19751
25730
1182
32752
4214
22305
23389
17183
30436
294
32154
21188
24360
5120
11866
8154
2083
23962
9259
26059
25190
25554
1730
16773
6900
21549
28643
16081
17225
7113
29569
20448
15003
15251
29479
25383
15455
11449
16534
2926
14351
26979
21424
28195
22059
28062
6036
27635
20094
17560
4875
14236
29602
30227
28707
20220
6086
26644
10009
2670
11951
2267
20604
13911
20733
21784
25232
27388
1200
3676
24049
5783
28394
13774
11640
28073
21238
7967
15714
13713
650
12224
3503
7518
9033
7762
17353
6370
28044
18014
32614
29191
18530
25670
30383
1127
26326
19835
7586
22294
19056
30961
23733
2242
20222
27600
6844
16895
9107
24173
7692
8668
21713
11640
2273
22714
19556
27511
29949
25950
27087
9842
29330
10308
6251
13808
28258
16694
1708
9507
17189
27422
25255
3424
31275
18969
16337
29906
32578
24524
2570
1390
19418
6651
10714
12329
19815
12119
15866
4201
2823
16024
3606
9146
20069
25548
6865
10691
21469
14319
28426
16504
17889
28347
5725
4241
1947
1729
23789
7738
4819
16313
15457
4620
27924
19223
6701
3644
30730
27359
15123
25618
8495
29369
4073
15773
13479
24392
16284
4006
22375
30648
4725
26594
27805
11670
8859
27499
27212
12005
30170
6513
24887
24174
25762
9773
15361
9815
29267
535
31122
22775
31415
24921
26301
5097
22736
22403
6943
22879
27349
23424
15690
21433
6007
18377
21027
30551
14440
10968
7048
30379
3614
31712
18998
15506
8405
1979
1770
24804
13011
10788
5831
19273
10223
10022
7928
30799
1620
14548
19350
5306
29827
9531
24012
25372
22679
28821
25913
8101
31949
32704
10389
22075
23875
16110
408
24269
768
8349
12311
29669
4149
2250
26737
6013
25026
30817
8489
14868
27132
3321
25556
22529
10414
10430
9526
262
25694
22190
26792
32296
2257
16137
12988
2494
20177
16386
3876
19913
4397
32443
11728
7299
29442
1136
23383
5947
15161
15347
22680
14175
2385
25432
21921
28123
18270
17905
5072
19617
32082
21117
29495
28297
27004
24988
28485
4444
590
16518
20131
5675
17763
21501
2653
23526
30657
26496
12354
10282
15195
31938
17549
4697
7642
12122
26309
9456
1180
188
15841
10517
6653
8296
28592
20592
8150
1121
10104
12604
19268
26081
28638
18590
3499
30283
25605
30517
28410
24673
31738
11250
23856
27063
30800
12586
5407
18535
12551
20457
2159
263
19379
15754
25831
24792
7385
1924
8424
26688
14493
29063
12602
14715
30362
31176
19468
24461
27922
30617
23861
379
10055
2108
4032
21946
6952
15865
4264
27112
8752
17774
28384
4794
31116
29991
15510
6198
3452
31598
21945
29218
5115
7780
28601
10428
15010
16977
22158
11691
27594
10809
31483
16694
28401
9904
13844
14260
26719
9966
26110
13123
31752
24614
18422
9661
6069
32532
13204
12008
10335
6102
6993
10989
16091
18428
30280
1292
26557
16098
30521
8845
14966
8254
13523
31226
25535
29941
10035
10891
12091
7731
7848
10210
21591
32442
6073
19960
2678
20090
4201
29016
10315
19554
17081
16267
21125
17015
26735
979
32178
4131
27670
9244
18269
11983
11078
27183
27258
25780
11813
27945
21253
6637
30766
12075
5349
977
22065
17236
18966
6785
19867
4076
7175
3261
4344
226
31809
9724
7606
15993
20554
23227
26412
15422
5321
28437
13019
13373
15338
27540
2547
25204
19204
21575
25625
5256
31610
22036
28519
25015
25311
24144
6580
7950
26205
20621
16150
25564
32087
20147
8614
12902
1869
18259
3715
6364
14592
15927
21530
24204
25815
830
28068
4438
8834
19303
2031
1888
6621
24619
17250
10507
29975
22800
22332
5925
15891
4987
31260
352
11022
23749
13254
16642
7811
658
31780
3039
24139
15710
19339
21380
17929
10585
64
9398
30917
16757
15675
6939
21975
4285
9770
15670
13575
3560
7353
21657
11762
21806
25361
5717
28336
13402
18334
12214
26035
15649
15894
2861
17138
20914
2487
24974
5191
24462
23760
27515
278
15514
4482
18208
26928
23154
24520
26146
27383
17409
13493
6097
5314
6479
3837
933
17795
32153
1207
10216
167
11175
22113
12464
14653
9306
13093
15120
22619
11141
4698
22671
701
1789
17998
26329
25008
13300
11331
4021
29486
1666
7607
1335
9547
26501
1769
20023
16592
9387
18072
14082
26405
1741
15118
14926
10100
8831
8285
30324
28427
5861
9193
729
22786
11976
20774
14765
8478
6120
15267
18905
15862
9364
2632
9522
26196
19321
18396
7923
1502
22968
7369
20074
25846
2875
22052
2545
2014
32072
24040
3616
2336
12118
2178
9537
29485
1568
23443
25348
23876
1273
12785
18549
20373
12639
24815
25642
12967
21714
17118
17089
19959
4327
19155
17290
6626
31128
1451
9600
26820
10718
11341
24702
11106
1666
11055
7855
21637
9007
17180
27207
8168
32205
10036
25456
16468
1034
15412
4743
14602
5945
23799
10889
26209
608
18493
20424
31152
5772
7084
14051
27758
24936
20
12276
11928
12814
27383
29195
5203
24605
6473
15068
18131
2316
10100
5812
15483
14270
27295
25778
31814
10838
28464
27443
12389
10828
16527
4238
19498
10945
24109
3074
18724
8463
454
8940
16268
19365
6883
17981
24031
23314
9122
9260
973
12639
12985
552
1106
11170
28345
29457
21283
10704
18064
15783
8523
18643
4946
1859
11542
732
1849
5829
18734
10747
3562
17357
24324
28909
505
26158
28785
30261
23472
22943
23710
1390
15628
27060
27681
735
32521
14861
26728
13648
9247
32462
16987
25116
21517
6478
3133
28552
17621
27924
19155
339
13576
255
25033
17294
23363
16580
8017
22446
28410
29342
11021
6112
11892
13632
23599
9372
1559
6671
15071
28797
15590
12174
12509
15952
19016
4121
11623
17771
14603
18647
16477
28736
15272
11498
28835
26929
21961
26856
20935
27046
16136
27279
7395
32605
25338
28852
20677
15362
8812
22397
7502
768
14828
29904
7704
27030
29068
6411
10331
23853
31202
2038
12306
1001
6739
32246
2137
2942
5266
5507
794
23109
24931
8411
13288
22159
10917
19448
23083
14393
9871
6848
13950
6272
14394
6013
20309
13335
31071
17804
26851
4983
4451
11353
13371
3447
32144
3723
31157
22556
11942
8571
17043
7090
8082
22763
17892
15387
18813
6901
7337
19560
6408
28737
311
24742
18646
1147
7644
12794
17740
2820
11973
18673
32148
23528
31519
8721
17896
23825
27005
180
12045
3002
13178
25622
30493
14886
31903
21164
30602
21905
20615
28599
13408
18535
19520
3866
28874
19636
30453
15208
27864
17115
3530
25154
12415
24716
18184
6880
2018
19440
20602
15085
5327
30502
3351
11672
6541
20467
21984
16616
24789
6069
16908
23887
26398
30617
14947
23427
10526
9486
23528
27785
15245
10874
28090
18450
4140
10283
28220
5387
3078
8592
31604
16496
21237
10921
6833
13921
27753
2492
9073
12663
9573
8522
20865
5208
21450
13889
16998
393
24280
26227
25084
9604
12530
25415
2653
26379
30369
17582
23300
29115
20188
2137
2867
20196
20615
4394
15249
152
2361
15080
2840
21250
22850
22070
29486
22521
20717
8390
12050
16597
29442
3530
12922
2690
143
29355
29563
12243
12776
27646
2984
22040
237
3764
29822
10226
26763
14736
25344
21094
15750
6879
1694
22577
1141
15971
12123
12123
26894
14224
7983
23823
15011
15355
2730
938
4589
16911
3291
5906
1033
30721
4720
11081
1728
9991
30
4418
27147
22213
6212
13811
2774
17672
25547
30635
8965
1463
8784
26022
23221
24327
1413
7647
32452
13805
15316
15653
147
7897
3654
5489
8970
26273
5540
7799
30941
10171
19164
21627
6158
16304
30373
31078
9908
14541
17510
27673
9466
31772
31828
2561
6250
24467
10459
20203
31852
25738
11072
10010
7177
14963
900
10135
14581
22981
20363
8393
9165
19257
17790
16197
10653
28473
11629
12007
31397
22933
7737
29730
28253
5497
433
28564
18614
26012
9211
16350
25763
21689
21046
30130
26584
10819
19549
20014
25553
5973
3694
26472
2071
12264
13516
9034
18879
1096
32738
11424
9267
28361
15114
21103
22325
27061
2733
11656
17952
394
26027
17502
23665
14178
15869
8469
7047
26547
7321
3547
13735
2360
13461
27515
23107
22575
12688
22063
6012
16837
17742
3254
29925
9167
14498
19879
11146
13498
913
7941
7985
10181
12468
13331
31967
24941
4062
25962
8862
20521
31743
28488
13438
15704
14408
27179
730
10872
10384
12703
9692
3736
26871
11604
29251
2064
2249
12403
11108
22127
27813
25394
5743
12469
7134
27303
21236
19395
32033
17113
7334
9487
18008
32541
23134
26012
9167
25760
7779
28970
23189
4928
31720
30122
27174
12448
21974
3828
28998
18811
2764
21180
23088
23864
8804
22722
4592
18367
24505
4938
20238
32140
23846
3020
11116
19969
5456
22508
5489
8193
32102
23212
23655
23738
5287
9697
23586
31938
3365
4068
3043
27494
29129
20873
29820
13375
28056
16469
20916
12038
6196
30955
25324
7592
27558
3528
12035
28829
18266
3632
16248
9590
9323
31080
5838
29622
24354
29222
26165
15331
14777
17990
18022
27869
31844
7870
30671
21358
22162
27604
28144
2081
25967
24975
10757
28504
942
6251
10469
32665
18055
9808
26666
16937
19451
17349
18066
16860
15967
20834
17317
23595
12568
20867
25240
10375
15012
10820
13426
27117
28634
17321
19821
16059
9330
22044
10655
706
5319
32029
17625
6044
23772
25141
27088
1855
24733
5163
31866
13523
2408
24187
17339
4033
31948
13572
30273
32013
12433
2049
3757
27365
32760
5178
10995
17018
9795
892
31491
11278
17016
28998
681
22862
18531
10181
12977
18915
730
10498
7504
15940
2885
22619
18879
19662
23133
22576
27433
19734
22067
28638
32455
3454
372
3569
5450
1798
12268
14997
19321
869
25674
3662
13851
26969
15139
233
17687
9019
1849
9395
25050
21462
764
8680
19705
19833
15185
1646
32535
32587
6035
15811
4362
19679
8919
17717
28473
1032
31349
28753
23624
25839
1476
20893
1784
28770
23332
7050
14152
28783
30274
3492
22241
28466
9111
16908
22704
4075
17714
28456
17365
32339
21688
29081
26044
26673
18089
12909
28553
13608
13028
15766
698
28883
26222
7323
28935
6932
17007
18830
13197
21160
3197
20030
23852
3583
5149
25517
3118
22091
20871
9669
7977
14552
25002
12102
12582
25243
880
12803
8450
6669
31299
24398
10261
2874
31184
13489
17426
6676
32523
223
30766
12046
14963
13545
10629
12774
28567
21941
6841
9922
28121
8621
19164
8575
1650
16052
15248
838
9142
1118
25196
13920
26009
13920
18850
23627
26483
17221
9183
8717
4864
23395
22387
11976
9387
29710
17586
24719
17676
2827
19354
19320
23471
15943
21686
12018
32535
3017
24897
21849
9730
19942
26255
4552
32239
18356
30889
20527
2782
21953
2104
27557
29783
5892
14244
16127
9133
8723
2940
9121
6020
6807
31257
21140
4241
15101
7806
23513
31649
9839
4739
10237
15581
5891
13363
14318
16460
15410
23154
5901
29593
23947
15587
13188
3351
5544
4872
4314
17410
14690
11947
2245
24072
16193
5501
3647
13831
15158
24062
9947
8217
17037
21404
3674
20174
19485
9759
14457
7608
24770
10308
9486
25901
12301
25000
14931
15176
23865
30696
6530
17969
6241
13063
8610
926
22513
8464
5280
10650
18011
7420
4769
1158
14347
15573
24471
30301
15772
27420
10002
31548
9804
12137
12890
22305
1709
27217
17594
20722
6046
2188
4638
7874
378
29015
993
26449
26511
13336
16352
31953
18386
14657
9683
13552
720
31350
14045
530
8168
1522
7009
12766
8632
20775
15128
29949
32469
7844
7008
5150
4799
31548
30679
30270
6932
5733
18729
23590
5379
31198
11814
30005
3844
25749
27416
12639
17094
19655
29523
29814
2921
19817
12557
3752
3054
711
32624
7754
6636
6763
2798
16084
16516
6720
3029
10540
28566
8951
3875
10535
11061
12714
16795
3149
20313
9407
28952
28124
15316
2064
14370
1040
31880
27720
1983
21154
16854
19856
907
26254
15706
19820
25611
32538
14037
17375
21311
18452
28010
27606
30582
2395
6414
11972
8294
28577
8250
21385
19068
21102
21986
5272
27761
7016
21419
24921
17182
13011
17497
20172
3985
5460
12934
31600
31584
30458
12186
27235
5949
6014
26359
6602
10187
11210
29044
22643
13489
185
32013
7865
3564
15134
7385
28328
15209
22791
21820
32610
2771
22595
14429
14273
12202
9761
9946
15422
10645
15483
2235
5138
25849
4083
4773
10651
18890
13181
27472
10752
11425
21790
17723
2072
22031
30707
16543
9864
5170
3956
10657
27948
2693
24570
26315
19897
13308
18559
11197
31648
19281
22949
17440
23349
3480
24058
2780
27664
2842
14203
24971
12979
31328
13911
15405
25966
16782
19701
5405
24704
10739
17719
23876
9599
29149
23297
15500
27130
12466
24565
13975
31068
16700
19585
1970
28179
9797
25116
19972
1522
7524
17100
21259
5588
21526
8684
2378
24707
29456
29228
4667
21720
29652
13529
24715
30499
29827
20063
19078
31180
32242
1036
8401
18747
28671
1814
7511
3830
2086
12512
16005
28681
13903
21625
25274
2731
13290
18789
14329
30494
4414
5025
21474
20439
11518
19681
2016
1247
18974
13084
17827
32377
14308
74
10193
21253
16450
28525
29432
5156
20579
4814
8904
30493
3972
24457
22399
23680
22533
4683
14244
31497
18112
20827
6648
12742
21657
12247
2986
17788
11862
30273
1738
3400
16050
21562
27904
21122
7852
24460
6782
26598
24613
1134
9523
15350
26282
19204
7233
27290
17039
5670
23474
4618
16957
16226
18534
28397
11724
13380
2128
963
24789
30932
2787
20352
13953
13153
30150
22393
31718
9597
18895
2180
23700
13897
21551
13147
32106
29171
16362
10306
14767
8828
23435
13802
13918
26047
26389
3988
16320
25775
32316
24185
9536
4064
29397
618
1916
1353
11148
17844
19608
840
23253
2118
11991
3302
8741
9750
6508
9053
30049
7360
18317
14551
21143
13424
22986
16505
8684
12291
21917
32672
20949
18537
17218
1130
906
30542
24008
25977
23480
21753
2409
12019
19318
3444
1047
8397
25979
12525
1111
8778
5006
25436
14930
3774
16445
12134
26409
16280
18642
129
32394
30623
19331
2138
1665
4988
9705
4980
10640
9081
14260
4369
12033
21128
15772
21077
19835
16007
22683
17577
3028
9666
5465
11102
9254
3514
2024
7314
7461
18213
20401
17752
3503
29493
6062
14611
16037
28189
26330
20515
7930
17106
21734
22980
15881
3086
30510
9522
16428
26267
6635
9746
394
22734
6570
14349
23344
21330
28925
17854
15972
12070
20080
22222
6709
19689
18110
18781
16215
14678
30533
15012
13870
31499
11448
25305
15145
28046
25108
26707
21841
19857
11221
28143
15138
23157
25449
24754
31129
12558
9957
18608
4494
17318
247
8492
32580
4932
19739
31744
24639
3630
11282
29760
11093
14252
7313
13338
12040
32015
3126
4608
18963
23538
29887
2314
4675
15808
22910
4245
23944
11382
14600
5937
24908
17578
18222
9402
23555
2253
814
26564
32004
31149
32298
12860
32407
6205
26072
10573
9807
13465
10108
11393
8090
11845
16147
14377
25750
2485
1745
18174
10534
32531
6862
30472
31814
26172
9469
30143
5019
9228
9565
30577
30030
31963
2675
15843
29723
28743
11767
29243
12709
564
2510
22045
6925
5394
14648
4117
5058
14687
6731
5941
17051
5740
9120
511
13603
20579
16972
15493
19764
3977
21521
27086
11463
3265
4566
29820
5130
18258
32341
4780
26035
18409
11540
16670
17812
5346
30102
31126
1392
15299
26322
10369
21518
5129
3812
9692
25227
7976
27395
13650
29684
10701
5043
20900
2837
4710
31035
18254
10891
22756
17498
25192
23329
23487
12086
13258
27737
26171
27285
12659
9032
29675
25423
13868
19367
19827
31748
9320
24360
25233
3850
12399
14086
1375
19625
5563
31712
27346
18827
15266
18375
5255
20846
3382
11926
1983
21020
2154
8321
30120
29341
18550
23281
14558
10923
3964
23440
19505
28262
4971
2463
7849
16969
4644
2448
26823
19293
28891
28369
26382
12204
27328
16358
7618
23289
4831
186
2544
31662
11589
14135
25518
19478
9061
7700
21924
31692
6074
31214
19915
19828
23725
17563
19317
15528
21176
8891
20110
16437
29132
22415
19489
31880
496
11023
19485
31331
18220
30262
5210
13781
9381
18849
1239
6504
31497
25176
2374
14748
17965
24812
17354
25748
15861
30402
21759
23056
32373
32174
25915
16283
31573
11715
21267
9478
17018
25962
11041
11540
20962
14258
19717
11895
1232
13543
25002
24827
23594
8550
1739
27394
9759
3759
21429
25392
18700
2748
6990
6759
13729
22930
3926
16886
17472
27925
10477
16909
421
3872
31317
21621
11980
29141
19962
14205
30735
6706
13999
3384
10128
22757
30011
15077
22230
17762
22292
23727
25531
28466
29290
8599
11397
14734
25447
9134
22355
5420
28342
4231
10427
3161
11586
13804
11697
21832
9536
18128
15530
24234
29807
27781
4610
2686
28574
30767
2971
2859
23408
18553
18376
5836
8796
14214
11113
25803
11255
9515
4951
10673
14710
29019
13570
1340
27502
31458
29272
5811
21727
30294
9449
11126
16241
12619
9289
15321
1277
5575
2998
10802
8783
502
763
30769
26411
18462
3732
26224
26509
27348
11027
12875
4661
26993
14275
26098
4195
12480
29834
28348
21216
1017
5908
28095
28733
29171
15149
30365
14431
10901
12911
12448
8508
18574
30494
3594
28895
25413
18000
3494
18610
32019
9553
15011
30204
8625
22085
24226
11177
18668
15
6670
2378
20896
3442
22188
4956
10467
1910
18547
205
29057
28430
28829
444
16297
23031
22270
25473
15589
22243
28053
13805
18511
23767
21089
21970
26371
18898
25461
198
6352
13487
22863
22053
25907
5708
23398
26965
13445
3564
17154
18766
18803
17626
80
8537
28335
13648
21942
22295
11493
22678
23908
18886
7409
110
3372
5824
10831
24496
11411
1860
22994
1586
28968
2937
26777
21482
13588
26288
22336
10071
31731
28906
13651
19228
14818
4506
16648
26351
4313
22444
12077
30641
30780
21189
12127
4830
684
4557
125
31016
13859
27307
10588
15455
10816
28495
10684
31892
24799
13302
14203
126
3309
19113
23561
11549
15227
6151
1564
8348
4880
25925
25509
29820
7492
21363
6146
27375
20106
5121
8821
2946
16462
2689
2261
29439
20800
15278
6787
23186
8175
11694
24480
6698
5017
7572
2173
10786
26433
11817
29011
26657
27395
29676
3637
9023
28581
599
21314
13161
4206
24164
27935
8198
20283
31312
23973
6618
14031
7839
20694
19499
30571
25696
15894
18723
12702
9394
10648
5494
25439
391
6678
5957
11097
27560
5829
27713
22150
18938
16776
27411
27647
9727
24931
21500
11027
415
28979
29880
12182
14889
1693
17321
12411
7317
9541
13873
3238
3852
21056
22112
6651
29610
31691
23503
27323
10370
2365
19403
32016
18658
10042
25782
2278
5081
9258
22699
24573
7159
28905
7009
5180
9300
6592
18258
22601
20179
19349
24092
20054
32680
14686
26663
14654
6680
30172
14216
17360
31360
5509
21029
21098
20889
11458
18202
4811
17658
32346
29532
15906
30943
28206
31132
16746
26408
3112
29039
16378
10149
19310
4523
9304
3472
14811
23060
13135
15963
19375
56
21825
9645
3973
9111
2494
27303
24198
3335
14676
19051
23773
32087
22953
31711
24170
20275
6088
174
955
28743
31929
1936
9016
30120
16468
17356
21149
20335
15958
24059
9390
24487
16821
25102
28454
30825
6705
20114
11504
1349
12332
10547
20633
25572
2747
15487
6918
12268
31741
25325
19042
1572
26540
798
13659
729
22513
8546
9870
32640
21629
10878
3135
21404
12245
23469
20558
7394
16109
27620
27750
21147
12025
23130
3704
10315
28032
1608
24936
912
22194
29677
19974
2380
7675
25302
18495
1542
9432
6492
31893
13710
13290
2414
29132
11744
19017
12945
29414
29003
30490
25892
21842
27603
29028
19177
28513
24531
25119
22721
21241
1511
5262
3511
8333
25608
207
9024
1612
8185
25777
4801
16281
20707
24261
5202
10428
5180
16312
31426
15063
27116
1503
4315
1051
7091
14100
23527
28731
13253
3265
26483
29985
18104
9786
32338
30689
5280
13648
29925
32235
17785
22819
26778
32388
17605
6967
6323
26743
117
17098
15433
12295
3853
29285
31120
31017
260
17330
25180
12784
24937
21901
6628
12617
10701
93
1990
11752
11612
9381
15436
8578
16205
18390
27118
27709
6269
29544
6168
19557
16470
2600
29485
32352
31990
2004
24011
6372
3725
24293
10065
31079
14855
26796
2974
21719
26348
7072
24604
16524
21636
31735
4606
18299
10814
31347
22981
24492
26450
13695
18441
21486
30118
20602
3958
30153
25583
21843
12309
11188
2840
21590
26572
12168
8935
13893
3113
4405
2526
29867
12635
20915
17503
11373
17025
10812
30484
16034
28456
21433
24718
29604
4622
25210
5676
21607
29996
2601
2111
11786
5876
24065
4459
29612
21720
24891
5457
29313
7947
31689
29290
3109
6539
10055
19254
27440
20063
26671
27287
26122
21789
26444
18295
1025
5040
16241
27569
22680
31832
21354
16943
10530
27890
16435
4176
4240
4986
16232
7820
5512
31694
3581
21594
26295
10933
11055
19281
12647
27167
954
7566
18004
10927
23885
29527
187
7798
5691
5117
9141
28930
3443
32263
8643
16535
18098
19084
682
15548
7927
24545
23425
3577
9528
14197
3336
27360
27475
15096
15419
32330
25415
31939
14631
739
7332
20340
18429
14313
30272
216
101
4912
6188
15375
14100
21610
18918
22250
9633
23973
30928
3736
17556
29973
737
30594
3009
21524
6555
9331
3284
10087
20797
18684
7212
25795
12345
23319
31725
6543
21224
30730
15696
5868
30589
4238
19518
7923
1592
8241
22814
30525
27100
29689
5355
1193
19554
17482
29577
21593
3055
9737
26713
13822
31748
5890
20747
19286
18164
10631
691
12531
924
4954
11551
9277
21326
9166
2152
19130
7182
25896
200
32397
13057
27979
21675
17469
2850
8597
22793
19896
15415
29188
22514
11928
30212
20381
15723
9636
13246
25102
1656
8090
17346
16530
9850
22316
30599
12821
22203
13896
4049
14489
1096
23708
14632
27608
20479
28506
11401
26410
21736
5688
18523
20138
10441
18876
13732
12180
19188
22198
28029
16370
30052
15118
12996
16760
1032
16319
21520
2988
26207
29732
18922
330
20293
28275
1338
29926
5901
30087
511
16595
975
30690
29251
5700
27651
29682
5455
18353
26447
13715
3867
4732
414
3286
21512
11221
9330
25088
31953
5339
10875
19158
5823
31235
20840
1304
17437
8638
32253
31308
16620
11862
1638
12476
8152
14105
30411
19906
21354
31930
1060
3395
22398
15604
8527
21114
3832
26992
27231
13815
10675
17897
23096
13543
9914
12686
32345
26005
18107
8104
7416
21809
696
892
340
29393
23296
13171
25159
11189
4702
1912
5914
7375
10640
13986
3742
32130
12026
14355
15480
10155
13980
11040
28861
24798
3650
2738
19903
18674
506
12267
20518
4543
17611
26637
7490
25638
20900
8600
2975
5714
22675
29875
6618
5950
3127
2765
18356
13175
25464
10628
1381
5924
9077
25798
11571
12611
17854
15414
15170
23605
3780
10193
14254
28541
26766
22481
1751
7877
21933
11217
5116
18977
4209
9523
2572
9112
10845
22719
3768
19937
16345
9100
13261
22634
5159
10020
4801
15519
10648
20707
18059
16488
10752
28832
14264
25075
13159
8848
28348
12469
23809
4198
24710
14251
2145
19903
26967
23782
21225
21438
27091
23110
15237
24563
14937
13190
20633
14978
26768
19832
31287
10113
29506
2706
13462
1953
30830
4266
20159
27665
2456
7166
394
8607
6756
887
29385
30497
15715
21039
30915
17171
9005
6704
12772
27777
4016
25727
17586
31528
14791
25177
23555
29400
18703
17340
13165
32284
26102
22313
18431
11293
4116
22185
302
17860
11967
1550
26130
32287
4057
1659
13011
518
18669
806
25182
11006
11898
7005
92
22877
21903
11719
22372
14767
21400
26861
20335
31065
12408
17656
4237
11900
16088
19132
15831
30492
20158
19446
23717
4994
28257
28882
15361
32734
11580
16049
28763
20785
5473
31784
14206
22890
20240
5708
22722
22223
8840
27437
21891
12959
19485
7584
32211
4854
22155
22082
15724
17392
28554
5561
13544
15377
27298
31805
29493
16357
26177
10840
25411
26851
18187
7913
16895
5015
32113
13935
12421
30977
18821
12164
13969
30520
28940
22696
18743
19794
7125
19264
10709
20104
19018
22494
12613
20630
6725
1987
23383
22881
20005
22435
9854
20444
18976
4008
7113
13356
31707
23737
4885
8971
24631
3835
1922
10346
7022
8600
4131
9562
22368
28608
20730
19756
23591
15086
30755
32215
5873
26221
6991
30619
783
3098
2420
14308
10569
20075
25795
31601
10613
2992
6363
11189
584
22169
316
15230
2923
22521
21502
14036
21969
32201
9411
2596
26185
7024
5098
17566
32335
24386
32261
23003
26408
16710
16269
9923
29486
20284
24789
15790
10600
31198
15933
15817
20317
18279
168
14780
17706
3922
31280
29065
26579
9060
15128
25527
28119
2540
29441
31153
29191
11594
29281
21353
8343
9390
24626
30272
14966
31266
30695
25386
25307
4555
25508
22541
27425
5739
1710
16491
4308
3883
19489
6465
25100
664
19937
19503
15353
19179
26578
17880
6080
32653
2892
19340
6533
6106
26313
21541
5577
11046
13793
26670
247
29181
19833
19787
32057
27823
14391
212
31376
21260
30521
17860
7460
12653
15110
18898
24025
22260
10436
9693
6434
30996
32684
15757
26
12371
12988
16952
8145
12878
19115
23810
29411
27902
9250
17481
12624
26427
24105
16448
21127
2686
3296
25305
30148
14827
1135
30441
9372
23183
20543
27271
9175
12518
10859
14516
18045
14240
1905
5698
30515
21412
2606
26094
27592
2390
29705
14288
14092
5909
25966
22517
11489
6408
638
12362
19604
6683
20484
443
9581
13892
23723
14493
27012
12811
2671
24649
8919
11081
3154
31242
16026
18224
27728
15162
25294
395
11668
30375
16917
327
24300
13628
25029
5683
12667
16861
1595
17412
26542
11410
14706
32412
12401
2280
8148
31628
17058
27540
3919
15575
19653
27482
7340
14585
3322
10541
4892
17447
9517
9112
2580
7897
32653
22876
3419
19846
22335
32603
2914
7598
14675
19892
32211
31774
4599
10288
108
112
6634
9693
18958
20945
14388
15352
15377
18695
11285
4112
31707
29618
4923
13673
19121
23761
8247
22943
4044
16009
5426
9355
18608
290
22236
20330
21433
11091
11174
14140
18679
10175
31537
28267
21820
959
8710
4525
19314
2914
11655
25643
24626
26290
5158
30435
17299
7225
15828
24395
3392
7364
28860
16695
11982
15463
30258
12284
24652
15553
3046
10966
15131
19585
30046
14471
30464
8233
16803
26177
32119
2067
6458
11718
18250
10161
10325
1742
14435
12824
31051
10153
28126
20416
21318
14629
12899
4485
28987
434
3251
5362
9504
19396
7296
15807
15193
2937
14722
10392
12915
1916
2247
15137
6932
2345
31819
30006
13362
22514
28872
26487
6020
1025
24015
29444
2614
17438
19480
13957
17889
27348
1559
19566
19898
14031
14031
16001
9226
649
27371
21140
29662
5926
10251
5268
767
9884
3676
16842
36
12566
14443
31069
359
22939
19771
22040
18166
28138
30869
21870
5643
9641
15775
12219
16414
23743
22448
1485
10841
19711
7523
1955
26956
2822
6634
30836
17634
19046
20645
13300
14483
11524
24307
6354
17372
8638
28745
31877
7916
5713
14465
3144
10145
122
26740
16227
6834
604
20682
16045
27950
11810
10001
25935
23077
11493
8461
16074
30884
19664
23119
9788
28135
14978
14345
27359
4043
27059
16161
7634
2946
28955
4228
27932
25738
23951
32701
12270
24544
16494
30662
2088
12145
32059
8734
15647
29137
6795
1051
13213
23087
6690
1666
10026
5257
7257
6997
2186
14876
21187
30188
9607
27167
1551
2375
32241
23216
13104
16547
27106
30223
956
9803
30022
22538
9618
27825
5275
16312
17856
3517
5878
18794
12964
29797
31047
1247
26961
25726
32477
15287
4659
5330
13101
31786
12535
12146
14543
15354
2981
11342
2505
10150
3343
14850
3344
29153
9839
10483
9548
14146
29772
3227
7388
19005
10909
1825
4890
31570
3121
29485
20192
12676
29006
24570
6731
26381
8601
5037
3006
24144
1333
2021
24618
8975
28975
5267
19085
11230
4890
15628
23737
12248
16374
21340
27991
1168
10839
26077
7979
6219
17347
11017
28058
23660
19803
24461
25193
13359
23485
19102
22727
15258
21034
23696
29070
31409
6372
7077
7366
22762
4826
21283
23659
25824
5767
14505
9327
17483
28184
31682
31747
24624
8909
29627
17427
8533
6049
24498
18191
20728
14125
27888
30193
29120
14538
30585
30332
9460
16630
14560
26305
28651
24825
22880
31208
30148
14792
5929
21037
31063
17961
30712
15401
15210
4120
14570
12115
2345
21865
28818
14278
3792
24496
5961
11589
17067
4958
27077
23420
31808
31276
23022
32648
3019
19645
492
16058
26090
16254
19845
31384
14234
5842
19878
9765
30306
18028
27199
99
16590
8187
26196
22549
8991
21773
27218
15561
5185
20525
2207
16662
16125
10575
28788
12835
27504
14703
17135
26728
7356
4468
15972
5561
14077
22618
13301
13440
16767
21648
31586
31818
6446
9375
22818
32645
10061
27405
2738
22151
28779
29057
27949
31699
3987
1831
29213
15768
29124
7766
22160
26747
26016
28017
20591
3990
21352
5899
9740
5569
12584
7502
25594
23568
1839
9373
9505
14749
6338
18808
8465
8327
1298
3488
29847
5178
29803
8316
22670
21745
9645
1724
15096
25722
28672
25916
28238
18489
3268
29483
25364
11376
15815
22380
8111
19646
9147
30012
27259
17893
22759
27670
23065
13520
9244
20179
16390
18132
22507
22038
8562
7990
12821
4583
12879
13805
20291
24222
1704
5034
1783
8451
28212
3862
17347
3507
11819
28506
11193
32710
3416
6117
11554
8878
26224
8553
17267
29538
13474
1063
2172
23741
20079
14189
26083
29472
17084
27229
31441
4959
3109
14831
2539
26843
3733
2106
900
7915
4883
22767
16
16769
13791
22310
16092
4362
31422
26717
31997
19861
31634
28861
14471
15672
25901
11424
13311
29103
13927
17233
19986
4423
30062
30482
390
9979
20318
5732
8562
15836
22034
4738
9642
19382
20537
24367
7038
12016
20396
32689
3748
17332
511
25886
32370
21584
28501
470
13136
26844
7033
13905
2158
14877
15659
31515
32178
19370
32696
27676
9717
29005
718
6429
17774
17324
3213
16264
13422
18473
8673
20847
23118
20486
30992
28112
21670
21197
31375
11800
7872
18415
17434
27877
19789
17323
25091
27152
12886
23345
13003
28651
32117
5128
10479
24007
11332
25261
24324
15290
24342
31869
12806
15263
26085
212
21998
19293
6540
15735
6274
7277
21814
4655
18033
17558
9239
14263
26271
23547
30554
28120
16318
15448
30810
21715
23582
17801
19220
30207
32710
19276
21725
16307
17603
4167
23376
30822
20928
29261
3979
27925
24279
11229
22939
24294
31911
20203
30772
29706
20903
23779
18597
12263
16825
8172
19212
13943
13315
10602
14022
24299
27386
6598
13098
22933
8895
5489
2167
27908
27055
2854
23818
3697
26422
12144
21205
22874
1251
20845
6412
10860
11714
27857
17953
24998
6118
7469
3571
4028
19525
22130
10307
4793
24777
1713
31591
26089
6307
1316
24386
10486
24291
29298
3187
8785
20293
28207
3021
16595
16718
17826
14855
24741
2456
32716
13237
22365
25963
27301
15735
2921
17548
3497
31857
6833
25946
9619
4859
21624
30486
3433
30105
2691
13955
14520
3117
32126
14511
8993
29547
26779
22544
22804
29326
28796
30674
32220
31049
31059
4464
29404
14849
10312
16514
1048
13369
5147
16598
15863
17230
26890
4801
20551
1380
1013
14775
8833
11936
18624
18714
32078
7320
14329
13136
27979
15879
1978
3864
17161
8902
17361
18206
21593
18423
14623
26573
25286
29827
12350
32612
19298
14792
15207
17484
25542
27787
7058
30121
10324
10804
222
10799
8127
15930
10804
310
6094
31708
10279
27153
8028
24594
18207
30108
24996
4035
25783
26133
18107
1592
13411
28973
32094
2001
14166
26718
20974
11510
27555
15230
30393
6481
30370
2453
8571
13114
20117
13292
8741
28531
10123
10086
22236
1302
10117
20499
8517
7627
9688
27395
16640
22078
31186
10840
14194
8913
7328
24479
6344
27790
8815
8289
28216
31327
20178
6388
3466
31361
18532
407
2520
16438
12206
27071
8594
2490
7499
19883
19908
25209
19273
10814
22172
30079
28115
782
4391
25648
32525
3769
10843
30009
576
32120
9050
12230
567
3574
25333
14070
20201
25698
111
31115
15960
22466
11140
2535
29880
10635
21930
12852
30676
23407
151
6370
4526
6007
22019
2390
18021
24145
27823
13536
24924
28651
24230
32750
23961
8769
5315
12160
11627
6771
27507
2780
9552
7194
5308
17795
3605
25308
23423
17763
8767
14910
11258
6478
31402
18362
1424
13227
11888
15122
14797
15724
10764
22755
7333
5440
448
4989
2556
20233
17204
9714
25708
18320
2655
25965
28994
8311
23978
15557
13769
14448
5459
1618
14796
29613
21008
14336
21334
26776
18166
5537
24508
17603
23192
23944
3549
32290
25459
9043
7593
9336
906
19720
14560
26383
26445
26212
18716
8876
27583
15983
28434
3010
28632
852
32533
18662
21800
20592
9948
4483
29630
25257
8324
9423
1352
26369
5848
11517
19324
5994
7889
25269
30134
6621
27225
1217
2530
21926
6228
30729
21660
13058
17889
9153
9366
30955
17629
24033
21818
15667
7082
31701
27793
6864
12846
23414
20580
8823
20510
30778
22177
14700
20604
24743
13567
23192
11870
8206
5093
28124
20210
28789
18569
10661
11455
18645
31317
12992
18477
7046
14222
28272
328
22775
15671
15038
16065
2722
30259
273
1589
6719
30123
22270
27058
6456
28847
8545
28280
7262
31520
28077
20732
32730
3021
30080
18995
10086
3036
123
14860
3773
30060
6224
23359
15951
17784
17180
25669
30778
17662
14328
14759
12662
28001
16842
5500
11087
27661
17506
18477
16665
2393
6082
30332
15903
30385
11708
30917
20444
18420
13763
16259
26734
7195
13051
24853
9543
14620
14482
13507
3622
7949
16467
7932
16453
22157
20344
29409
22996
32352
24000
3336
14759
23641
12994
2937
26412
30077
11649
18173
13983
29029
10816
29081
32129
19684
31384
32341
27462
8170
9159
13889
23118
31400
22347
7866
11542
7669
22960
5354
2992
4849
19366
17038
5488
26088
2390
20476
23273
2169
5110
30564
13335
7927
14747
23894
18142
15631
28495
21124
20915
21931
4452
25290
3738
25111
32264
21867
16976
1122
15897
670
19401
10504
12346
8777
18397
27597
27174
30732
7486
17388
17476
129
1197
15217
17276
962
24941
13796
21834
12588
32248
2599
4624
10339
242
29601
31153
5014
11867
7837
24155
14085
18696
21484
29092
6592
10324
2002
10201
11185
22035
20512
26002
3292
18631
1437
11146
23014
3607
5290
13486
8660
31100
16678
14964
26902
11070
24976
21358
24004
927
21867
8223
8487
22101
15079
14861
19067
29246
10173
6423
1779
20816
26971
25353
31486
1231
4161
22894
18633
12738
19115
22950
24581
12711
21104
9016
31466
11110
29226
22633
27772
14468
26007
27917
9229
27289
6463
30621
2563
17668
3415
6282
6619
32477
24550
27601
23918
8491
16934
14544
11635
21847
23853
21591
23366
30689
27084
26883
10216
17234
32696
6599
11334
10098
24551
13004
5822
8378
15933
23675
25055
9228
20072
1240
26736
29346
6153
29457
31412
27205
22036
14678
22765
9663
25977
30956
14111
402
1796
11389
11798
22762
30849
27827
15786
3793
10533
25349
17474
14242
3369
24272
3991
30400
21688
16553
27323
25735
2571
12274
19801
4227
23251
20139
4158
29664
4311
24459
19224
26658
32222
4687
16254
30231
24271
27219
30001
4361
31255
29535
27554
4663
32075
14531
1204
2183
24078
12966
3266
12405
16950
7579
996
10319
13098
28789
3182
13476
8334
25693
8890
10490
30243
17185
552
18623
18664
28623
23394
13442
24454
23939
16357
14179
6634
26749
26301
2248
31796
17782
11919
22098
24784
31540
221
10768
5602
6749
31366
242
27112
10121
32140
9600
27547
27546
4122
8907
24853
7760
11462
25508
14905
7960
26643
21005
592
12325
3898
2797
5360
26562
9258
31240
6690
19431
23245
29229
3523
19466
31629
5553
22059
3383
20247
8989
11789
15459
30558
31268
26014
23294
23011
27864
16122
14791
32565
12573
27075
5604
2995
1629
25099
3122
13721
25469
13940
22234
23611
16656
31125
2341
9355
21451
25248
15761
16097
19257
24898
27172
14844
26800
10443
20224
1860
644
30351
13112
5201
18298
6028
25570
7601
22144
29005
10605
7910
32411
4622
10037
943
15136
3104
22869
32393
16423
8335
9404
10356
11069
32003
11652
19962
11353
4324
26495
3438
15122
15809
5394
10866
11278
26355
10310
15035
15038
9341
14876
4121
23368
7479
3105
945
26821
19500
18499
1677
941
13632
29411
7000
13455
19734
17195
7522
9990
6192
21922
30955
4328
17752
27901
14493
6592
18239
13625
3162
22143
12645
15590
11576
11630
23608
6342
17098
13927
5248
26006
11682
27461
23034
7212
23315
15513
28995
27586
1596
24223
19704
3730
2625
25200
4636
19619
10716
28536
15290
8418
28693
12587
8651
13428
3661
19700
26457
9291
23425
29806
5093
17655
22733
26583
23559
22719
24367
31938
23892
27633
23182
32011
20868
19318
13819
29200
31957
18857
23862
12318
23466
17770
30580
13866
21368
10093
16223
13762
27362
18904
7263
22339
19747
32270
24856
3659
7341
9413
21300
4721
22799
3167
24674
20532
23580
2423
9374
26162
12874
32186
9652
667
21080
16632
26623
13540
30772
8314
16503
1984
10011
26775
2027
30540
5890
11394
5002
6025
4405
16486
5800
32528
62
6581
20927
18945
14088
2493
12980
18749
13124
1660
19036
12757
24332
30133
15167
24770
5574
11843
1436
1750
28748
9134
21677
20722
7242
28668
12587
24698
17127
12233
15637
10246
17063
25754
23726
90
16527
20847
28869
2457
21643
1431
1592
11445
21774
2504
7867
20778
1528
25455
30422
6892
11964
25157
27949
17565
23490
27683
28420
27140
20234
15127
3586
22203
25619
16823
9013
11559
27387
10677
9047
31149
16103
8372
2128
1571
7077
26458
29691
389
30352
22183
28717
20458
24244
20357
28660
5814
10291
18592
30236
22800
26344
28279
1272
14487
31817
2484
15199
11856
15506
8120
17140
20451
28448
379
29610
29960
11802
15507
20616
20796
26967
8850
16810
21944
4220
23189
12169
28579
10341
12570
25468
30343
20423
6674
20862
24322
30483
6456
12081
1470
20381
1184
31779
9890
13821
21907
24400
21578
7093
31642
32233
949
13333
26073
12116
62
26716
13982
12916
23502
22304
21818
18474
12111
25328
21008
22300
16228
5175
20715
31925
22871
21091
28053
12141
31827
14407
20133
22090
8915
1982
23192
31142
16474
146
17187
28980
18277
7836
23240
13118
19357
812
26792
10544
5202
3499
28312
11610
13093
26494
5494
5618
29444
1838
13246
29016
13148
28358
8792
22430
905
10621
21428
30024
4754
19605
24857
13136
18195
32643
570
8302
4986
20304
8971
32662
23158
20799
3026
8129
30637
22704
20353
24816
16558
17476
29763
2670
4646
9794
2645
22102
15702
19514
9495
22102
27076
27112
27235
5554
16177
27482
11293
7308
27596
12885
16395
14434
23205
17142
2535
11736
11876
9109
27571
14264
21563
29678
4173
30519
17177
32643
17475
14714
15137
20284
20712
13912
6490
32337
3496
11362
5032
22121
7064
32288
28923
30468
32593
13470
4550
3094
3327
2855
23731
22516
23221
26705
25493
5236
11524
26682
21661
28496
4555
23568
3026
9676
7504
25303
22715
921
32144
32614
19550
18680
22484
20403
9071
15395
9349
18769
8385
27112
32065
7991
27648
22935
4398
13507
18594
14366
13199
16895
14619
15987
14485
3362
25168
22322
5239
23898
17231
18312
28869
2760
5437
24399
11257
20428
26511
29818
30543
16260
19582
11700
1750
1423
10676
24644
1991
21271
332
1332
20758
7438
18169
2482
584
4023
5509
32438
1156
23401
22654
27621
8684
16016
15916
18870
10030
28916
1477
26323
17237
21566
32228
15554
6630
3512
18232
30660
15144
27988
12153
13821
30403
17904
14497
16854
15500
6872
8280
19360
32672
18060
31664
26234
20400
32452
15122
19572
7323
22962
10873
11764
22594
14471
16861
4185
27288
15160
23027
32735
11256
8578
6419
6338
22972
15660
11385
11175
14603
22924
8625
311
23538
15436
29773
269
15542
9070
9177
16338
9065
25742
26129
14502
2492
4455
18769
13762
28948
17817
23372
11356
24288
426
10241
4043
29481
14154
9451
24556
19818
27355
23672
30404
13219
3632
28093
22887
12201
30869
13416
4120
5824
8208
11510
18865
12139
30695
26918
20038
27011
6242
10413
1285
23687
5074
27179
4448
51
7378
2142
19311
21332
25037
14229
6031
25818
16833
30568
24912
29487
15938
19623
15758
5575
20161
22416
30685
9465
30990
6725
3883
21517
21276
893
26016
12694
20997
4473
10185
514
2637
8506
12022
10351
17771
15857
25312
4544
4229
1207
24207
22000
10364
28798
23675
935
26408
8775
11762
18955
5605
31126
16825
29913
18766
4387
32246
28340
10824
29651
29005
15805
20547
7654
8010
11875
4284
7794
27647
8317
26630
27920
27374
10902
24395
18389
5417
1927
5070
11652
10935
588
17266
18433
17210
21520
640
23305
20943
10378
32421
2849
8246
15500
29498
4300
1331
19161
13000
11265
23091
15160
27084
27612
29747
18374
32439
7828
9182
3216
13113
32173
245
13665
27327
27247
1268
15833
14907
20118
14579
30655
9507
30027
31434
19352
11196
28755
7544
26489
3736
23943
26822
20505
27485
8324
15399
2090
5833
25763
22755
16874
22515
31532
6004
20213
26836
27078
3120
16989
24581
15666
24361
30972
26570
29753
23378
31753
26192
5859
30947
29162
31539
19946
26366
4425
30275
3694
22674
19050
11144
11754
6272
6844
18564
29287
10492
16046
3767
29424
29238
13763
5993
23621
17466
19689
1187
28116
12309
8967
17279
17124
31802
23509
17313
15380
14372
29936
18438
7428
13116
28974
13565
12882
23292
20014
32626
5064
17493
30772
8562
22227
25678
12340
14316
17719
15343
6189
11701
27650
31581
22969
6095
5822
24646
6881
9963
2795
21375
13621
21036
6061
2540
25373
7982
19905
11425
22378
11079
29621
19526
29488
23053
2649
9152
3544
19736
30065
28174
881
2313
7340
21360
32071
27594
6362
12751
10423
22552
16729
17497
20545
14911
11728
28268
2783
18981
32
11701
30101
11914
2712
30617
11082
25998
9833
1491
28374
5748
20057
22111
15196
12453
20923
25239
11994
31736
13214
20893
766
32304
2629
10744
2108
22983
29399
18050
22301
2538
27992
4737
11226
8132
13528
20756
8233
25855
26602
29649
14167
1928
5464
17580
28823
12947
277
26394
21402
14560
13683
29815
11103
13372
13462
14245
25421
15946
24105
19447
14975
9859
23887
9037
16735
18812
13021
14208
21878
28007
12230
27392
3970
18397
29655
23739
22473
4315
17572
13121
5294
18186
20674
8998
10114
2371
13110
13480
11164
10578
19246
3218
11180
23546
15343
15457
16716
10810
10511
23972
21208
1999
740
31913
25472
13050
30524
5717
10651
16771
23118
11604
24382
32510
7153
14963
270
77
7436
31817
28498
4198
31054
27165
9549
23127
6431
19972
31434
29831
8150
19018
9208
12606
2604
19987
25464
22631
4336
15682
8885
11925
9213
20378
25716
27973
4458
27427
17836
4195
11520
32208
151
7439
3057
6750
9737
17824
10438
23679
257
3817
922
22584
22653
23228
4742
6280
915
31661
5724
29002
958
13848
10136
10332
6518
21094
3987
14849
1795
9355
16890
15492
30098
11475
2687
10015
12425
13791
17102
26
11032
5098
9411
13879
1040
26962
3290
10574
31737
5203
16615
9781
4447
10773
3847
23010
14188
8937
22742
32724
23228
7119
24290
20399
10348
20797
24672
28198
19316
14107
25374
25885
5175
21010
14265
26383
15961
13830
3600
25006
18641
19937
11768
9162
5183
20627
10290
6772
15231
1879
5018
26979
23166
18743
10912
25239
14156
20434
23804
8507
371
18781
10654
19408
7048
19432
21732
16776
8959
3554
20240
14064
10819
2016
24313
1490
22791
25498
25857
13402
26326
23606
19014
30583
9202
29642
28701
13444
1115
8732
13244
17960
24878
24748
23094
2171
25648
14324
30893
28778
20907
12782
11458
12892
9337
21975
14673
15382
12382
4403
23388
1499
16027
12817
27460
32472
22719
22160
7743
6336
13761
30114
31750
14004
32076
25872
23758
869
21850
190
890
29308
28164
22321
10255
28986
32664
32590
1640
2651
28397
31588
17707
321
3059
19821
18683
10318
7822
8337
18415
30354
13733
11244
12611
8358
27766
12945
15694
14551
6700
17615
14772
6791
8115
9907
26077
9425
18379
32717
29606
2156
27995
14391
86
11474
23560
9940
6611
28833
7943
29910
9238
18753
12847
23171
13020
1479
18771
6456
11166
14617
8654
22190
17348
3923
4703
15740
12054
4714
19768
1757
4723
8720
2129
20916
3781
8919
2
27341
30772
10392
2001
27238
3482
8214
7561
19182
17463
15327
12940
23820
31655
10355
8041
15587
11792
19368
30129
11413
28832
4941
9223
30725
22583
5902
8311
17890
5728
4503
3337
31201
25222
29949
2709
3145
869
7769
11736
31413
3262
27830
19144
13845
9551
16173
2597
12791
26882
7758
32081
30981
15205
5314
9313
27342
7770
31535
6772
1737
24848
15196
23619
26774
15153
20118
23802
22920
10333
31570
23879
7009
6104
5651
14512
20572
17535
18830
7465
9329
18689
10764
24806
7124
17483
6161
27246
10943
8772
13883
24305
31345
23739
30316
2779
32631
18589
556
14505
17706
17260
584
27131
4729
21740
2495
9963
19432
6432
10207
22430
14041
1652
26028
23576
522
25660
12929
22101
14176
1373
1018
23189
31459
6986
11536
31223
15113
13619
12422
23369
13879
16249
4741
22047
31109
5988
28035
17442
15554
1816
20073
31915
16312
15813
7156
11921
3248
6175
3419
3135
17465
19726
29747
32265
22054
21158
23952
20160
19414
3929
20078
1667
1976
11115
8015
26585
7693
5799
15141
17149
10992
5713
17777
4985
18836
28507
27565
7158
4302
219
26088
29779
14547
25277
27312
15860
20034
23733
6708
29277
5733
18808
9386
32767
2228
14892
12271
10577
410
28189
16493
23075
4732
29361
10562
26416
4856
32670
18335
27634
22378
25434
3437
15034
12469
5076
7991
4863
6464
14177
2372
4598
13118
14841
20483
4452
31795
17059
24493
26801
22963
7470
7973
17469
25453
27682
10787
1783
3689
14070
30353
27179
7566
10371
26933
20379
31591
4537
7569
31186
24871
1169
25863
7861
28394
6978
16705
2139
6461
16312
24016
14366
4065
1858
19731
16370
460
30347
3163
17910
25201
16843
4940
26185
5185
23870
29319
26399
7282
29142
17798
29460
17407
2605
31686
19904
18928
3005
15660
13963
2779
20563
28066
28098
16811
29633
5121
4075
17824
10707
10291
15190
27031
12421
3225
13301
24716
12915
13994
31085
19293
11665
19165
877
21456
12828
12233
6207
30936
3537
23691
29085
28692
14172
26217
9157
16537
3603
4533
31440
31473
16868
27123
16959
12899
30604
9534
10967
7029
32010
22247
17071
29616
8788
13664
13191
5795
2632
30552
15195
25643
2021
3112
4920
23537
23483
13166
14415
4659
26016
14327
19272
25032
7845
20963
31192
32606
28489
29699
9878
20999
13804
2182
17162
13556
4486
24789
4103
1663
17560
23739
14395
10351
17507
3273
30981
21880
18521
21497
19846
28674
28113
19601
20475
11820
17406
29770
17738
18191
21538
25522
1754
1351
31231
5327
16040
25264
8334
32005
10648
4461
14068
32313
21513
5679
29106
29495
1195
22451
11292
23377
18837
18317
32268
26953
23442
2085
22999
31090
19388
13311
18048
13073
12109
10815
2604
22793
15793
1132
22742
3512
5344
6516
23364
3612
6122
12784
8762
10298
7123
20906
23021
28864
22178
14940
20922
31721
17589
3003
11288
7585
30807
9396
19148
29930
1941
10742
19292
18046
3149
21936
10181
27317
27271
29852
20336
21162
20744
13372
19555
26777
10277
9828
18613
20364
25302
7672
2116
17975
26123
18679
10922
12576
31299
11192
18796
4099
31578
24948
18037
25204
15010
17925
24259
16326
18230
27885
21857
9772
4235
2458
19093
17694
5960
11497
4954
18174
8280
31720
9488
24060
7741
17376
26995
6199
17575
3987
3786
16164
31301
8642
10336
17972
7387
30962
13112
3249
19349
16496
21245
30441
11163
21139
23352
8847
23269
12353
30918
14942
1361
4532
3976
11519
20466
29822
8284
19245
3755
19147
19276
4375
30717
12263
16902
7942
19230
17920
16012
9535
7243
8492
21037
18219
15198
25518
8372
14773
26787
28533
23519
8436
19432
20709
4883
28938
25043
18138
11085
22092
21369
3050
4956
26787
27691
17643
2126
11825
8595
14517
32296
12600
25089
13609
218
11576
7423
17779
8561
5976
14891
7563
17295
1543
29254
24322
24344
15331
16008
6907
2607
23002
21046
13688
24417
31887
21111
3543
5151
18687
16484
4252
21362
11364
18782
5744
12522
21338
29092
13418
18392
7232
19748
24974
23228
2273
14994
5523
1793
29523
21688
17642
24808
2592
3597
24059
3011
22436
10888
11186
8803
22710
2998
16698
979
26251
779
21256
22599
30678
7798
8476
25167
32052
9015
22147
28752
23752
10997
545
565
20770
5899
3245
30562
12134
20004
20477
22761
22698
30727
13188
5121
23199
11188
29209
14516
884
17327
27897
4311
27895
19612
12304
9023
17150
16908
2932
30514
18693
3479
26163
11292
25368
31787
11854
14723
9716
7587
2565
27453
12905
17051
11861
28129
24578
3203
32448
32635
31464
17395
23116
6276
6404
26942
14798
8465
19044
13130
872
1610
10464
28831
14161
17438
2813
32445
22996
14133
24081
19379
16028
19238
27560
5613
6446
22763
3623
24142
30391
18834
6319
16511
1288
20788
30276
9606
19167
22059
17455
1178
13672
22656
27552
9781
7939
28067
32408
7532
13128
9311
23558
27516
21576
25868
24369
421
25878
8711
7765
5435
7559
27743
31889
31226
19253
16593
4864
30362
9162
8439
13607
18339
3195
19644
5263
17539
31442
12307
18354
23261
21169
22761
14364
21541
26004
2391
15306
6506
30486
14877
24022
26994
27319
8524
6742
13580
32476
4418
4481
5538
14615
17371
30227
4622
26537
26086
15091
9646
23621
30422
17427
15803
17431
20666
7832
8406
16645
27760
1084
29924
10293
13845
11760
22300
2511
1471
14789
14942
26116
4207
10252
32711
13135
25921
13244
32130
6650
19174
2581
26593
2277
4436
9603
20652
1923
11196
20421
12473
26917
9917
3918
12220
17787
20183
1004
7777
23127
6946
30375
22168
15029
12352
8428
30256
28409
3984
28395
10152
27255
18084
16701
27970
31288
13046
29130
8792
4347
11734
8170
9971
5243
13479
1994
27034
4080
24907
26898
17256
28632
18140
16580
23138
10999
1693
23143
32263
31901
12592
31846
12840
5159
18441
13235
23545
24008
29474
687
17769
18570
16112
30542
27311
11663
30359
27766
17957
15517
28250
31401
3674
4570
21077
23524
6754
22739
19822
18119
24689
8387
7305
1269
17065
17939
25083
18622
7727
5405
19777
1532
20612
2613
27379
21050
10003
21226
12531
4124
27910
29833
6890
27131
2910
15331
27381
24527
28483
23120
25243
27730
10904
21492
2051
1378
723
9025
19299
31655
25100
13757
8380
32119
24147
9734
25029
16630
19271
22291
3108
6530
2533
21692
12260
31822
2717
7549
8740
14412
13739
14711
18444
25937
11684
17079
3590
20084
8271
17083
24362
23479
6583
2354
12537
16105
3454
24580
30543
26570
2676
16530
5267
881
19560
28223
6705
2795
8255
6703
27978
9509
20035
29775
9130
24587
32445
19861
11514
1266
19653
12169
7222
3123
31577
3332
9570
29721
173
28727
9081
32510
23490
18928
15015
7344
26682
17945
27319
794
9323
18817
9679
14880
7602
31968
16219
7882
30473
2325
18247
8613
15836
26801
9585
17510
281
29369
2398
6865
24199
680
556
21209
31320
25012
21191
2057
5377
21842
22112
26146
13129
30460
2331
24326
3232
14642
2312
30676
13235
15807
9045
29013
11581
24893
16834
20375
26912
8155
19540
1239
20916
14174
21326
17316
25951
10854
5469
15426
3686
2291
13843
18765
11522
8743
14486
20382
1975
846
4762
21875
5601
26651
27532
5321
22672
52
23568
3341
13717
11762
16814
22516
2269
8801
31432
17832
24574
31375
7888
1060
5136
16899
1720
21985
13758
32395
14761
7090
32668
10555
4599
13804
17084
14514
11861
203
380
8351
837
28689
11425
27268
8403
3568
13994
19386
131
24874
29022
23734
28552
32375
27048
21898
26934
18727
13732
29614
30138
9992
26874
27905
24841
11146
9067
5131
24086
32289
28073
4485
27208
32747
22636
22299
1323
29843
4546
12144
4198
12917
25766
3939
27629
7683
22229
3217
8823
29799
22749
7450
14899
10602
15479
1193
32182
23700
25878
4782
20792
10644
26304
5614
26625
22499
1821
10558
28190
11685
21710
15755
31320
27088
18687
1310
23655
10639
10048
9246
7010
15593
3984
19031
14458
11934
30395
6713
2536
849
30951
292
16932
29676
14953
25827
30552
10049
19165
19062
16148
12013
15989
23060
12867
19330
29073
25712
27998
15333
10896
19772
24799
7156
3558
32491
1529
5740
6255
19388
19334
28170
5124
24564
20289
8689
14923
10602
14133
12620
31187
22601
16245
16948
4448
23826
20494
12244
30083
2016
12090
17355
13422
11504
9174
7889
19463
29280
7190
5278
9787
11063
11384
32520
12181
25510
31478
19563
15375
654
27264
19789
11816
9281
6825
1346
5174
4749
4001
782
12286
32247
5731
1034
7298
23620
14639
26313
1562
4158
22587
12538
10438
16052
15014
11408
2243
29891
11181
24609
6492
852
30753
26252
17923
13286
24600
27103
4512
14990
20708
17784
16425
2363
31553
4970
15987
26687
6610
10530
15432
30731
31695
18250
11449
58
10232
237
8373
12242
11213
7644
12251
12998
27392
31825
25485
16575
811
13779
22598
2331
6079
2905
2349
8246
6716
23730
31210
20969
25256
12068
12984
32081
11322
1876
17083
24018
19030
6757
15509
25947
10686
6756
24884
3051
29190
8676
27885
14420
23368
741
15055
9791
3098
31995
12849
28016
5053
7852
12942
3659
21655
22041
29075
10135
29411
29921
32629
14723
7080
11074
25992
6630
14311
16001
4878
32203
24601
32396
3148
15405
9177
16095
4068
11775
31197
22180
9822
20336
27690
27678
20488
1644
21640
3911
17664
12902
15668
26552
31631
26965
14806
31178
26808
1532
19634
18171
12049
27503
11298
19859
12242
8659
31812
11143
12844
12389
20720
26781
5340
22718
3053
11217
15871
5973
27492
24567
15656
3397
23700
2979
21424
14160
26312
24646
22349
5668
17030
17561
8934
11230
28938
24127
2470
29389
26611
24230
80
12664
9531
5934
28882
20450
16236
6285
27676
4620
17937
24946
11826
23484
1643
24680
10368
24957
2150
19709
1647
27367
22475
7204
24629
2592
28087
5081
4081
27811
20044
16899
23799
10560
11942
23198
29032
12132
14097
16665
19975
15259
13689
16637
12359
30035
21538
14800
7849
6627
10393
16953
3908
22732
12010
1637
23717
17726
1299
26024
31962
222
31417
4968
11978
966
18714
16183
4552
9677
1859
2111
23399
19721
11906
16355
8079
26003
17183
16291
24272
1674
30023
22080
20215
26715
20041
4129
4575
4159
15877
24310
20106
21765
7328
25755
24688
8465
29821
25919
4375
5541
10345
9413
4068
29535
18966
13162
7217
27651
13515
28073
5536
16763
16473
13148
26286
22044
8273
6691
32139
4651
17268
7945
18217
17056
18283
7013
24722
21801
21689
255
29312
5490
30445
8564
27431
20388
17692
1244
2646
31788
28302
5033
29630
22717
32696
6098
15249
4760
29546
22834
8528
26123
25674
22827
27870
22327
29313
29070
8664
26647
12724
23231
32041
28606
13110
23828
28888
30432
124
12671
4645
15764
6609
21869
11733
20056
19786
21997
30410
16982
31229
22037
726
6886
4974
21665
2513
21587
31050
29918
6889
5602
30552
20167
15418
8976
428
2669
10399
29212
286
19100
8135
3013
17402
10939
31883
6229
26361
21492
1406
15838
19056
28053
11206
13252
26568
27830
11307
12155
6958
1821
18030
3730
13707
19806
32476
25073
27319
12358
7714
15967
28650
30074
25443
30279
24179
24412
7304
8379
11948
3118
6360
4537
24365
20602
10696
10157
7232
4273
9748
4664
31637
24082
8974
30256
8247
23245
22582
4840
23231
10601
24844
19633
6600
27491
20770
16544
16034
4888
20085
17810
10827
3300
9725
32366
5786
908
3715
25002
4030
17369
3507
23057
8679
902
13170
25795
3907
3933
8050
20605
8748
9372
1283
538
28576
31133
8492
25178
7665
14774
22266
22755
957
30815
26136
30853
13089
24466
28576
16578
17706
7544
15665
6286
31116
21825
32322
26195
32407
5971
28597
26936
30054
9384
8623
14243
1626
369
20392
1788
6599
6912
32446
8373
2284
1252
22095
10375
23337
4438
26310
6142
25452
18644
21173
4919
20973
1291
3621
31465
3611
13050
10282
24482
27861
85
21178
14931
5854
30759
7358
3599
13195
21180
4714
22288
11199
31934
14282
27387
6425
6558
4510
11876
13676
1333
12392
17301
24176
6316
29123
5771
439
13977
27638
27202
1250
25194
14281
19251
32276
26375
3224
2842
20647
20659
25253
10748
542
15923
4018
20585
23387
19763
4560
16127
10771
9701
31858
22319
13950
27115
15301
8516
16723
2679
8772
29600
7667
18865
29831
8009
15588
27481
26459
17829
14978
22701
17432
15234
17905
15245
10031
7513
29782
21725
3331
30932
21575
4651
8442
12173
21888
9873
723
30489
22743
10973
30266
6725
31858
2288
12441
24479
30775
13924
14642
14649
7812
626
3947
8617
21792
31506
2920
19028
6770
11619
11487
32493
27377
17742
19496
25144
6876
20582
24980
26644
30763
10259
22272
12472
18629
18160
6058
10557
30963
3441
21059
5469
3605
14793
8517
26234
12692
5899
3462
993
26647
10127
7950
26705
18682
20119
28709
14519
18940
15666
30385
14396
29495
9825
30655
15745
3926
32377
22880
3369
11266
18888
18102
15769
32413
15995
23118
2043
307
15807
17072
10889
23469
26663
5429
16392
27976
20814
17177
12434
2630
5821
25809
8089
16868
24079
20383
31529
16523
32339
10595
4205
8778
22705
28340
18805
18820
9297
7983
30774
3558
12664
1039
21203
22428
26612
17663
1307
31429
1211
16172
31570
26404
23247
21149
18996
24
7012
6599
22583
12494
26949
16220
11281
4277
15220
26213
1146
11314
21264
22672
7475
17814
18556
28363
17735
8781
29630
26641
10897
14423
13349
8836
32382
20477
23343
27325
22548
28092
16041
21856
30515
6278
13848
22259
19739
20522
1880
3568
28207
18448
1667
29464
20729
14889
27925
25611
32365
26150
11341
15382
6002
4328
16086
28492
21406
6200
15782
23512
23873
28345
15399
17809
11942
5146
12180
12239
21653
23952
26022
2429
14876
8836
20081
24432
24976
8585
7560
2295
11982
12688
1640
692
9926
4959
6164
27562
18491
30527
31740
22678
25028
2805
7203
29059
2327
9204
29825
3481
6022
22993
5031
16694
20426
9463
3745
4672
4352
21916
27680
18105
15089
30452
19161
403
10134
29348
18216
8646
24028
2169
25593
6049
24996
28250
31464
9309
17678
11387
30631
14328
24311
2516
25248
24897
19136
7378
32476
1071
5457
21580
32548
19062
15198
3256
5734
604
23785
1439
26458
24521
18953
19278
5988
21406
19689
26831
2237
27976
21779
30231
32718
31381
26607
22145
14300
22982
31366
15227
10986
12773
6284
16255
4315
1369
31902
11590
23000
21175
32200
18232
10225
14299
30282
8998
3079
19256
1948
28219
2537
8044
24495
11568
10173
9495
25462
19648
3234
24302
25253
5724
29331
7179
14521
23839
28558
11399
32568
30468
23030
17483
13626
22103
19511
35
40
22377
2984
16661
27076
5768
22197
20976
16233
25134
24125
2855
30356
7545
28217
26848
15012
9947
2463
18249
2014
5907
32134
14635
30644
27740
12170
11457
8775
30180
11122
21194
14634
4991
13328
31709
16233
7581
23401
24573
714
2426
26134
1133
14930
7572
32234
13253
28171
19042
30677
15430
3077
31555
12552
26731
20123
29621
18266
26048
22519
3271
12523
3575
9945
26321
30471
17977
18579
25442
6221
26810
27737
31610
22032
27792
15287
17913
28925
16325
7267
16984
6398
1963
16181
15255
5215
15215
8308
22390
25136
19697
23891
9704
23530
21459
699
17605
6741
28369
14667
27583
8616
20304
29342
29847
6386
9017
31692
13201
4282
20743
6451
13349
7394
14879
3959
11767
17874
30560
15815
17929
5330
17404
11618
28719
16310
2694
14938
1220
14273
18508
14744
24220
8132
15078
16417
5433
28038
3087
28568
10050
14952
28596
27651
10544
1865
26699
24274
19531
30632
9574
11037
20949
18440
12424
14125
16005
921
23607
28478
25143
15636
10578
25987
2017
20199
5797
13163
25033
26258
3771
35
1525
24401
26611
20572
3811
12283
10966
846
13435
28714
4776
8444
28994
14492
31805
23994
2000
25305
14095
30445
31876
27670
27789
19731
22390
32602
4533
24323
17069
27359
5860
2677
22675
1211
18925
13764
13989
17087
7785
18163
10351
2464
20559
3055
32440
30548
5317
30739
26362
11455
19765
23281
22293
23183
28834
29776
24899
5477
7997
2417
1103
13621
5171
24471
19458
17391
27082
16325
21983
16223
25516
26570
3600
12882
13186
3195
14495
26874
27589
20800
6889
17555
5329
22738
22864
29255
6204
21314
23857
2383
30309
11582
22294
21596
31312
17552
12588
18997
24497
17895
1527
31137
8006
6106
28484
27783
21866
30506
16735
18004
30440
10311
1671
8605
18445
25110
20127
28934
18945
22002
10022
26466
4695
30961
20329
11035
16610
29288
31991
22740
1994
21425
17494
6478
31200
32043
31220
20104
4911
21635
8032
7211
12243
12338
12474
20260
25871
7239
26217
26771
28825
23655
16139
20452
12856
20242
26034
28731
25489
5671
18509
17686
574
10411
29284
6702
8225
12742
9
670
3576
24846
15627
19270
5169
4105
17516
27762
11775
24812
13333
16055
31405
15017
18633
30494
22835
17961
30296
11909
25095
20694
20501
30785
13109
14429
21897
19464
17074
17330
30569
18191
10989
3412
26822
2159
9640
25298
4228
11469
10502
15758
12045
11578
23269
14529
3142
9560
20077
10431
16835
17598
16361
14205
30007
28574
17110
10832
5934
21157
5690
13559
31230
28195
4920
32220
21754
23660
27104
14231
2026
22398
8268
29620
12984
16868
2024
4790
30060
14042
7441
30043
27738
26033
1250
21282
15514
15477
7498
23051
17593
9678
21346
31646
17838
24100
13310
2862
6160
9222
27267
4447
16774
18381
8696
30950
32382
24188
31839
30864
5154
7147
5189
24198
32391
6181
15512
8399
20264
1038
29369
22294
20372
4425
14034
430
15459
4440
15978
16851
11374
4101
13622
26419
30784
27905
50
30381
13767
14540
14065
3672
7247
22740
18225
19143
25778
14049
30387
4491
31176
32688
14154
25850
3365
13534
305
9519
25604
5641
10145
25170
28798
9521
23459
9242
2816
19044
20772
19087
24571
23194
14919
27669
26077
1502
3327
21670
28481
28846
18140
2655
11618
31909
8997
31550
14038
1111
30504
14378
26233
3709
10446
24883
9895
15442
29554
10012
31918
30524
28403
1558
26754
8623
3336
7631
27827
20302
212
19115
21149
18516
17595
25681
32479
23603
12915
17770
27150
18299
24926
165
4522
12540
16151
26367
30032
559
5707
17217
29746
7890
30666
28362
7877
16339
14813
9102
20665
30063
475
12127
10030
5275
3063
27756
10021
5027
9564
8967
10292
6673
3196
14507
22399
18384
11172
20541
26339
30609
25044
16274
15476
110
19919
32306
13866
15053
20334
29019
21975
19592
13113
14665
26972
75
15416
25525
797
11325
7
10140
22194
27618
18729
3649
19936
12608
29598
11637
27079
28992
30648
22294
17500
28504
5930
25046
17946
27751
24674
28477
25589
15584
31769
21234
31120
2603
31016
32566
5039
17224
2717
6833
16111
182
27662
9073
11957
24467
24621
17200
20580
6148
32157
14549
7891
21207
15876
31550
18942
615
866
31037
1787
17088
1953
6880
7216
1284
27245
26614
32196
2574
20805
30670
3667
28756
19922
3650
22502
22802
32376
2548
20770
26789
7468
2008
703
9780
28805
24563
8508
32406
21269
24418
28369
28272
17657
25501
31142
6046
15279
15101
2626
17877
9256
28284
22086
9862
19230
22717
19291
14341
8104
11852
1641
13290
1036
23334
19210
30904
8404
22908
3902
14012
28196
26036
28512
25656
26442
13233
7768
15553
7319
2388
9747
20454
5997
25154
3120
25362
17562
232
12028
10932
22756
4285
28321
7836
25573
15815
30362
28072
1306
25953
15210
21665
30518
17467
142
23648
26044
17826
31408
17205
16588
22530
25117
5513
829
27305
2425
14785
7917
30925
19634
29542
853
17873
27698
8579
29281
11972
10329
15439
6014
13611
12586
22028
5364
9984
15940
9007
31606
2042
25364
19905
24567
8207
29514
6149
960
21304
2953
4699
17088
9844
4707
26724
15395
5647
17796
2407
26918
8484
10029
12276
5673
11873
24549
3271
29189
11786
26731
6382
10145
7488
4078
21295
13760
20100
12928
27812
31005
7031
13257
10408
7354
25571
4600
29687
25717
32255
9471
30480
1500
31727
24064
10206
834
27275
6914
7832
15635
28001
25321
12774
11620
23549
7589
7749
462
17512
7337
15532
1917
30446
1951
3184
7556
32548
346
5221
8563
11818
6412
24390
2604
6702
23481
5974
9458
14129
6635
1352
10435
27918
13736
30300
5096
20152
3233
19916
1994
22211
21164
17766
5895
19750
28788
8570
14789
14911
14959
23542
23623
2839
5137
2768
15294
19176
21312
1444
1377
5596
30727
3743
27583
10520
3214
667
9812
13305
16714
21643
3931
20125
6513
22554
21476
14758
15281
8079
27174
19258
15137
28916
16918
11598
27768
5751
25657
20773
7037
3600
29366
15379
13502
23652
16559
4487
14213
1770
29649
32329
1032
31052
25642
26879
23008
23056
11835
3062
6844
4727
11087
23583
9559
3493
17419
24920
23719
29443
20805
25581
12120
24546
32538
4959
13176
25697
26170
2660
10868
18320
20359
21550
323
22229
21983
22256
8417
17551
23093
18335
8959
23034
32231
2806
16121
83
5963
10172
776
25916
21643
11849
11705
15969
180
14663
15261
28764
7945
27574
32066
7382
20637
4146
18787
23535
14369
15737
8028
9440
20474
9256
19936
10719
26263
27077
29166
11076
13569
13570
25089
1513
17331
20288
22920
214
4525
32595
30869
7710
12740
389
27609
29444
21052
16605
20688
19298
25240
13729
10809
7244
19377
3353
30921
2544
28166
32406
19488
1216
23123
29107
24572
16852
30821
23003
6573
4745
4140
27403
31177
24431
26898
3033
22048
19042
29579
10422
28658
15350
12525
19568
14944
24601
19843
8699
25889
22003
8412
17264
32630
5905
2153
31318
18272
22979
20552
21793
30992
29378
7770
13816
12959
31254
5019
16059
16383
14135
6067
15941
25394
6259
712
750
27833
14735
6551
13908
14416
15793
4035
9820
25048
126
1132
8051
18069
25215
11524
15386
9881
13513
8798
19873
31360
2013
1032
16946
20830
25037
26075
11282
19190
8096
15312
20004
557
1528
14358
20911
31678
17650
20321
2400
27950
29518
22404
26003
28675
17616
29762
32206
30001
32741
18017
21390
3285
30346
4353
12871
22053
1642
18732
20646
11175
25670
17326
5913
24482
13978
29991
12177
7379
17278
30814
17031
16224
13770
20184
1341
14866
15741
4010
32070
23486
3936
30859
7496
2308
2022
5421
7937
15932
30039
28878
16008
28078
19757
1546
15061
3585
20671
24819
16260
27895
25884
10083
7126
6743
8762
31633
27385
32554
23888
27875
4489
29993
12928
27395
13398
29303
20921
28469
3176
7564
4828
20456
15424
23921
5405
29322
2657
14899
28077
20385
9487
8594
10646
32024
21335
25593
9958
13014
14159
32179
2319
32150
1439
91
19598
5106
22080
12436
15819
448
29316
11259
22336
7586
17495
11098
19166
31961
19140
13599
15020
22874
14267
21516
25778
7716
6929
9775
17941
3536
16072
22549
31107
14186
6289
24635
21713
11647
29839
3781
2531
13175
15710
17778
20173
21797
1364
27600
20791
7325
13574
29612
30982
23110
782
461
15929
13104
6412
3810
5648
27047
2539
5304
15220
5128
32102
7088
22163
13779
13514
15473
18379
28418
19709
27098
6601
13721
25023
5946
24306
19839
30256
3780
32257
29324
18066
3133
12786
26851
26449
28664
16672
26498
21824
7684
12202
4375
23334
23972
28954
28437
28793
19711
23881
8968
30057
15641
27773
16934
28705
2562
32469
3878
12105
17230
13031
1621
30159
14532
4007
28646
5095
16219
1419
27785
4432
16994
2796
12352
19673
29950
22448
24430
13605
14297
1062
16945
32427
1817
3889
16882
31488
1167
4009
25915
30041
29233
5374
15816
14412
12491
31518
31968
8406
5873
13721
8678
25250
13368
22019
30507
24968
21670
20891
20742
17493
22630
18985
17191
9418
13248
24109
16424
231
11081
17461
22373
20841
8279
13711
1294
27025
440
27680
18554
1063
13476
14228
29886
8639
2543
28088
28543
7227
4995
14883
20996
5009
28174
4380
8335
6094
21240
18872
3054
13403
1688
9027
29005
16511
30375
14817
3150
6438
7413
11893
3932
10209
31322
1474
5692
23341
15856
721
9956
29688
27775
146
13457
19553
7225
3781
22804
31680
6312
22043
14444
31718
740
1945
17050
13222
16905
23358
18353
2708
22504
25061
4653
27148
28157
11885
31621
20342
11938
6678
12036
21449
16001
10286
3796
19534
27215
19694
28508
26791
23736
7071
7372
29199
28821
8192
24309
4067
29541
26348
28511
13666
27643
31288
5525
7345
14708
21467
24004
29473
7788
3153
7556
6837
3186
18497
15094
9439
17336
10589
27151
27275
6927
18057
21555
25950
1043
28480
24070
11840
8099
15924
32639
17688
30357
16181
25150
1494
10919
11348
14879
28343
13240
1608
3087
7108
32056
3089
22302
7069
30685
21979
21462
372
29591
5924
15819
22620
21959
19489
23412
23492
32684
22110
14393
6462
31005
19622
17613
24454
13182
546
20926
7871
30957
2244
6219
7679
23484
13031
17781
10766
14884
22575
15193
8555
10807
25015
31932
400
25111
24939
30440
22903
28774
14514
7607
17757
22781
4689
3565
22470
27105
13196
10698
5057
23666
26765
25568
23661
5862
4106
11299
32188
8694
2595
13119
12919
9943
3721
30766
19331
2412
11749
21513
23650
29370
632
30750
4348
24476
21502
4676
4256
1976
13017
2923
4678
12465
20075
5239
1559
16799
2756
30031
30767
10940
6525
21040
4257
30047
6627
23368
21691
4143
1113
6784
3468
11152
25847
21401
30628
14946
10615
10874
8219
27371
1618
968
4821
11281
14118
21432
15875
4813
7771
20257
12013
13276
2054
13014
3056
17848
5133
5426
28610
7878
2957
30196
2558
25553
9592
77
10460
31415
32387
13112
4159
5474
18495
25610
16886
26874
29573
20298
6971
25945
23064
11202
27520
192
11142
29654
26732
27592
8527
22805
8992
16795
15945
5646
25278
2147
7491
4709
2092
5635
4841
3366
24341
11526
9960
16728
49
26068
10322
14550
10439
14380
24899
16730
11120
14542
11717
14299
24093
24440
31217
7705
10587
26900
27479
11894
7382
10800
14752
25095
11548
26030
31346
7403
32420
31677
25748
29915
25103
1288
20051
17923
26029
11821
27428
2576
8259
26480
3210
9611
6412
15537
27194
8037
28925
27035
13694
30419
12621
32287
31703
2908
25397
10016
7398
19247
21749
28528
22412
7099
12311
3324
12881
12410
17655
3651
17154
17421
12163
31757
6558
26510
14656
17241
21108
23586
7310
31639
4997
10957
3372
23831
31023
28299
10750
31682
13837
1180
15374
6664
27161
5919
26322
10265
29971
13794
11693
17240
18471
29049
29367
18956
31434
11405
21185
22361
9957
6007
660
15216
20533
2573
4474
17410
23281
12220
13568
26874
21934
14808
505
12651
6785
3119
14022
25799
2915
6116
31445
23635
28121
22651
14184
2263
10708
10032
28056
154
28629
22669
11673
10637
2646
22587
4927
21447
24166
14105
27585
22577
24467
24459
26814
3971
31500
25621
1149
13679
15879
7208
31609
3099
15201
827
32541
21461
29828
3614
1484
27395
18830
27275
23588
10840
13488
23807
23428
20814
21715
12487
27083
5840
2946
28254
9827
12854
12804
19446
26751
28791
10696
3157
29344
10650
19463
16354
32606
10862
31908
7168
2917
26235
25687
23706
190
1592
5642
25599
10064
9599
9091
3313
32422
22077
25924
25336
25842
15214
31151
13565
12114
20553
16238
13843
5971
12215
20242
8344
8628
28682
14330
3965
25196
26348
1143
482
16877
27029
18733
15590
10155
23874
17341
32701
11736
11234
19617
15875
17010
28946
8279
21583
22912
29515
17345
27404
5273
15706
1996
31620
933
27665
28752
11070
25320
1085
567
29066
31292
25816
15586
15194
413
10623
17096
339
12011
4390
30048
1060
20716
15626
2114
8983
7057
23527
20361
229
2426
5483
19835
27343
30395
18923
17260
13802
22753
31318
18911
1723
14384
27751
13295
14083
20015
24350
16877
19932
28007
25456
26443
15877
5735
11582
10168
24187
24075
28804
20365
20809
2302
7891
2920
19616
126
6401
8982
31274
1119
10527
23479
24732
15955
22699
17692
2955
6760
30471
30324
25984
2258
25642
32296
30798
3307
29590
2307
1955
15736
31625
1174
14814
6702
25720
16603
17184
23157
19641
21784
18086
6507
5248
19462
25174
812
26124
23347
6295
26449
3618
10661
3174
21686
14523
27072
17319
8833
26106
19050
25528
2655
11104
876
7244
14353
5443
283
13431
29224
15484
29497
28165
16396
25697
17174
13072
12611
13555
13562
16850
10736
25944
14535
19127
22682
27275
11739
13494
14639
32338
7732
31714
18761
4720
13527
24124
20911
1052
29554
19148
26911
9139
27456
18160
5195
25770
32045
15859
10017
18886
25915
28385
19279
24975
5412
27802
20487
26370
8769
25638
9983
23174
19114
7496
12989
10017
21919
26966
18961
10220
21286
29767
5347
8644
32502
11278
9774
1347
19092
12839
30541
3310
21180
2927
10358
2992
17410
568
10884
32648
29369
28317
13817
15486
10772
22803
13123
17371
30347
11073
30782
7065
28544
25362
32507
14873
17443
31752
31168
23060
3987
723
26703
19156
14406
1826
4715
4260
24234
24505
2969
27013
7948
29891
9252
2594
10938
1130
27491
9990
31844
5542
10046
7693
11208
3410
25839
21528
9359
6533
1798
6917
17521
26399
29872
13279
9376
21922
20024
16721
4708
7492
19150
15969
31490
6978
9096
19803
20195
14454
12198
29450
8178
7724
5658
4654
32582
11570
14408
15147
24065
27438
14858
9215
30072
23092
19191
23670
31380
28312
5349
4769
8312
5889
29612
31620
11875
2751
23085
13327
11480
21087
2195
11856
28157
15996
30681
32486
30018
16600
7821
7865
578
23467
29395
29928
17134
6970
19884
15619
28904
19884
4984
7547
24109
27929
17850
598
13559
28645
25116
4135
28386
29516
12979
17214
18253
29757
29571
3868
11523
2668
28998
4650
30491
22947
1385
12714
24860
11608
4952
12781
4709
29317
27387
7878
13516
948
13440
6208
24198
31577
18780
22412
21319
101
7820
61
24745
16664
9249
4536
22994
4119
15867
3301
30289
22462
14805
8747
6218
22455
26242
31644
15827
24780
12405
30572
8605
761
26503
26280
20183
25030
4597
9252
11343
8916
28840
6070
17115
10933
6330
31137
17143
7168
17973
27220
3503
19621
19486
12885
17600
9599
17842
15992
9722
8232
27887
11348
13800
22289
14934
31479
32179
23506
12784
13273
24644
18366
399
8207
19113
15035
21590
24001
17338
15441
32635
27102
7932
13056
27724
29198
22213
26071
25456
745
20897
15426
7536
26214
5877
12324
15478
18070
14050
9765
4948
26770
26988
8270
24007
5042
10460
32467
19965
30975
19298
17199
4950
12011
24575
2422
15976
5440
21154
11239
9797
13655
7058
17601
13056
29322
32267
601
12653
7915
6700
360
5161
18487
22033
8617
17882
20741
25148
2212
28856
10819
23865
18116
24397
16611
23169
21168
23160
29650
20640
20184
10424
9770
12947
19790
4775
16808
14452
1496
4293
15712
7001
12867
1655
31919
18553
1274
11856
6770
20368
28119
7054
29813
4229
8504
29928
2863
27722
5462
19591
2476
32005
27090
14674
2506
6509
28049
5486
26792
10102
14026
1541
16220
560
349
12359
21476
30444
18279
16303
5727
7586
18451
8584
32382
4239
28851
6575
23861
18210
23567
5274
30390
6169
23548
23193
30879
9960
16689
2140
8306
16474
21847
28854
9799
27258
15199
19360
16317
11188
10776
22145
20278
19768
13569
18861
4932
7327
5980
18219
27230
28881
13699
9915
32472
30246
18559
17175
28434
1483
26583
11386
17903
3176
26022
25695
22408
17407
12528
1675
22050
17688
12854
845
13150
13083
22088
20229
8624
2045
15195
10979
18962
17182
13403
27377
2554
32626
5763
23892
19849
13536
1322
14031
23045
10471
12256
10376
7305
21127
14009
783
20731
13663
10473
2716
5439
30739
20881
24728
15530
14832
18137
9823
30650
27603
28479
15685
9220
12358
28975
18391
22637
1773
16595
20579
413
18209
16428
14522
8881
11738
9570
22324
3632
722
7000
25845
11073
6375
20612
8559
6939
11713
26622
20264
21180
27830
214
28093
31966
6378
18347
21800
14375
8891
18041
5694
1440
11356
26291
17531
31592
16831
22930
3330
4010
18361
23212
16096
4044
26209
200
10385
6121
29369
4337
28357
7810
7056
1993
16484
26736
23974
19744
3023
31005
786
17861
6505
21236
12769
14236
12118
7190
19968
13297
8834
31567
12892
31756
30949
16712
1351
5126
262
12798
11294
30683
702
626
8744
9919
27967
24227
14018
30902
9812
3001
30393
29279
24299
31363
17656
2832
4304
24099
26211
6440
2491
6920
1282
22689
10125
8733
28258
16357
10711
3136
4408
5859
15516
2550
32328
1121
8280
31581
28805
1428
4928
17506
8314
1006
24524
12595
26344
32055
13427
32504
29361
29151
10421
23742
5620
3475
4959
30899
28282
15886
5643
28057
27985
11314
486
9333
438
19287
31158
32391
27449
29411
29979
23423
30491
13850
2324
20462
11515
28216
6598
8187
11953
10941
22905
21079
20347
31753
14564
28531
9815
19496
11434
16624
8111
14831
27684
9559
21051
10824
3425
19466
6948
970
8811
28026
17765
18573
15308
21403
16503
572
29777
18069
10797
13419
27150
12733
12253
18731
18594
5315
2752
11228
18621
5420
7067
1603
18655
17411
27039
21469
25442
27596
2190
16242
9658
31418
10784
32492
19708
23842
24229
8554
11165
23598
18667
913
7292
21718
18786
24098
10019
23308
25726
8914
14666
7479
26717
6998
6557
7139
5546
32445
30656
2487
20417
28930
15759
26535
6164
8418
1450
12651
22733
30699
23345
11823
17077
4310
9932
14732
16980
26646
27887
6327
20570
31409
16732
12280
8509
18255
5097
11358
30756
26000
14979
30130
8452
10147
23667
31913
22024
31253
8928
14685
5175
30182
21141
28158
9041
22754
13061
453
21753
22574
26252
2090
16153
290
6136
18519
30083
7254
8520
22748
1748
18176
4020
9124
16542
13949
10477
26152
32454
23085
21925
482
2602
20356
5458
12549
19079
23646
24367
29547
20379
25491
5252
18383
30086
1996
26664
1340
10358
28821
24388
26821
2947
26035
20313
11127
1752
13495
32133
13452
276
5331
17154
15329
18416
31981
23279
28843
27681
8178
15699
30821
5248
877
11103
23053
3176
25688
20723
10639
4447
24113
8036
1922
9209
2129
17789
18706
24570
32122
26819
23613
8123
431
1021
15427
28367
14920
3828
2647
4069
11333
21368
7835
6640
29923
5027
9547
28806
28781
25954
7224
7046
17237
26416
17529
16894
31107
12837
23645
19532
12269
11568
13732
29059
31848
9633
31726
13328
1981
20714
16243
4509
3584
7078
6133
27189
14621
27098
29683
25257
2484
11387
26656
17971
16935
28721
4883
11098
2033
18779
26944
24597
12089
16723
32039
24883
25766
10483
6091
24826
10614
29784
13670
8463
21962
997
14939
9110
5444
32395
29804
30617
4564
8520
15405
9390
16591
10222
19128
31188
1602
13094
6051
17311
8837
20404
21295
11669
7699
765
20674
21207
10136
198
30104
16900
6220
28222
32693
30810
4736
22079
14622
6174
28278
13009
27464
24126
26998
12272
9937
6966
19230
2959
13166
13104
29946
14044
15397
26991
4181
7366
3004
31469
20046
12732
28017
19523
28206
12472
1515
11978
32248
10621
14449
256
2370
17437
27738
11821
10820
23997
18116
20806
12591
25244
11401
32529
21952
2386
8303
31626
10004
21334
20895
24198
11710
30403
28249
27542
29719
5468
3813
8494
26837
25805
19661
17158
20447
11316
23113
25537
13664
15071
11771
12749
5914
15447
5852
2954
14334
3486
19575
7854
20985
30646
20309
5864
6672
29538
11704
8131
19119
23089
140
15822
10302
10423
13466
17146
13302
13854
29695
25155
243
1246
17372
9874
24458
4296
10832
20706
21212
15945
28835
24994
1195
20205
21956
20827
11117
32546
17654
15507
5791
12607
25798
1777
21852
18884
4672
14754
11054
8419
7266
8442
18212
11584
21457
27999
28965
19446
17099
23395
8579
18906
8541
10032
14035
4611
22998
20265
15869
9610
12667
27086
143
16526
27004
4832
19799
20603
27687
13254
12080
8076
23132
11056
1564
22927
3393
6138
13971
19945
24630
19283
25371
4825
22284
9758
25625
28161
29809
26008
29159
9762
21679
9020
13606
8743
24727
3044
12630
31077
11447
4656
15780
22817
22740
8235
2
25426
916
3116
7805
27305
9850
21755
6859
12239
28183
26933
3108
1006
25215
32242
11092
29810
29691
14500
25869
25617
16381
12355
26241
13576
8793
2471
22576
26792
26289
13109
15103
22546
11825
957
7051
27199
23933
16547
4028
27459
9960
20285
12957
26834
1255
5501
4715
14339
14533
19920
17644
2132
8600
21061
5633
10222
32627
8946
1151
23851
30429
11156
315
31062
26754
3189
9316
2226
28969
27283
19734
17341
9702
2814
24363
9653
24721
15746
4949
19548
12406
23174
3434
1273
17230
22580
11518
10911
23151
15066
19511
14769
8255
25744
24797
15526
29166
2076
13233
30218
29029
17170
8704
27589
29561
9024
7543
14240
7781
6984
24121
16645
19575
10895
31535
17414
1801
15446
23711
18850
11699
551
15617
30019
7615
19827
11278
19338
28125
11385
18457
22095
4632
20073
8610
18916
31753
29386
32041
3994
2891
26649
26432
22919
25135
23987
20196
9094
29360
3317
6669
17790
22441
32161
26756
31464
20037
27011
30965
907
25527
853
25669
16778
11052
9441
8997
30881
4094
10341
4584
4780
6187
28987
26257
3433
11013
26553
19761
30078
12331
27735
7792
4798
6839
1551
25705
10664
13497
20490
8635
30256
16101
27256
3804
17347
14472
29376
16817
18053
25537
18137
29532
6621
23021
6135
22614
2099
17507
4203
16061
32760
3426
4292
26351
23015
7495
18491
19031
21643
30723
11342
17543
26882
20173
5034
21127
23808
23060
30798
23661
13847
4024
9454
15662
29237
2425
20885
31924
10606
12208
29583
28721
31995
31805
17542
13490
30595
27072
17643
14327
17050
25356
15768
17282
21896
18136
1203
15854
331
21432
2517
5762
32223
4172
28011
3846
23740
951
10077
22485
1185
21075
238
12852
6800
4772
26084
3298
31769
28298
20712
20209
11996
25786
22319
17619
26954
15982
5978
25528
6315
3420
3995
22296
2149
17893
7962
3211
3707
18832
13975
12769
24916
30134
31824
22895
31422
2687
26405
14503
11314
32269
5370
13548
18522
4086
24669
12964
1488
12536
31080
23182
32553
4840
1513
18773
29746
29932
3265
23910
12409
32746
12426
5887
15119
18240
32125
16009
13197
16822
20114
17704
85
20144
3560
5008
12826
7081
21608
15130
16547
32220
11430
15639
1227
5188
32007
23652
5069
17863
23849
11583
24510
28591
23167
22360
16731
22617
28732
15915
20229
14897
13939
910
9482
31454
3196
6278
806
25273
17049
20575
25418
26756
1753
10748
28059
25945
6461
17259
28094
17632
2842
11196
11603
1477
3518
1812
22463
7785
5206
14589
19247
6616
19728
2304
31450
252
13692
30070
18054
25616
20024
10395
27469
6230
12748
17380
29089
32269
4819
30099
15502
25246
25948
3208
7743
21270
14223
32346
5572
29400
32148
5030
6674
10900
21680
11943
5707
17267
433
24583
31552
17044
11917
15861
2613
6332
11078
12664
15588
31305
13840
11779
28356
29544
3766
1865
11146
3208
22842
22866
18160
4879
5052
14031
8630
23115
9116
4523
16359
2219
15843
4578
5214
17711
11999
20118
9608
22813
17678
7520
28524
6646
25406
27620
9960
12200
32241
22440
16957
2821
2054
30758
27342
8308
4758
3871
15396
15078
9245
4915
29750
31500
2778
18607
30951
22216
11896
23718
22225
11489
9453
13891
7489
16634
3747
29277
15234
13253
32213
15692
17247
19316
27965
32507
13539
8304
2540
3391
14179
590
21625
22631
25535
10495
23901
17941
996
1606
8350
11852
27541
19311
17579
11977
20076
30527
16519
18583
14107
39
11562
31710
1016
28348
17957
22012
3257
31852
23940
9686
21883
2665
18168
19056
29450
1258
32310
20412
1116
1683
3226
19888
25950
20529
29200
15771
32500
26795
5428
14777
22586
31030
32440
23301
19729
14791
25606
10574
3543
462
17703
20877
19573
20769
8676
5750
15007
25910
2603
12109
15703
11926
3508
2299
31155
14990
20195
7521
7905
25896
15601
21740
4456
26458
14663
9834
23472
5500
11306
26908
1989
25087
19613
3340
18008
30813
8067
11680
1799
1100
29189
12912
26078
31031
21299
29269
4637
28142
20718
3266
4667
24733
31749
27992
2348
30459
30622
11700
24800
3779
6104
18828
32268
12904
21422
22778
24876
17925
3615
17687
22729
146
31371
10956
10487
1374
8289
24549
19491
12729
16887
20071
12555
29425
10937
6692
6670
14465
10374
17548
422
22148
13399
17094
10291
27760
3618
14848
12026
9216
20478
22019
25709
23666
15495
28170
9645
5619
19588
27604
31053
12632
16327
10488
18265
22542
13653
13945
21142
8276
3783
17050
22284
16807
8944
4339
29122
28030
960
14533
13769
8248
23400
7563
4731
32339
9407
21969
28421
4574
17125
29769
7971
31793
15398
26396
5419
28635
7201
24958
30029
1756
16681
901
28185
18709
6379
13371
31297
30460
4177
25074
28577
27796
15015
7383
32636
12445
29693
16330
3081
1031
716
7021
30510
1453
31964
22395
20107
15936
29540
32348
30906
10369
10868
26358
18389
2484
24464
28869
5433
11857
25501
17966
19082
24316
3074
6416
31736
8631
16135
3485
30656
6999
8064
18280
28405
9524
7088
19646
7040
27429
25448
13370
1894
9644
2415
20628
22857
17517
21542
20154
18994
7397
364
31266
10381
29016
448
7006
3189
25611
28325
9457
8498
10932
16459
8801
10240
5679
1643
7565
6162
17010
10355
28225
32727
707
28899
10248
2940
24105
26615
6721
21682
12320
16774
5749
24497
16784
25130
28904
27005
28160
16289
28526
27496
10503
8307
6784
30680
30724
32469
9359
21578
13327
4814
23448
29847
10288
18328
22777
15222
24526
8265
25475
9283
14698
20403
14288
14847
4493
1928
10967
32663
6654
17090
23229
11625
12601
3905
25071
26628
19997
6838
16493
21551
21477
1729
28521
11310
25177
18518
21264
14912
30277
5733
32424
23660
28203
11194
32475
30077
18229
24610
7762
28492
9837
23759
22662
12861
560
28669
28371
13836
32736
17366
21455
4042
23002
31891
24793
8482
25000
485
2549
19681
29303
30611
983
21686
26571
10596
4157
17461
27761
28223
25730
3362
13750
18065
24176
14573
32470
14831
31575
21369
22711
14333
17755
29473
8663
142
11026
509
14979
22284
30031
11361
18763
1307
20280
6311
9138
28793
5279
19503
12074
18472
23183
24995
20031
3280
26148
29824
11794
30815
1440
26066
2057
2290
32700
24127
11205
13048
3388
12614
25940
32404
4294
1481
5032
5188
244
26569
840
31937
14504
10098
24902
6182
8608
10583
23153
4179
27978
3070
15051
19092
20441
18079
8510
7294
29080
9513
7050
18458
2686
17798
16002
838
23555
31264
3704
3671
32051
13732
19446
7683
11521
25606
30895
7295
7901
21701
10420
1508
30089
6768
29675
25559
24616
873
7102
11369
3480
4073
14608
2108
27137
2372
1653
17384
23214
7790
6818
28828
27676
10686
10018
30729
9809
1011
3915
10107
31599
2165
27505
30281
1161
11997
19545
2928
181
23990
21232
18043
19043
23173
28733
20390
14061
31496
24981
29506
5231
31676
15630
19547
14808
8097
8758
665
23873
32065
25348
8036
9342
7407
14606
15947
9203
19533
23293
7335
16297
19217
1598
19579
8866
13576
20731
3743
16489
19803
22602
6174
5356
3857
7844
18140
5774
9941
11928
2428
3705
14841
21952
32384
19249
7868
3061
3762
24943
27080
23231
1731
28460
29951
22799
29747
5372
17271
3889
18800
6557
26307
22268
3394
27600
18805
3148
6502
30311
736
8626
11386
31392
6179
28009
21273
25777
20067
17036
27718
20132
29271
10887
19726
9573
14602
21196
18281
9242
7644
711
6242
6578
25034
11795
375
11457
4080
30446
4419
4491
11084
13546
24410
26206
27077
21478
16245
10790
8300
7997
12239
315
17665
19773
1742
15485
10425
24283
9190
22179
20542
10148
10171
23504
3320
4599
30597
28519
15243
29554
4025
25633
19361
1450
27110
6749
29929
22303
31196
6327
15712
18543
1556
4827
13519
27081
24396
21148
2452
19621
15218
14144
23206
7602
14275
16158
27348
6928
17972
20332
6477
15040
2577
11858
17253
5465
26596
25410
29590
26876
19608
29068
453
18569
28638
8493
2247
19219
5584
18920
21796
20370
5076
21657
12571
10456
7364
26309
12774
17863
6220
27765
27199
10688
2451
29765
9762
18782
18717
4536
5077
8037
5616
14798
32294
3573
16885
19929
31732
24580
32162
18572
14576
32523
1750
16725
15269
12542
16132
14829
19638
29314
27796
27181
25447
16731
11142
32291
15199
27427
20825
31333
30637
13378
18475
15013
30472
27418
9505
16006
15707
15234
32265
14510
5761
22134
16958
5148
22092
16908
6860
25532
22989
26026
5589
28729
11727
9847
8500
22547
32421
10255
6239
30193
13606
1403
27026
312
25845
5728
5674
7388
28678
5238
4687
18551
861
13628
18389
26520
20761
3051
16484
21341
11186
18344
15063
10820
26239
8701
12259
21054
8059
4490
2553
24837
22088
5368
5229
24240
29812
10799
26071
5765
11004
17865
18874
27150
18702
24262
28003
23151
28691
25217
21524
15350
18669
9442
22114
18420
7805
8406
12508
203
361
7420
26093
7241
22812
2210
30468
26676
1550
9455
14577
23846
31045
20065
18323
21403
25884
31355
23728
3913
27459
15799
3620
5296
27655
28098
14142
31985
23251
13288
4455
15331
15351
9165
16388
3172
12201
10847
21406
30445
11849
26888
2112
9834
23018
20776
17185
32584
2317
5058
4995
11471
28335
14710
15067
6322
903
30383
50
228
5257
4125
21195
8110
6830
25446
6
6655
16375
26648
132
10243
13744
15587
8332
11254
16370
5381
1966
11067
6763
6661
25510
23976
6753
5540
14979
18213
12789
30737
10248
3957
14501
3676
2642
3155
7445
32045
25019
12737
25615
21430
26623
23709
6344
19174
8861
11125
4709
1247
29824
22940
12989
24747
29407
20605
609
13866
354
25392
19930
3663
31110
26699
10289
11148
24898
9723
30389
30347
29931
17491
27128
8991
2133
14819
2075
8570
827
26253
11339
12192
31968
20628
8076
7964
15095
14326
11957
8945
6080
29692
25020
14803
4981
20239
14388
2199
5348
21709
3860
14569
7517
18012
5050
12349
29646
10494
26672
13064
2861
8934
23725
18479
10262
6731
25183
28863
2486
19130
7015
2016
6631
17584
11302
24324
26780
2920
12727
27236
30336
17650
444
4525
4826
12421
5982
30966
20660
22294
20879
22006
22332
10793
26258
9588
4458
1256
12478
21758
227
17266
14463
13534
14366
25717
8093
17994
16325
26879
20929
14811
27486
26257
7733
12865
24874
32630
7915
7988
22861
13650
4289
17581
22576
18942
259
16983
26660
8851
29745
12096
5704
24773
27139
7637
13996
9843
25259
7181
13238
14203
18778
996
27845
28115
26629
12299
26645
13270
18537
26846
23523
30939
9805
7574
21201
21516
22279
15808
28555
18806
19009
18158
5035
25948
2045
23212
28122
8657
20439
28853
13112
19078
15754
31079
2047
21216
5814
1141
23395
21069
9697
16348
15036
6873
18107
25368
24550
7676
1958
23191
32488
5046
1141
18286
5845
6110
24180
10059
18928
12728
30121
14506
275
31173
18266
28492
24146
20959
5584
3301
17115
25477
15706
12822
27680
22643
23188
31642
27705
373
9704
32708
387
24446
10326
16425
4494
17140
11633
25498
19254
30031
5802
19541
13327
8418
29649
24187
9479
27384
1241
2757
31302
29731
2268
29043
31321
13009
32350
12678
14480
23584
14550
14383
30372
20212
28523
9351
18845
13638
10491
4992
1523
20415
10593
26652
14068
8069
17400
25565
9573
25173
14171
9084
12652
5330
30319
21470
942
28444
676
13123
22964
4005
15223
12993
29075
18496
18236
19441
22732
16763
31002
24296
8817
26671
22615
11368
18569
22869
11477
16472
15542
16411
13533
24690
27669
23096
26652
21308
14950
5756
27627
4921
14445
427
7380
16992
6551
30091
20817
29133
11489
15932
14806
4535
23798
10696
530
7586
31639
13819
6003
22741
23616
20597
14568
12047
521
23805
13290
3446
25802
30232
29373
18384
4482
7130
16371
24053
10746
17661
25395
13700
1957
1584
31544
7126
1483
17329
14620
9264
14054
8478
24791
13885
2381
9097
13059
24763
7951
14794
9186
17524
23842
7961
929
11120
30141
19420
31710
8297
29186
26813
1641
6783
32480
30720
16711
4397
312
10515
17405
3196
13630
2663
23051
1398
23843
3455
18102
10974
17137
4423
30218
24094
4534
26278
16160
31873
18916
854
7069
18594
21752
22260
30843
2085
31834
30291
1036
10660
18308
4374
7483
1772
1383
25982
18454
5994
1290
9856
19337
9952
16757
2075
23660
25692
1229
26088
31169
23915
18112
14323
24118
14730
18980
18889
10994
18909
15834
26578
12173
16676
25849
30433
29536
10218
2600
10762
25600
24831
16972
19124
19717
21033
16996
18158
32016
1303
19632
31239
15372
21654
31001
25432
30387
31240
23757
16229
17236
3857
21802
14117
9172
22419
31197
6557
10484
26589
31307
21428
23249
31519
27184
6722
2737
3617
16773
31338
29180
4661
5032
17450
17033
19563
16823
816
3099
13571
11324
31215
6956
27432
10256
21235
13545
4315
14969
31857
21629
9005
24726
25123
19858
8881
26109
31058
30741
8241
3746
21301
18746
416
6139
10617
32193
4944
21857
6433
14711
14693
27578
32656
16383
21898
28757
11748
10962
13538
28437
26246
16517
6721
7122
22783
20811
14493
13052
4110
15546
12735
19841
1527
1234
27966
11249
21277
4667
23470
15585
10963
3534
31253
25229
6768
29527
10654
15297
16033
16793
12178
29689
25348
27539
29059
24263
16370
28418
16843
25205
19100
13351
20533
30187
19289
6858
4857
13780
11838
22655
15342
21757
16880
3112
3579
27645
22710
10939
9934
27675
32722
10566
4305
14700
16658
2096
12634
12348
8866
9153
26403
6575
22820
28132
27897
21416
24578
29996
21688
12266
27651
23830
11894
20094
27677
11150
12287
30548
3211
4020
28802
14125
28703
1503
3209
17335
5080
31970
17966
27386
4279
24719
30092
4596
12239
11642
23925
1664
1180
29184
14435
10365
405
24711
4528
11819
15108
22278
16137
2008
19478
32713
3616
9917
4654
28526
31393
11043
12927
25652
104
15818
7642
2677
24049
6282
1732
27248
23311
571
32204
25420
26593
16851
10268
22362
10242
19662
17485
28059
15873
13523
29056
3202
27409
6292
27818
29178
22273
7158
14383
3243
5230
11122
25011
31353
13623
3770
23084
20558
817
3744
5180
3866
12572
12852
23743
27160
6102
22317
8608
16978
21455
10635
6896
31591
22205
15994
2617
3468
16785
22136
1039
30929
6825
2746
30697
32166
13383
27084
27183
16029
22338
18297
5268
12145
1531
17386
24742
30024
27539
19986
28835
7221
19291
9545
10895
17921
1164
7734
31107
13867
32313
12019
14664
24365
3969
1644
37
21761
14345
13064
15092
18660
15530
7308
20347
29274
31846
21820
14586
2418
4513
1603
21249
13899
5005
31572
18052
6615
3047
4498
19761
21471
29921
3501
16129
10823
21343
7502
7694
13716
16741
1974
5284
13995
31952
20898
6554
31195
20037
22641
12003
27422
23656
10376
28256
16284
16206
4854
22776
22641
26676
18004
7147
17072
12657
28399
16483
30888
10921
8746
31053
18534
30020
6429
870
891
17694
32386
19353
23551
22912
21458
20360
4821
592
12715
27753
23345
1412
26485
4115
5976
30940
15941
88
21159
25553
25345
11414
7383
15817
15302
15753
10879
7308
11398
22371
24282
9979
3830
16927
8907
8192
24999
27666
11550
7617
29298
31427
8209
16665
2074
24060
8211
328
20269
6433
18379
24553
3627
14017
7516
6437
25834
6763
27880
9255
6969
9411
11347
6095
17092
24020
19529
18347
12344
6568
6786
11555
4007
19222
6468
28915
6189
30940
28714
10463
8916
2286
23077
7585
10421
22029
13504
11559
27744
17306
5288
7419
21118
17325
875
28931
11701
866
19072
6762
460
12659
28552
4830
528
4876
17875
14332
20214
23258
14630
31496
14081
30310
13755
14562
32486
17825
20874
20021
29935
28863
6855
15346
21405
20553
12204
28669
14225
7022
888
1574
11436
20635
29880
5466
5750
3147
6341
23834
30652
16927
24718
26413
23934
3121
31383
29074
28936
1190
5698
13497
30046
23938
27726
23027
13277
10944
12445
13862
7200
4771
20794
7365
6945
22599
9882
24319
28064
29819
31010
19255
29129
12499
32746
16565
15377
30968
15553
11163
29537
22083
22897
32026
14454
18826
27204
29669
7304
30522
14790
18662
27433
22950
461
5169
19313
28063
13751
32310
31832
3397
16883
4410
12387
27932
25795
16136
19587
28515
1087
28387
3642
16801
9630
10176
23807
30848
27057
10930
19172
7646
12976
4518
2166
25890
22329
18000
20452
31180
1686
25957
2916
7249
16959
25099
15059
293
4255
32142
23707
9753
19739
26452
24026
4583
14673
6419
21953
12811
13213
17217
4154
19157
14050
24012
11213
11709
1927
12556
20164
10742
12735
27382
14221
27462
15630
5266
11361
15124
14601
31663
3619
22467
1885
25813
4747
22078
1810
6523
27011
16852
1297
9850
20945
28231
5604
24258
24823
12319
15550
30283
599
28484
955
18767
29083
18380
26984
9143
13396
11538
18310
7379
22241
17160
5899
23373
28819
25038
13674
21856
13071
30595
3860
24901
2291
15451
21311
10734
1980
27889
5350
23543
14567
32479
32017
7898
32342
909
29270
11874
5622
11590
22944
10338
159
10897
21551
25254
20539
19390
7904
23850
8491
9919
30383
9354
17126
11577
9850
14522
21475
26843
8712
19447
21690
20975
21065
28157
30342
29742
30431
30587
10381
21977
16606
18884
10531
21765
2768
14023
7627
28471
20989
9537
30368
10032
21737
17713
8435
32010
31517
26765
19766
11396
27178
21555
19480
9627
27628
7458
18162
29530
2572
26090
22370
1266
712
4193
16949
3341
31479
14232
22923
27488
4423
1549
18997
21631
14026
15394
22626
11254
28849
31438
20347
17557
26455
9875
10571
31499
26241
30384
12387
24247
13028
1175
8637
23738
22759
28577
4511
8529
22699
26881
6082
9058
21320
15351
1716
3668
7514
9798
12923
32292
23229
5351
2683
16821
1940
6399
2714
5992
4752
10511
18337
6125
27759
618
6885
17241
12482
16109
12584
25720
19444
29418
186
15972
17032
26469
27363
14422
32162
17539
3206
31677
16585
16447
510
14477
11499
9567
8780
986
29857
18086
30068
1189
9653
12876
27172
25334
11234
14763
3735
11563
28890
8507
20665
10127
15758
3264
2444
14894
16553
31682
22474
28904
24157
27198
3532
16837
11619
27035
13994
3464
17725
17887
30372
3719
16831
2851
19136
10681
8141
32581
27573
22033
22374
25564
22536
3594
22242
5233
18805
32644
17271
21740
6544
28110
8962
25676
22956
31236
21252
10139
8700
17819
28907
289
23544
9018
6036
10201
3074
18891
5645
4897
24138
15827
927
20149
31471
25854
21772
19166
25959
30719
22293
31975
27424
18070
12863
25553
25959
498
23511
17736
21130
314
6196
14037
2617
13415
29244
18260
4402
14676
19498
23721
20510
18200
28046
6575
12725
25491
12948
24689
27689
5959
16522
17565
31170
4969
25501
565
1221
32312
31203
19592
19099
22926
3999
2401
14895
14261
4288
19582
20888
12923
13226
10051
32504
22665
313
8368
2212
1264
7683
27025
16517
21765
14558
8436
1726
12399
17059
15584
24462
6014
21297
27460
8312
11199
24500
32558
30882
9933
9767
15933
22652
13161
29207
8793
31905
23757
7850
25505
8194
2110
31201
24229
6465
11489
27930
10966
26459
15823
3801
30011
29066
31339
455
29541
32362
6388
17659
676
9818
32598
22905
18299
17701
32326
24824
24914
12002
17037
6633
1643
11288
28836
23732
7191
294
7810
32325
7978
1250
8114
15303
28844
2689
22440
5039
23249
8887
1621
12285
25131
30750
17145
17854
14111
19164
6457
3542
23446
20353
31857
15100
20724
29998
1355
4358
25166
22268
11665
359
24280
23707
32319
28918
22684
20026
25565
2801
15218
24487
7435
17729
20524
30392
30558
31231
17
12521
20074
14904
27789
27718
288
15853
12070
22412
20827
5470
21938
19851
25013
32649
28359
32718
17823
2541
14964
13438
22449
23955
21294
7044
19006
23887
25357
32494
9772
31044
14649
21140
11266
23462
21407
26363
19267
21188
12520
17273
9211
7237
32427
27546
18071
30129
30689
5059
9721
5684
1946
2325
28620
30111
1007
20628
16149
1200
5432
16777
23819
14995
7551
7973
1065
7080
13364
30054
22913
7559
2593
15679
4179
3138
18849
3059
27614
21738
18189
20930
4982
22868
5496
27591
27863
12572
21404
3361
28857
31723
17683
17233
11685
10486
3019
6627
27910
22471
5556
8529
11907
13888
4795
23844
28044
32733
1788
23900
25907
569
19763
1810
17982
19156
7540
20572
4986
25107
27677
29553
6226
14216
13576
23821
11679
9076
1797
23063
16578
8586
25479
18562
20721
10486
18077
20337
22222
17822
27428
25246
19006
22184
7996
5372
14968
5692
15608
32411
11356
20107
7002
14796
13063
24592
2942
15239
30372
32021
13845
2825
7556
15994
27925
7361
19314
30130
17839
21613
11072
24590
3714
29313
13990
7998
30222
28872
12365
6933
30059
4685
1062
12428
21306
10876
512
21002
21213
24453
9818
31970
25571
27649
25973
10269
26054
9176
11438
4219
21465
16482
3595
1460
28028
14284
18964
7427
11922
9150
11236
27877
11317
31546
27519
13855
10664
9160
2662
7678
31116
7632
24169
24034
32599
20551
16061
3070
25859
14221
1870
24921
22787
31638
26198
8472
26747
12617
10287
1280
18864
19237
30054
21303
10942
32042
14096
330
22665
6135
5473
2164
20981
7984
17530
20254
7002
7970
4995
19362
26162
1450
29178
17492
24853
594
24394
20675
17384
12734
30880
60
27729
6215
6394
18832
7789
12261
16257
10263
15814
3410
12312
2549
4735
24684
565
29596
28370
21468
4591
31891
18621
4085
1881
2421
7159
25822
26639
26428
10281
24564
26382
11199
24411
20586
26313
32634
6316
32562
24953
13454
23367
7713
11188
20232
21906
12878
17729
25190
21673
32187
11307
26712
20490
11319
26132
29891
23954
18306
13260
27403
8616
14003
8994
6290
4024
19671
29434
22652
3811
10971
32160
9398
22260
30892
7516
14390
6550
14748
16199
9860
19397
16392
6236
3193
9091
1079
12498
15942
7628
25222
14762
5817
8395
1218
24708
19388
3662
31446
5558
27679
23160
18086
30879
27287
31413
24378
24121
23046
16627
28447
9710
16124
30480
21002
20653
6782
20110
5567
3644
4615
30862
561
13520
22733
31228
27883
22235
15941
4103
23470
27429
1513
14548
14940
15134
27705
13427
10260
2931
32000
4626
8095
13023
7896
7536
32523
4932
30704
16533
12949
10490
4109
11713
1741
9318
21455
26018
26100
16847
23862
28105
1193
21358
9572
19295
16837
12740
933
5652
15747
1585
7596
14169
27620
9153
11552
10703
9809
25161
15959
19711
130
12211
19553
8523
25760
19350
24136
36
15014
24842
2454
9342
7949
29370
32280
6017
27816
19770
32482
21890
7629
29595
27795
16177
18613
14909
17626
11028
15141
997
15161
11060
31054
21775
20233
23318
9203
12678
703
18924
2505
30769
6253
21773
26659
12592
30604
1699
7886
552
8184
19619
23354
15578
20028
7171
32475
15355
13584
21543
17615
575
28704
30364
27329
20408
5135
1800
24845
8542
32700
10081
17957
20207
21188
17502
12595
15097
11592
26155
4096
18740
7408
31073
7188
3862
23343
9269
11039
29346
16585
31728
24215
11137
4755
11935
30371
23123
2938
29963
19512
10823
18375
24811
13953
12521
30114
23385
24453
60
28372
26499
19460
7945
8145
32163
6817
23414
24565
4657
15943
11226
7950
7510
14277
4560
3099
13989
4795
13195
6483
6406
10682
8041
361
8946
30119
28106
12815
9958
27744
13602
16313
8209
12962
1101
18083
8016
9515
22307
23829
1117
32027
14669
31462
22340
5024
2903
31295
22038
2258
7685
5537
2784
20956
6123
1833
32222
29277
22840
11539
22509
25870
20947
22398
2367
30628
32169
9070
18514
7672
31557
1815
32035
101
28833
29529
27807
18801
12859
11911
14426
30384
24684
19564
1667
12518
28405
26512
26136
28524
19163
32695
17238
27349
4726
8619
116
8912
5060
15419
1680
31568
1283
18052
25322
13547
11134
7023
17488
17536
25767
11899
27865
19997
17766
32189
27606
18208
17329
25893
13318
924
7773
14082
25097
13054
30515
15816
18199
4080
21319
2833
3058
18301
30085
14307
25
23414
18317
31281
26943
1045
17601
13220
26363
21729
7067
23963
16065
10449
31045
30320
9233
6580
13155
21501
20718
1744
17459
32606
658
28362
19673
32249
11872
8390
4596
11196
794
2254
9845
2726
2644
7032
14513
11145
32297
9411
13749
5134
10028
32323
14041
17913
22177
28798
28056
19374
20718
17301
414
28148
15436
17191
5411
30458
26562
14706
25464
9880
32340
9659
11743
15318
31352
12784
27296
14258
28105
11149
27225
15646
28927
956
26518
12873
20511
6848
13473
1823
18159
23187
31644
17683
25005
25806
17612
19484
22016
22474
14136
24829
26671
28421
18291
28874
12433
711
18614
11688
21829
11013
5169
26836
3106
2437
15011
19943
30961
32579
29737
25432
15322
20756
16979
29762
17437
32649
30845
18279
15107
22038
7773
18294
6931
30067
24792
137
18312
23875
1306
5874
14339
14580
4581
6967
3198
29670
9001
24411
7553
22735
7126
12639
23704
16478
10734
7945
6404
4894
20702
9956
31921
8862
28174
31368
21864
7631
27575
13851
32326
9389
5621
12568
32109
16161
17949
19535
10745
15142
22608
24878
28214
13868
8016
13886
31248
21945
19091
7408
31178
29526
29334
7322
9459
16297
16244
20157
14742
8415
23991
20617
14258
20557
13678
28067
28905
31574
6016
26661
16508
27535
21823
487
32631
31265
30272
11005
2345
21103
107
31104
25559
18425
1614
20114
25010
17280
28598
19612
19973
2924
12417
730
31411
27498
25006
29210
16865
32601
28854
20160
20464
9575
22815
9230
18862
23415
7246
15522
8909
3015
27549
29760
14484
3279
14509
22226
1236
22636
8190
12461
32030
15933
25020
29718
29235
5453
23772
6149
956
12531
16488
21545
31803
7415
26391
24107
10562
25846
4385
3127
995
27400
28753
185
15719
4511
14940
17252
1090
15539
13681
27513
5447
28188
29457
16198
27929
319
11553
27885
11746
18924
31038
16486
3399
6791
18000
31431
24219
30054
22626
11971
3410
28027
14001
18033
7097
31283
16386
5711
31205
17053
22841
8583
18665
9167
27176
29553
24141
30342
7333
12888
7099
22540
4575
20353
28410
31327
498
30825
3617
16271
31160
11599
17412
9320
10978
8434
24819
15953
584
17820
9124
20596
30846
11103
11885
15391
20648
5023
23734
20586
14735
24017
3247
15643
1268
12673
12606
11462
26916
2458
16444
19001
204
1250
20704
13591
32015
8132
32379
10690
15830
15186
25446
24702
17511
5514
16441
26580
13370
5848
9022
32309
22023
6365
9254
12000
20772
2671
2042
13830
3854
5345
24916
28715
32070
9860
206
22735
8542
1645
18875
23630
13139
21881
16149
261
12829
8335
23735
11190
9861
26661
4300
813
2103
16646
27016
14116
31000
29266
19222
11877
19161
13510
16849
24622
717
30525
17590
23769
20471
19575
31769
18876
10088
26138
24728
21583
31432
16630
17998
24716
15666
26253
10313
30364
10821
26579
18493
13231
887
30002
30329
16940
14253
14289
5659
7434
10505
20502
12672
8829
1283
7530
13055
14806
25276
13116
5591
4260
7054
8008
9061
13088
4584
25881
4251
968
23129
21196
4013
22089
31466
4888
10765
12706
13489
8331
30362
32135
2979
32278
21
7939
170
22732
28628
18530
12792
30439
20666
78
21914
6156
32358
9272
16976
10960
5291
27130
31388
31610
29504
9402
28185
16394
10681
20753
25870
9595
24502
11372
19011
16966
3419
23475
18195
4647
6144
25897
26051
24355
10025
404
11794
15306
17848
2205
28689
29370
9057
31865
12597
3940
2655
30921
28587
25619
23909
2239
12267
12586
12760
10371
2192
20908
23099
30165
8295
4354
29931
21491
21190
3577
21260
1725
28191
20235
19395
2327
16596
27615
20389
8847
26701
28691
20592
64
5705
23352
20729
21749
16497
25118
12646
17554
28211
21842
2973
7856
6349
20710
13309
11400
20904
6512
12875
5650
8936
19029
18159
8814
24129
14664
20576
22402
19980
13069
9437
15589
31898
30083
13406
17915
1480
2785
1738
10082
9939
27200
27242
7053
110
346
26270
23215
16146
2961
18126
18907
7574
23091
20900
9577
30207
29180
120
10907
21657
8668
19212
1153
16711
30459
23418
25
13079
12795
15978
19387
25113
8573
25480
17844
27506
1510
566
7730
31660
25187
13949
20576
29520
24362
27210
14033
14775
8451
24279
16162
12829
14855
27239
219
1783
6056
15926
15255
16262
4594
18608
101
21421
17
2017
2669
12800
30226
24621
2775
27677
4078
19265
27624
32063
28100
29513
20334
24336
17766
3683
19551
24767
11543
3668
12221
29779
915
30843
17596
26175
6480
31235
26663
13110
32516
3164
27392
28736
7527
15851
2151
30990
31290
29440
29372
22666
20104
13065
15368
8115
21036
22022
7577
7848
24723
9789
25325
13314
23235
18991
31698
9831
27292
2762
31178
15453
2910
18912
31924
1627
31596
15576
21161
3878
31568
16292
20261
26203
32254
21491
7527
14663
11869
8359
4634
28159
28163
1417
16436
29869
12608
5947
21791
17193
23647
5999
23
11977
1576
15703
26835
6265
17322
25180
31079
7950
24887
26387
32617
19415
11439
25709
26706
28021
13570
32046
7464
5357
8944
25504
16730
26876
3859
26504
22764
17323
31008
8281
6611
20002
17514
1960
27811
3777
23975
6112
24679
7533
28151
17207
5584
29224
16162
22240
26003
485
13601
7810
17932
7578
225
23530
13351
18326
28739
26365
9088
29461
32615
2544
14793
25106
3882
28091
22893
5468
25837
10954
16242
748
22425
20982
14500
1654
19935
437
12784
16446
29125
23437
10254
22061
15710
28111
14947
19236
17624
25985
25893
24720
25021
7324
9920
13887
9074
22648
5240
7282
10500
19588
8784
19507
18467
13626
8747
31208
9583
8018
15922
30249
8691
12086
29301
20687
16879
31927
18901
12877
28891
22270
25121
24388
18088
1221
31615
6737
12873
21703
5902
22570
11634
4724
26825
31209
23968
13034
8367
423
18009
20001
20257
30029
28853
14437
26763
25511
11293
20490
11334
16314
19539
21339
29373
1624
2226
21203
9935
25073
24760
5008
28277
16556
10689
30212
18085
4278
10773
13550
5750
5850
25893
4232
32132
4947
32018
14850
24982
10462
19823
4912
32638
14867
9032
5760
833
12532
13923
31534
27512
25799
18373
27067
15350
4641
2424
21659
17323
6468
13196
18734
31176
30378
27228
19697
13860
10722
23059
6902
18655
32411
11118
21905
13637
27647
13763
85
5109
32322
4674
22078
24642
32378
29819
20528
13529
19633
27680
28576
15268
8248
29708
8593
21743
8767
29317
19907
14794
5795
3774
26151
7598
1799
32672
2709
4963
9254
14282
5313
14624
20839
4823
8300
28661
3763
26591
25559
8806
13443
9536
27773
24153
13885
22942
5121
17970
24256
20008
16742
7484
15165
5661
19070
29515
10314
14223
2469
13215
13617
20840
31663
6924
20878
25258
31262
22872
31001
5883
26008
25061
20928
15456
21657
12175
28665
17993
6758
32728
13654
462
14914
18755
32089
24376
6883
28925
3211
29891
3623
962
30152
7842
260
30207
27101
24644
26557
12084
9557
27350
14940
25757
28815
27913
5468
1809
26132
4117
21158
18474
29480
17918
11967
31398
18079
19733
20031
21005
8690
3267
14213
17812
16530
12162
5289
6722
18812
7724
20914
22609
32526
16504
27401
12247
8473
9921
46
4262
13623
266
32426
31088
10591
1856
31045
16943
1206
14014
32632
26051
6824
2327
2341
3805
29752
2063
19078
27677
25492
25322
1124
3959
30189
26858
9353
23771
14213
3347
19063
19477
32266
22321
1114
498
11554
26140
22588
1188
10567
26427
28024
3943
27861
10055
27249
18789
29537
8273
23171
25559
28493
10503
12346
25454
32153
10547
14274
6385
19452
30596
3487
3367
25908
17553
28062
25591
6042
14107
28172
31438
10745
7570
31525
17985
21152
22747
9935
13044
9398
25681
8329
3514
26574
7946
27038
14077
3515
14939
6558
9569
15014
29086
18190
31652
4958
28466
26719
13769
17902
708
16669
12661
117
3277
12137
5529
18994
17244
28073
23889
29407
13334
7294
2572
3136
10107
10487
16622
8699
18795
25348
22386
9130
15080
22573
4948
13615
28957
18051
8622
22855
1439
15319
2401
10851
23540
13611
7350
5555
16466
21094
11845
19587
25512
29260
3350
24522
22755
19116
3079
14848
30570
20699
6253
27441
18154
1634
9214
31568
22617
32244
26095
14029
12341
11427
14169
10601
9741
23379
3809
15178
23875
19566
24472
9290
15120
27097
24352
10645
32200
3879
30481
22899
22880
17421
26010
14690
15661
31510
20844
6760
9966
10392
21715
1959
9997
17895
17446
818
31266
5320
13154
1311
23481
14121
32530
28894
30293
28431
23666
29897
5301
6863
13523
2043
30805
16769
20545
31334
31032
17330
4964
19232
21221
1113
21668
14590
17072
7692
3216
16740
23354
30836
25985
347
12603
20991
28282
11492
17791
4564
30035
4237
20527
30220
19479
20801
20818
29215
32170
24164
2707
20892
13743
18976
17989
29470
24488
31737
4004
12155
16735
29096
16478
16702
5254
550
1874
16472
25498
22279
19607
1554
11789
4105
5824
3398
6051
17645
21854
8911
10013
22917
13511
31294
22549
22543
24342
31438
1065
17857
20083
22683
26459
9637
5269
19982
17336
7591
15236
2460
26680
29165
9124
9136
7910
19046
751
12517
17984
30374
27010
17529
6625
9201
28507
30463
28253
14741
28513
17747
25709
20349
29604
23507
22348
29444
14055
8652
2656
11783
24412
6451
23069
1086
22190
26262
29735
23244
25412
5457
23222
32276
26309
27653
14143
14799
26071
25926
16465
14171
15661
8340
14013
5718
10176
24461
15865
29548
31324
25440
5062
20845
14431
16005
27409
6307
26046
28332
28183
8290
14920
21235
11213
30432
6703
21083
29823
23367
30660
18045
27063
7689
642
32377
17760
23412
18254
28208
7211
17542
9725
23987
7986
27138
16407
11514
8412
15811
17626
32730
24832
15953
16002
26161
25677
178
17608
21604
23273
3203
14505
11
23128
15943
28008
29930
28320
9214
25302
30244
18090
2042
29905
32683
32748
7662
9227
31739
21829
1608
23565
520
13608
7104
23163
12148
765
16177
7065
29446
1988
5544
28686
23384
22012
27835
8168
15823
9411
14621
16097
18896
26174
25455
5600
23601
7483
22360
17859
9966
13845
2263
1884
286
26328
25560
11449
29477
23206
23046
18345
21290
11354
737
6523
1484
29802
528
12297
14096
28178
10232
21494
8094
30639
141
11315
10798
29289
17512
15048
3389
17684
24603
5841
11524
1624
1473
1990
22954
4624
31961
26112
15801
3569
9300
25721
4303
8556
23276
10196
25238
25813
16824
20125
4597
19396
3325
20177
17544
3772
22344
19617
29262
22538
10937
20083
22946
14320
13474
29226
28525
9219
22353
1959
8089
1490
3625
13455
29129
7368
22520
1359
26183
14164
7044
3934
7997
1862
14951
2242
10793
5501
17949
30934
32139
6335
2908
26186
32480
13288
26531
9835
9428
24391
7446
12709
2484
325
6281
8518
546
31303
24027
14980
3084
10198
3717
10946
10719
8958
15986
22799
32247
15859
2834
28912
14939
1275
10410
2655
14503
18055
23022
4883
20041
26275
1489
23810
12528
401
24476
30245
32578
8625
21821
11643
16846
3237
14306
26960
30785
27569
21191
12991
1756
21352
25676
6774
6181
28293
11595
23225
18141
20503
2728
23210
9267
12513
19754
30407
28215
7168
17289
12980
2705
20174
10952
14395
6515
20487
30916
18321
13516
554
13582
31962
12223
13602
21494
3824
27219
31526
18408
27488
3436
17630
15612
21430
17146
2247
13000
24571
15984
31192
26745
2683
10616
4454
20258
10444
18660
28741
30291
30219
28136
23344
9966
4713
1927
22122
8246
7142
26700
9382
11049
17501
5178
11557
30736
2241
11013
3358
31316
28070
17027
22626
13971
25859
17757
19776
14067
16694
10762
32678
6582
22856
5630
16266
28175
17011
16670
16008
21300
17121
11640
14541
3509
25015
1841
9523
1804
14418
16574
12461
27509
26832
16215
2278
23040
24019
11177
14885
23268
14209
15052
9332
4118
2512
884
19457
21530
20480
13163
2244
15130
14697
14655
22882
10805
13174
13880
23890
31001
21746
19596
14910
20948
3714
7638
28844
17127
17523
3525
25565
14236
13750
7441
6389
19098
21545
28852
29021
9911
29209
22870
25702
27149
26884
28425
31791
16208
7587
5430
6600
8543
1319
31447
17559
32024
4036
27367
2299
9585
7276
279
10800
19908
23005
5827
11123
32363
14557
31780
29798
14221
21444
20935
5301
13879
28476
5694
27386
4015
30789
15381
13022
5893
9084
23560
16001
16618
4508
22386
24349
31173
7493
32521
16614
8708
13820
4553
15924
9392
27764
10286
28131
23621
5131
24486
28922
14784
7576
23110
17292
25081
3940
26300
5340
13619
15990
25733
27332
29938
11540
14432
5208
31757
12934
25858
12230
15619
20509
7179
18305
31378
22388
23353
19102
28294
17910
27099
25726
21200
31136
19081
30637
215
8968
29971
16394
6931
6303
27831
24616
29911
28467
1687
24053
11374
31672
29802
21145
11114
8775
26481
20897
313
5735
24492
19293
19449
28812
31567
28294
9101
15581
23152
19748
15089
26426
27394
18607
11210
10366
12550
2421
8258
22785
24320
1339
20242
19554
21160
22823
32224
6787
18915
31454
32204
31188
25585
1257
22086
3797
17128
8797
4642
21718
24929
23995
25326
1025
28785
22293
3715
6299
20955
9586
23258
24455
643
26484
27681
11276
2342
18232
18702
6872
15689
30078
31092
1604
31343
24586
29460
4057
5007
10058
18613
25363
6853
5944
20343
5478
20808
10114
11876
18303
21404
18152
3144
27596
22025
30182
20418
22078
1355
29844
9628
31054
24459
1994
16728
29758
6542
6535
3083
22177
25645
14484
13679
15645
9733
15204
23347
11120
32111
2623
14997
18353
7859
21664
8243
23256
25208
13787
2590
14977
6271
3330
12337
32749
29329
3082
26273
12362
7094
16938
3796
14900
20392
9604
2679
27771
1671
24583
25803
18983
2254
25492
9791
24505
32646
2399
1604
32180
21690
16537
28509
31836
30762
4172
2421
27838
23619
28806
15990
23280
16207
16057
27927
1434
5354
20834
15862
11957
9141
28393
20198
27027
11086
11208
10378
2592
9855
29680
12835
6503
32181
17256
6054
29528
15796
21048
22034
29128
9866
14213
25088
18617
9921
18429
7291
30684
5849
13174
2579
30036
18678
9681
45
30141
16597
28453
15517
30061
10244
30490
7031
26361
21075
32658
24353
11003
26246
31375
16045
13587
32588
30545
11878
556
22645
27326
5801
17409
23647
22279
27895
26079
9649
5769
25415
20140
18764
19953
8609
1064
31871
18852
15848
4979
27514
19038
26104
25296
21510
1304
28657
20648
14451
23088
17617
17362
16081
1988
22857
4369
4195
23390
10441
23006
19792
9943
26334
18536
26780
31861
23229
19674
87
30295
6432
16348
1556
3347
4176
3676
19357
16797
6787
21134
18405
7787
2665
32305
10302
21462
26114
31253
460
29636
17330
24282
14138
4228
32151
11002
26283
17145
12058
6666
29684
23547
12484
316
776
17658
1620
21801
30387
21476
29454
15565
18316
5705
10325
21971
18213
22462
17020
3603
9092
26495
2010
13914
16087
24920
7708
12905
12131
32197
10719
27200
31678
11608
3199
24732
26430
859
13353
4798
25265
13239
12856
1390
30030
10260
3006
9024
12780
28738
30816
20502
3186
4567
872
21990
9103
31514
17173
3773
21163
7456
6709
28676
8221
28981
14326
23299
23454
28030
18938
22179
253
11484
5289
5752
13077
19986
26059
29438
25341
20011
5462
14115
30590
25110
2180
26374
2250
5012
27433
25599
1130
9556
4932
4575
19833
603
17108
24953
11536
15530
15341
25697
9985
24347
23306
19955
1736
5773
11173
1431
14526
30272
11013
11844
17296
23426
11608
18243
30192
13452
6401
18998
7306
11943
27699
27224
21562
3987
16575
22790
19580
15912
16938
13183
3620
15934
18947
32232
6735
9163
5747
20371
30105
16715
20246
5248
29584
5477
19465
2084
22121
15307
21317
19818
5874
25954
16427
18424
26824
7075
18783
6835
20170
21313
22746
28549
21453
4619
10811
27742
15250
11285
9054
31096
16373
23570
6960
15584
11878
15109
706
28466
31133
23321
9372
28067
5002
2508
28243
11589
9099
32083
30814
29575
27874
28986
16421
30715
31078
30284
18523
21341
23672
31154
5006
24528
8761
18271
11516
28266
16123
2987
13225
30195
4853
6205
7086
7914
22074
28719
6612
20681
236
24429
28001
9355
940
8542
31794
24682
25686
23239
29962
24813
4843
27372
27690
4898
2767
22520
9762
25640
5173
23198
1254
18929
14807
19713
19236
18758
18154
209
10709
7436
24913
16567
19475
25285
5137
244
21802
28762
24069
837
1265
14103
6355
29193
30299
22519
19486
13989
11337
19746
16637
3880
24738
19636
27052
10027
18854
18624
29058
14332
18815
12437
2339
29691
15385
22335
17143
16707
22324
9041
5083
1933
20664
27618
19478
5458
16200
9942
7310
24624
26905
19551
31804
9359
29957
5058
477
10372
12763
27999
1514
9718
26618
24044
8395
8191
26910
7937
22856
10132
21113
10457
5952
21353
13574
2391
11933
28431
6170
11335
5767
9567
2620
30951
8408
10780
13366
26789
17872
9940
8812
31531
22539
28423
14445
11161
13487
16268
712
19217
17386
3375
23329
25721
23964
9887
4739
3452
26192
11656
5624
18642
14449
11004
16727
24002
11707
17175
21598
18661
23791
19427
15872
10796
24523
19321
12800
21540
13625
8553
15551
24697
5063
24412
18771
28090
16471
5368
19928
27227
15639
4868
4619
4352
25780
27085
17429
31225
17867
9928
20388
26120
21153
5496
11072
9835
14611
1938
4061
17942
30416
26720
20140
22593
32197
8035
14647
4130
31961
1596
20397
1532
8411
30157
10618
19800
25016
11931
19483
16530
12274
8310
25649
9624
5709
21853
5332
4079
9164
924
20777
9207
12763
2871
29751
8047
23246
25227
2806
19259
13450
13875
1193
14949
9090
16425
15726
31331
23014
6701
5908
6296
22294
3947
5164
8477
31581
12632
10595
31424
988
13277
14607
17485
708
21687
27911
5901
10185
21022
25272
21133
27859
13476
23925
21920
31478
28769
29455
18599
23460
8525
26278
23824
18977
26349
9662
9757
14648
9010
7061
28391
24877
8350
20149
12706
27122
25512
31941
5154
1437
11106
10404
3486
3866
25945
20153
6581
285
6332
13188
7342
22875
3265
121
23812
15354
11845
8975
13858
27462
30899
8724
26731
26533
26150
23875
10877
19405
10962
27416
24503
14644
16288
2275
6137
26824
24
20764
15530
13281
24452
11254
3840
10612
31058
11830
23419
905
187
23110
1715
4335
21410
30597
22356
26414
13503
29666
8551
28861
28924
937
14035
11125
29727
29596
16675
11078
4266
24902
26761
13609
32511
19852
27683
1621
22472
15749
3966
7094
3478
23948
345
3483
10696
23187
8107
21423
20655
26042
15591
1322
20720
5664
19070
26952
16937
7416
3237
27643
30423
32736
15194
19164
17783
19823
13473
3688
27883
13
9236
9065
6176
776
17306
10418
17646
3556
6519
17679
4671
18930
22405
6524
14708
30244
16320
9109
14084
32031
12808
9294
26214
12690
18211
24292
5426
9414
7426
17428
20867
19319
14405
23946
30623
25827
7937
3484
17114
22560
4288
30520
26039
31666
32713
8731
27985
31581
12194
12100
29689
20536
7380
12713
26401
32515
4590
32552
25721
4282
3532
3520
29271
31082
24345
12545
5980
24900
6419
19393
5461
1008
17806
18961
19295
6692
30780
30576
847
372
10027
1342
11856
5740
27791
21875
21710
29916
5570
23952
15763
4723
9097
13782
4144
26511
8089
10422
30367
6740
27482
22154
550
24572
27626
16770
22398
2157
14181
21985
26165
26641
10084
17001
12113
5090
29891
13587
24374
9156
16552
20484
16074
28440
11968
27325
16342
30606
29900
29586
10416
30266
861
1373
8983
16107
11227
1395
12894
28088
26572
24023
21709
4827
9555
10158
21572
20675
15607
23027
2593
8292
29862
20588
6756
12242
13306
16093
27153
3854
19899
25723
21718
7967
676
5027
26094
30565
8554
25036
6213
13611
26618
5051
25053
27003
2562
6646
3696
6454
180
12666
11607
868
1991
31920
5802
8648
27582
10398
19369
6071
3436
29274
13914
811
16056
8389
3188
25620
23710
18037
22908
3566
19062
24563
29742
22424
12921
8743
25374
32100
12161
3344
29855
26987
17424
5817
3556
22051
17044
616
30053
32563
2793
14360
7300
21637
16672
12329
11377
25501
24959
18263
23115
27434
21960
3817
18056
19675
28607
27946
27542
20852
27878
8733
24514
29473
26507
1133
28250
8714
22788
2723
19470
14119
4410
29851
27292
2390
18276
10553
12205
22699
10261
7256
4857
1031
1145
20739
26546
15596
1755
19432
21792
11663
4203
2569
17033
17711
9279
20405
14931
7846
919
25527
2156
13630
24421
2765
6122
23493
17165
22364
21487
10724
7273
8545
4048
21420
1296
15019
14966
8050
12504
13128
24836
28125
9625
16957
17593
2109
8244
9850
2073
10526
19156
5132
14151
29470
10356
405
12214
18939
22946
27129
11008
16880
7810
22107
28950
6466
14869
17480
30106
28694
6843
15409
25737
12933
27639
11295
25117
26866
30067
23202
498
25243
27460
1546
14695
28271
4974
986
20807
5664
25771
29818
6825
3960
616
24364
27412
22512
14865
19009
9191
11903
25998
9101
18680
24496
22286
3352
27260
6135
12803
25110
26151
12357
21869
2074
17300
10458
15196
24710
12262
18011
29104
28230
23728
1316
4132
958
17938
22239
20363
3328
9253
24149
9817
19011
2969
7557
3684
3729
413
18931
22508
22207
1791
15171
11737
19618
24213
10246
12101
2688
4827
9428
16954
12997
32477
6555
957
12279
24152
8502
30987
12524
10524
1858
26146
13627
15796
22573
28035
15856
8009
14223
23863
30340
19140
28862
19728
27148
26419
30109
29233
6320
21870
16308
19408
351
25338
18310
3387
29633
9261
1566
26905
15981
14739
13548
8691
3421
1169
16335
1011
3230
3912
7539
11243
9036
11196
477
16280
23230
3638
8004
31529
17918
26343
26915
14331
32124
16077
3468
20647
771
7131
6335
1598
8683
12372
30459
19155
8081
6520
18580
5434
20484
29026
15430
8720
25345
14385
25545
17915
32034
22630
13989
13619
29010
19085
14152
25666
11908
7200
28246
26120
13733
23976
12352
27393
11214
15397
24856
17867
23743
18864
10916
6370
16777
14687
22705
4527
24458
4713
20393
21697
5022
7818
20840
32602
7572
6057
1100
25133
32735
22713
28811
22886
1934
5597
26570
26091
4223
24527
2795
27617
22991
30338
25126
14963
32404
12038
15195
16590
26319
28845
17062
5232
17564
3436
2357
11427
29100
31107
28246
30532
16629
9824
7892
10953
6312
1217
7812
31107
26724
29210
4123
2591
20393
5430
12098
22899
2191
28192
12525
27000
27320
7492
32232
24978
6787
9682
31666
1048
14466
12131
22415
7440
9519
2783
2009
20026
11482
32414
30615
23633
12262
7629
4177
24973
6965
12052
5666
2412
17633
26229
2574
14770
301
30328
1686
19630
955
15493
19082
16576
24831
3217
26143
280
17395
24573
15937
11200
11276
27578
23082
30941
18285
25010
12084
10034
15708
24931
24299
4581
31986
23501
7015
21382
25622
28303
9689
6733
21164
31309
7011
4515
32265
30804
1069
1252
6314
21377
22709
8036
8742
18527
29030
28080
29538
4239
5229
1046
23300
23917
5576
28263
24106
26096
15775
19707
29019
3026
26840
17142
15806
23537
6118
6602
18057
28150
24545
15869
701
26420
29148
31021
16145
9427
11379
3409
23595
20781
27555
5441
15638
26744
2783
20089
31217
28838
19807
12313
10980
26761
8380
29489
24409
12859
28090
28732
5480
31933
27492
30186
17810
28894
10335
32035
22195
9566
15992
24136
3634
7764
25727
27580
20603
23501
21080
5539
17839
15286
11087
31465
13977
13052
25260
2950
13797
8689
20103
8193
27020
18418
23774
10803
2195
6727
7909
25422
24821
586
7837
6942
31198
18123
12968
3214
9753
9396
17500
23405
6860
23273
15382
8050
24163
11634
2001
8318
9162
9180
28663
10274
26079
1756
11894
3169
22311
24886
31767
22455
31167
2013
2060
12890
29590
27996
3527
28863
29402
17524
32019
27488
14000
13831
26717
957
4136
11829
11602
31392
28528
1220
2992
31654
20808
1221
7765
507
8373
6004
27293
31333
24826
5729
31210
18052
13252
2253
12676
1368
4005
20567
23716
17667
15043
2264
7371
464
24018
8075
13400
5749
17215
25969
24410
405
5806
8435
11939
9353
14503
25290
6430
24416
31372
8732
14178
11812
22223
25575
23942
11103
31073
29091
1847
7134
11374
25379
18953
26549
32071
32701
16907
9348
11680
15018
11422
5368
17659
20143
9607
16788
22116
15613
14914
3761
20063
13143
18329
29635
23839
7538
21878
14303
20728
26017
25846
22394
29975
10418
25790
30580
18545
24850
16274
2389
8441
19768
14628
1238
3862
5441
3369
23203
5460
29656
1202
1119
2138
26201
30138
21992
11036
10294
24827
29661
23377
32153
8711
4958
25128
4427
26003
26387
15670
27092
23062
23920
29619
14820
20115
5175
19431
4081
13234
9534
29919
10530
13078
12402
30820
27500
20715
18204
2350
19195
19390
7267
340
7891
11922
7954
9479
10423
18736
24732
32128
21577
702
27998
24631
29044
14995
31267
30294
28167
11082
2797
22637
21154
1045
30451
4711
1750
11348
28134
9149
8328
25959
25208
20457
17046
16064
32287
21278
20158
4156
534
20278
28347
28339
14758
1260
14512
20174
24995
11595
29386
18968
10553
1894
14881
14936
12265
28234
4320
7967
9422
2865
6054
413
27429
30712
30252
19128
26636
26067
14119
16224
23946
7232
7024
5916
30416
25657
10338
24809
27070
13230
30083
10821
20905
11570
32103
7303
10076
18421
30162
1137
31324
13298
29469
30728
20337
20073
23259
3747
18529
14992
27068
24387
30975
29318
20657
14626
3428
25736
11600
19087
9597
28775
24955
10744
2502
22841
3644
30025
7508
32591
13812
31605
12569
30312
18869
9297
7268
19492
9708
2729
16039
4796
16963
31886
20093
1007
6341
21997
6635
20544
2115
26982
7142
28254
13815
27482
2838
32484
12904
4934
17882
6210
25997
26448
16268
3835
1589
26144
21254
3602
8359
753
7781
5054
28805
10216
19469
9829
4598
12964
27885
21960
19971
7958
18436
23676
1602
21651
17187
30105
946
18727
18677
15030
11495
28461
20542
7700
26471
8476
26720
21785
10323
32676
28451
18176
30794
30202
21429
21456
28298
22640
2800
1930
26456
20808
6364
3495
31139
4042
21365
30913
28644
28052
17070
12945
18504
32306
16821
10265
17
15598
17785
1570
11833
19689
27754
6633
12633
32619
15231
10774
29898
5240
11390
23533
4362
27044
29048
30920
19297
2856
4498
10181
14532
23348
17164
28604
2041
17287
9851
5492
14076
9534
18265
10774
14242
31465
1472
24033
18300
24804
19827
27424
32510
30693
15902
11609
23520
21969
10463
14536
19141
30932
1796
1547
29723
28848
19991
1567
20546
12885
17688
12939
18160
18867
16137
28123
24020
24012
24240
18512
14969
15117
18328
31958
31598
22494
24665
14902
11428
1912
2585
3213
23319
20214
29011
31485
2992
4271
23511
11682
6506
452
6162
12232
16053
7669
29072
8795
19992
3513
20159
29342
24089
12941
23542
26912
27745
19852
26549
9453
15388
29760
21551
22273
29599
18360
16901
20994
15693
8666
22613
16942
28603
11515
19955
8594
274
6573
6134
15484
18869
26328
24951
23092
23076
28685
12437
24039
26657
13846
23740
29668
5905
5586
14888
7947
8100
24896
7844
14977
6840
3801
9112
17321
29563
29475
18754
80
17616
14467
24388
21800
9717
2386
22111
24696
10850
8244
24446
11537
6388
12965
31734
4484
7754
27093
25356
3986
32368
23990
24760
18404
2490
18003
4520
22013
22771
22371
8328
10348
5303
31262
26753
10566
19486
22863
8447
19155
7835
29611
30392
19592
15651
10337
13802
19509
1681
29170
27107
30592
17225
17219
5575
29074
17435
15089
27278
16656
26731
8420
7756
23117
20367
25127
18613
6590
14713
32502
26848
17070
23190
7961
30795
22066
9973
16497
12064
22112
22700
13265
23990
18876
13688
23567
32603
4851
22435
25434
27217
28876
32299
23245
16662
14939
10272
30789
2280
11128
32590
26224
2441
21871
22044
23335
23104
2041
15540
26622
16416
18027
29028
14617
16780
7470
12356
13889
4859
27503
9754
14902
16633
29975
2682
21575
15215
20734
9522
18465
9763
1883
17125
16357
4738
29824
23797
25725
1694
17348
30886
20527
30067
5824
385
3954
3182
11454
8951
9217
31280
7790
25927
15919
4751
475
4514
8314
29661
2718
8588
24930
4461
31313
15749
32636
18260
30023
3817
31682
23405
3962
26901
28205
4000
9669
3531
18566
10595
22356
4312
15225
4736
13144
7923
29163
30489
28415
11241
5773
1258
14243
19447
22449
12239
30018
15479
23901
8070
4398
24512
26014
10933
5381
12359
31519
815
13796
28426
31226
30579
8152
4398
22222
28022
5525
12518
23570
31394
14443
1432
20905
15646
3189
10043
17078
23120
3348
8452
21937
18080
26011
5953
27323
14975
8780
1157
29742
30888
28036
20997
15737
18854
11570
20290
5163
20631
5261
19688
1869
7471
32263
24310
12533
7936
8572
2592
15896
24056
31408
24690
10400
7211
29688
20789
22462
17618
10551
12310
6786
19604
22284
14213
12457
26373
19018
2652
21942
13677
25513
30913
580
21194
955
3149
22426
24856
29473
8046
27008
31695
6910
1033
23121
13230
8620
32100
32082
30647
16302
4420
29506
3963
24806
29778
30002
2711
26120
5571
16791
18815
6735
3640
24478
890
12655
30179
11455
28142
25034
26092
26773
26846
28390
10515
13037
21681
14367
24470
12317
30005
8089
6741
18327
1507
23929
12596
12477
25445
4949
22721
16887
28245
13288
15127
13827
2888
4875
6146
23437
25611
12769
12387
25344
20012
6993
214
16027
31420
25785
3987
18631
21332
9952
20882
9384
10326
813
27379
3314
5237
2327
20124
1278
14712
4061
292
8221
14906
22647
752
21292
5622
3020
9627
1128
18625
26917
20635
19844
21848
14562
31010
9209
7196
22380
20803
23454
9051
27754
29270
14200
13521
8760
1693
31955
29807
29076
13864
15505
21595
21915
23285
18115
2615
31733
16476
31862
27046
17740
29098
29647
18444
10754
23565
8795
19862
22307
18352
416
22395
6040
27686
25080
20353
23966
9228
24479
7362
119
1002
11786
4528
607
22619
11642
31575
29378
20334
32466
13794
16556
20811
2469
27233
4481
19482
10388
22985
28654
30496
28631
22844
26399
20779
16921
25483
24115
24113
10121
25594
18413
26676
6958
7747
31404
18280
17018
22493
17565
30104
17187
9853
4143
28870
11054
2014
11463
12562
8013
9918
4022
13789
17258
28969
8552
28205
4484
25593
27357
83
4794
12190
14173
13516
11941
6683
32360
2150
1259
16977
10733
10659
1297
10368
3260
25954
14481
8203
7484
18108
29485
3707
18529
28205
23938
7111
28889
25588
3552
14291
28294
27068
9049
6454
8753
3963
5912
6464
29053
3995
14325
4412
16153
13912
1094
7410
13114
22633
22007
26224
26697
7394
5341
24330
20440
7769
25415
2464
25563
10055
30934
14879
30741
3506
8079
28234
16336
29193
1839
9147
23505
25936
25278
20260
1163
14972
1127
22747
9363
1825
27527
17046
30548
5962
30980
23155
4
22696
15840
7995
27863
240
6158
14823
14962
29566
4484
12387
11170
10814
13713
13715
26958
9676
20593
14996
24234
10458
19743
9540
9646
17107
9578
20484
6087
28093
6219
14012
22220
17252
6774
29984
25139
3509
13615
31282
3205
13928
18271
5384
25871
23010
23783
16080
27099
345
4148
17937
5598
18489
10771
16180
8051
28870
29639
24130
31496
11267
28506
7663
30231
6355
27184
22488
32345
15967
7650
12809
26934
1463
21321
1474
20351
30396
15320
9083
20831
15421
29999
6181
22159
13152
27374
22451
7882
2628
2759
28889
13953
12772
32472
11795
9167
10047
25143
18410
24495
22454
9166
3187
28525
9397
2921
8216
12890
19093
5389
15258
14276
11969
5772
2903
12581
22808
25430
5065
21659
7315
25234
16208
17304
13096
19309
31025
18907
20718
31666
31198
2207
29313
7324
10360
25106
27304
2536
13714
14600
29493
12077
21304
22769
17709
20336
11823
6664
31785
27379
3199
5582
18684
14159
13615
32695
14230
24002
1360
30243
3113
29642
22077
24463
31626
25075
6432
10253
17113
11501
19384
29425
25188
21729
10842
5326
32713
16133
17206
27041
13147
23919
20188
23371
17607
2343
29183
11333
6904
17023
19576
23183
25399
19367
31117
12009
13207
20860
25972
19526
11408
5793
7187
21374
24042
21713
29962
28483
29404
18547
16627
23638
26998
6767
23528
16890
22844
7233
18758
28330
3348
2636
15537
19719
29794
18544
13401
9492
12145
19678
2171
32165
15125
11563
5162
12821
32654
420
23375
4152
18096
4834
20975
4752
23873
1438
10412
2756
25507
30918
17039
20557
4530
18895
14340
18291
29168
29518
2854
21624
22496
14786
28989
3859
5551
6836
21893
18976
13593
12803
31026
17301
14219
2425
21680
4280
8581
1697
7727
6799
21827
27357
6495
16024
156
6579
5240
26555
8746
6504
13950
13181
27051
464
707
30582
30631
19812
13741
15109
16468
16533
24249
31042
5558
23392
23488
16180
7434
2339
6522
31301
13157
687
15680
2802
1433
5790
7190
28615
24408
19431
8936
7307
30108
4783
5140
20920
12357
30562
15913
2094
14084
3075
4078
17703
17785
31680
11687
27246
2712
31946
27539
22220
5969
5219
20921
27331
8304
24889
3301
17791
6082
24562
28909
19978
24697
24072
28728
23743
8913
3799
11393
6401
756
30452
1241
24365
16155
8641
17643
17100
30967
21822
22916
270
11855
14370
11859
30580
9450
7723
6381
29388
19887
28338
29971
27234
25355
22914
22072
31605
18067
19946
29246
14568
25067
26641
10625
9018
3814
18570
20502
23736
19182
2600
7253
28145
14759
18964
24212
11883
15055
30236
26166
9620
5993
21838
14309
30715
2586
32454
31003
13504
9939
12996
13543
5962
26032
18946
24046
4407
21792
12100
12720
12441
14151
5936
24844
13919
3744
27232
8710
28945
24039
5558
3785
12225
7990
13551
30184
24894
13934
19323
32745
13194
25304
32652
19972
18318
29708
2926
30248
19725
17938
22806
63
6871
18632
31741
18611
5951
5763
32047
27697
1230
24057
11678
8365
1849
9055
29373
8102
29841
7374
16714
1451
18106
11755
14955
19230
16670
18119
7933
14904
7842
10756
3369
1613
23514
24122
15416
26705
29048
20120
10920
25756
4875
24271
29311
7658
17894
30251
14303
22950
25693
17923
26075
6504
24888
20308
11657
28092
24417
27561
31576
26149
29152
23870
22180
16993
6153
10852
24456
18671
18932
18471
24308
26319
10542
22575
7423
31881
10670
32228
29054
31856
18187
3798
17109
15912
6636
8795
26381
11110
25023
17530
6951
10743
22190
20487
1200
26372
22478
13328
29078
26516
18842
10360
19002
594
14497
5602
27078
9873
5243
13520
20673
5261
5889
10252
26081
27379
11198
5704
14624
11684
27552
1793
32017
10678
243
1705
10869
23228
1936
22020
522
13640
15698
10451
24739
31406
5834
14256
6525
31242
3124
10553
19153
25220
12969
5744
24742
2770
30102
11874
14825
20991
1132
15623
9151
32107
18585
6506
7962
14356
30648
16137
9355
5907
5636
5759
23127
18282
32019
12640
28876
18684
15041
32101
6357
23261
23658
13001
18637
31948
31324
498
17297
10750
6027
17492
5593
12574
10631
13459
32200
19857
23724
29159
28865
26110
26776
21189
13181
5134
2275
19132
14426
22896
28170
26525
14326
9761
15019
10718
14333
5098
24824
15424
29759
31530
29798
20144
24070
17621
17317
6251
9638
7613
20181
17766
597
28432
28151
21229
11325
16418
15265
8074
15568
25965
6134
12840
26972
8407
22486
31864
19423
5939
29778
7316
11804
16137
20067
25059
2798
11418
23259
6460
14813
24351
19099
25678
30959
29522
775
8255
18624
24367
31415
8083
20181
6908
20079
15184
12846
23431
8786
32607
9754
16815
9042
30262
5968
8997
15595
22452
12090
20596
22289
8012
8596
31807
12391
19814
30774
10186
10417
22530
20782
14525
3980
3743
17170
7204
19293
30043
23445
6841
27783
23387
27735
16998
225
12397
6658
2310
15207
24044
24978
3180
17455
9957
2036
5030
17567
21367
10195
13698
990
11136
20911
18514
10120
1142
29231
32493
27814
26258
29368
22262
27869
3380
18494
15457
17381
18051
25690
1586
10557
30291
15517
12424
21021
16461
23589
30683
12205
7497
13165
14722
23924
24575
6761
15736
21523
27871
14547
19807
13363
10557
18624
15557
15804
26033
26486
18087
18247
18366
26753
25651
18903
30385
24324
210
21699
4044
20814
12134
32247
9636
19117
17616
8797
20168
16263
31670
2709
1955
30630
1411
18412
27556
29396
11439
23948
2460
31656
27712
2544
22375
23711
8337
17563
2254
27502
13650
17418
19884
24215
29904
8167
15184
8507
23670
25471
25891
6447
6804
9334
26762
4946
6496
29113
28686
18973
15163
11957
29115
14971
11317
11975
11461
15067
27858
9459
10866
2180
31247
15320
17971
16169
13984
27107
276
28350
31100
21956
9303
17290
26011
24350
30556
29820
28414
8067
3269
27586
12529
30623
27351
23960
31117
31923
4898
16734
11904
23110
11620
24814
28433
31767
22955
29228
5982
5205
28090
28383
2280
21010
8622
7871
23634
23542
28641
1998
24678
25392
11279
14572
2649
25266
5559
8870
15184
24222
27076
29264
32546
14331
14189
9043
10336
26797
31834
15047
28051
15268
19464
24901
27588
21843
1646
20214
12866
8292
25057
15856
15263
29354
19509
22211
30716
32343
26405
19278
19590
25455
9204
5080
11329
30076
16981
604
11781
2436
13961
8227
17350
24632
15047
2456
30488
110
4064
15449
20209
5585
12579
2954
17073
10199
32638
11886
24161
15604
10215
7480
31800
15886
18682
12318
14180
11824
7140
13488
31751
2690
9343
28008
22655
26233
11454
12162
29674
6219
3916
4877
19945
2470
5488
26947
11173
161
27700
27926
22032
29939
29894
25099
3438
17762
29726
5451
22035
24959
26081
29944
622
15249
30342
12733
7750
5839
26807
7849
8004
1490
27130
17213
32434
11593
6800
21443
8322
7919
19613
994
11154
24762
16010
26480
14126
29781
21672
21895
29143
29393
5654
475
9538
4248
28900
16458
15268
7586
2424
9909
10797
21995
6449
271
25810
5668
8267
19379
16208
18600
28419
10235
24430
7859
18939
32526
9346
27086
11743
18169
10294
10638
30281
7682
15500
8574
27618
12344
2848
2906
32203
6991
14766
14718
10811
17579
14291
15773
23145
21947
6680
26550
13740
21128
9772
12612
12256
32398
29809
26806
22285
970
19130
12574
9283
4116
5204
10797
21448
23727
6979
21599
2166
21535
26317
1395
15966
19002
25405
286
20657
31362
14049
2560
5857
16562
26709
32471
23811
16279
14851
22515
15224
27169
24299
6378
4556
8890
27808
2700
10462
25814
11923
20761
16449
11468
16020
12978
2787
4580
1686
8718
24300
18097
4019
24942
7401
29601
17008
20947
4650
8146
31809
17006
23144
7207
7760
21592
1196
9372
31098
18051
32619
11222
15258
15857
4086
1279
16907
24099
22802
24528
30056
17877
13538
19183
4758
17384
26126
12412
1285
22688
25630
230
13874
22287
18215
4
30321
15057
5802
26721
25321
1530
32697
22743
27872
15181
13915
16479
26169
18607
1586
15399
14138
30171
22107
7141
8595
11094
9366
108
13468
9638
15271
18556
22239
26815
10492
16351
2262
1982
13711
17585
17654
5337
26126
22272
8428
19862
17978
18069
5158
22332
909
29456
1941
8071
6943
21051
4785
13728
7882
12440
2494
12108
21900
24636
16718
28260
15150
18912
11016
23173
8995
5174
12199
25352
691
21881
27206
23861
9817
840
10458
4787
22121
5300
22016
5187
12021
2712
12281
9391
12018
21033
28914
20476
17047
13773
19593
743
19718
20529
26254
13968
29998
13717
9990
1136
14832
18283
3958
13968
4480
26145
30046
10237
6159
30011
17923
2423
4519
26020
14193
24169
17238
14918
2753
17950
26510
15064
17304
25905
16844
18679
30960
837
5496
2937
8987
12535
1036
25598
2820
2577
5753
25287
16057
26624
30151
11468
12070
6281
5883
2056
23331
27831
24125
536
11186
13336
32058
25860
25985
30761
4296
28253
21431
3086
16840
31880
4077
17542
27985
9817
2937
27679
6155
28900
15859
18342
12504
6031
7410
16098
26298
6764
16663
32130
5617
1734
23629
8275
4195
11770
25934
17078
17729
16008
7274
82
3048
29546
19844
16134
5637
19877
29533
21793
19709
3101
8213
24534
7820
21933
20206
24042
31916
18807
852
25264
5304
27001
22810
30007
465
4962
27143
28610
32385
31651
11409
29560
22942
24264
12264
17501
12913
23817
22838
8577
16408
13340
1573
28024
10281
19278
14499
15113
10392
17874
12258
4650
6363
3929
4770
301
1611
5859
3762
20020
28622
11220
4532
23786
25779
12618
32546
7285
2781
7086
1934
4518
20516
27785
1326
20851
19192
8345
407
32680
3655
17445
18633
9689
29857
8589
11628
30363
9883
15909
25177
20724
24689
6467
3420
6159
15087
24983
30520
13108
31633
5307
31980
18936
12265
15627
9781
4273
6209
16823
1364
14637
9602
32023
17425
23460
3668
3390
512
27626
16263
4817
26627
3817
11186
21018
5392
25679
15897
27224
18485
6276
29908
5977
27609
21215
26158
12619
26180
21529
13644
24272
21346
22786
14863
11600
3011
5490
24634
915
7399
23427
472
8847
5817
17149
16600
10366
21081
25874
9211
18996
5662
76
31472
14000
15068
6339
19901
22769
13922
26771
23392
27659
12103
13453
27574
5497
32231
22829
30877
31157
16040
9164
29269
32518
22914
19479
9005
12953
8894
8640
30299
980
30973
17012
9771
18919
1149
27660
5468
18340
31640
16135
22470
8592
4237
1336
11841
31290
27779
20668
31171
10443
23499
1839
27080
15839
3942
11551
27127
19091
6087
1473
4866
7647
31961
23267
8910
27687
5956
290
16340
5388
3821
27741
3015
31624
8891
26730
18806
9274
7585
18951
6645
3582
7385
11283
5367
30913
2925
3326
16511
3732
30460
24702
11192
8958
8635
27011
12576
31895
30138
28782
9196
23762
15721
10621
27817
14875
17754
24458
22815
24610
19272
14070
9082
27254
24153
7392
29868
19797
5280
13978
26125
24771
14822
25949
17988
8665
23466
12859
9579
7776
22118
13910
27758
16030
18452
21328
948
24944
3057
20482
19714
32409
9089
11633
29852
17242
12499
18429
23981
23875
26118
6364
11752
26440
3596
11207
15472
11543
4782
7411
26613
14505
9168
13123
6176
24087
25591
27324
28210
14768
15880
825
26856
21576
18515
26464
32673
25042
22735
32724
30914
20018
11943
18092
32602
3148
21750
12069
15362
23393
8911
13715
29960
30363
31873
11166
31180
25318
14873
5290
23913
20226
22312
9879
17560
14806
20422
17067
19154
21256
20182
31436
17077
18890
4492
30451
21929
32247
9261
20189
18115
18270
23574
11268
23786
18270
13056
18381
14392
30899
26498
6659
5794
29071
1751
19332
19420
3052
17378
16698
28791
26657
16239
21325
3149
32180
9660
1175
16414
11888
17720
20057
12923
4023
650
21548
17379
24089
19925
5178
20013
20261
32059
26541
29477
13694
12448
26472
15994
11058
8880
2293
7896
13896
2851
1983
31313
7064
30271
28290
25089
21472
13727
21759
10482
22291
20020
9716
25149
12788
1929
331
2674
6628
75
3730
24634
29432
27656
21419
12347
31823
24119
25541
6204
5795
18041
31371
1418
22813
542
22426
29338
26734
9963
28217
10223
17435
27418
15684
1086
32280
20131
25450
4049
4249
27066
17305
24361
17957
1177
19893
2279
26604
23679
16272
13037
9818
14841
29207
31424
28652
15456
1737
15664
10819
32419
2414
316
375
31046
23045
2608
16813
17835
29438
21776
28396
9873
24489
1337
3884
31194
30447
1094
23216
30609
11840
22833
18070
25131
6348
31418
7597
3085
26358
8461
7046
22095
31237
23199
15822
3264
24605
26713
16346
17194
19567
9464
29828
6103
24492
31668
29238
32595
21695
12831
17732
32116
26043
2385
7295
28568
32018
31298
9223
19502
1801
4471
608
31608
30568
11745
11208
11662
22390
9986
32712
20903
28708
7761
25866
4756
25737
32736
22378
31885
20622
30268
7247
12336
16363
21908
4412
18119
4434
16926
18594
19402
6633
5559
26873
28581
7422
18634
526
22458
27639
25202
19615
12202
17031
13283
2085
24528
13096
25350
27377
3343
14277
2147
22650
17870
15030
25668
20982
64
11250
28439
21799
19945
30336
18709
7544
26718
27183
19745
31560
31564
28039
19187
13702
20411
3071
11381
10622
15508
13425
2669
7410
97
15306
29789
30317
26709
30726
28583
20436
26764
1884
29173
5950
2451
6069
23256
12805
20267
16995
12464
22046
31818
20496
9419
3493
22627
30964
8913
6332
23015
30028
28511
8598
23052
29191
6642
30415
13773
15810
17927
16383
50
16886
3968
24718
10705
7280
3658
31946
16789
27906
15677
21814
12990
11129
18499
27685
9257
6606
1469
10632
23762
9889
7970
28933
20887
21474
11497
24137
16447
30162
18858
7070
31674
24106
24704
1728
19882
18329
15025
6124
4387
5492
4241
16187
27311
15274
8611
11310
16790
25334
6146
13194
24156
7512
15103
18278
21130
16069
13580
13698
3506
11806
28889
8154
17325
16991
20924
25467
2087
25
19286
24982
17246
19234
7284
24275
25638
24714
12595
27879
29489
11474
28776
4713
27533
21081
30782
9441
31854
29719
3617
2339
6190
6285
17883
19931
29842
14588
9213
21608
24655
20694
16257
31726
4556
370
9901
678
21290
7683
2875
4473
12162
13259
31158
9678
1389
25228
8231
19872
8906
6464
26609
27091
19899
2825
26362
27336
24305
28779
27659
15151
20778
26809
10874
19740
27127
4045
18694
32093
24515
7164
22530
16652
8465
6218
29366
20832
8453
3801
4098
18888
19750
14248
17988
27707
4194
32634
1660
32713
1875
31507
4782
32119
18880
6826
13192
32585
28007
12700
28997
9632
9721
9822
21457
26310
9831
24245
28206
31944
10076
15401
14614
25988
14090
15543
226
10498
13866
5062
27306
23048
9790
20316
21678
1256
11546
23954
5620
157
29090
1605
24883
22038
13781
11535
20208
12754
21003
28533
21223
5037
30074
29538
8364
12538
20479
31189
17298
15569
2332
2518
28108
2730
10301
18350
17106
16171
21055
19543
8455
831
50
4402
11928
28008
4958
17400
11687
5462
27269
5875
23465
1464
23656
24942
24588
82
15244
9322
3613
18512
18238
18322
32298
26330
11733
8817
16867
7656
1079
9699
14342
32088
22175
14793
17212
20030
13981
8961
26686
18555
27230
1430
5947
18065
8493
22323
9342
27573
20794
21982
13388
28710
8858
22242
7691
1982
2960
525
2730
5830
523
19740
21052
10511
26223
19316
23782
24382
2968
9747
2812
18024
29
20421
26727
19935
31953
18843
12106
20299
7312
2969
24037
23804
16696
26031
25529
19070
18933
27883
10732
9070
32450
18668
31472
1165
21804
30106
3424
2835
29273
19732
13866
20038
3658
28138
1523
5962
7261
20877
21943
19259
23830
9987
1712
15225
15646
17887
31098
20547
9612
19825
116
16776
8548
17466
20841
20985
31837
19362
14960
16483
16104
15342
7696
25404
11117
15468
31400
8828
8408
11248
270
17326
1620
28036
32375
15430
9302
27996
7575
32309
3806
29192
17161
29371
1274
3565
2288
6012
27019
17654
7647
29143
14667
14983
2806
19571
8719
31667
9550
29466
8010
14766
11928
24779
16339
2181
26880
5130
30952
30220
8792
32123
10866
3352
31346
15535
14474
6383
26829
7998
24125
15613
17780
5654
7564
13513
22820
5394
28855
20519
14509
4303
8380
32686
28570
3771
25882
1388
15892
31598
12506
7641
28164
15166
20688
13578
888
10509
16159
31783
19528
30566
20475
29471
4857
10185
7091
15002
30945
3138
18926
16944
15244
1856
8756
9944
26975
32165
1457
21923
18811
12058
13878
18090
31461
26789
3713
25668
3811
17789
4030
29309
8873
29213
26702
2756
15412
9623
22470
32740
28279
17707
5179
15926
2229
26136
5309
31764
21806
8626
25889
20112
11005
28597
26372
30310
22337
31449
9228
31024
8571
9126
5489
23257
28471
9610
1212
2900
19183
4649
27087
23694
21036
5876
27174
5281
20206
16637
23900
28746
78
13065
31473
10653
22114
487
5450
22263
9569
11009
1529
13877
5127
22833
12095
14371
18747
27606
14031
24631
7408
29734
24021
19584
20553
7366
6711
31193
4352
12184
21787
6242
19464
11732
29353
1073
4977
11866
1810
13892
7053
30278
23761
16826
4945
32709
12337
12611
23549
25384
17423
22742
25600
22071
13281
28578
10517
13768
9975
1606
9651
19856
18689
11588
11684
21048
11218
24499
32243
16819
30307
1589
1036
7632
1307
9769
8223
13579
24397
4386
26309
28073
9731
10391
9702
18180
24570
2524
12506
1315
18157
13904
14286
14989
31254
3033
11882
9311
14835
8589
1457
3229
4422
23730
15656
9926
3935
20969
3898
6827
30621
18086
15579
12672
2611
26339
15468
22836
18984
790
20446
29182
25762
27232
17947
6713
7523
13575
27553
27761
25748
4902
28272
25534
31169
29603
14631
23120
16422
5986
2410
22092
10281
25784
17798
6359
21031
3875
21848
9071
20083
26424
619
10114
7836
26332
9056
5177
23535
19895
5779
13973
10045
25062
20475
8126
17887
10480
32338
17816
4086
11516
2934
4502
5111
8769
31760
20947
4968
189
29299
16479
15588
26154
22727
5334
18277
21550
30310
21560
21187
7890
29830
21236
12663
7989
5657
7494
32677
32386
9969
14787
11098
11551
26152
31283
21010
23079
28607
20126
6013
32539
27013
20138
22914
21460
30522
27940
25989
16060
14837
2524
4837
5438
24259
21942
26313
16507
145
15614
9501
6719
24908
19452
29399
5683
15942
16840
28031
2900
17372
17760
23534
12707
25686
28920
23638
10270
5646
10129
13186
5872
15573
26829
8543
16869
17042
5890
24252
7968
9004
25485
10318
17936
28586
21865
31479
19104
3225
7680
25927
22702
12206
12352
4676
9151
24749
19954
29030
32497
393
32583
8166
12593
8653
10420
30521
22957
8506
13056
25815
30860
26034
31132
28480
28637
10325
29490
3137
4302
7657
18560
11379
2335
32383
19815
8198
17622
12371
4159
14524
6195
6645
29550
19768
17894
24486
1337
377
13696
4101
2522
30882
28200
1003
27602
21500
10639
30099
1664
9021
4902
4862
32499
10763
1934
3989
7933
7868
26703
30993
26248
18016
22478
21400
18221
4609
29049
16680
15875
8489
21061
14393
16309
19877
1370
3486
10968
9353
10508
21933
13435
28788
24590
24735
767
14613
25314
22074
27433
23534
17812
13485
885
8792
17832
14011
429
30920
13393
25883
5819
11088
20708
22303
15548
19305
10123
26261
11093
8943
18494
23275
26186
22637
27119
20374
6732
10395
19973
22963
15379
22821
30732
12527
7597
18606
3499
24485
28182
16405
29398
15943
22280
26871
30276
15871
11540
3445
8740
18070
26098
1335
1292
11156
18710
29616
1842
31913
3715
15268
8158
13643
24548
19432
32543
4001
28633
10602
32702
32416
7055
23153
30064
4980
19091
5925
11087
21025
232
25425
9867
14698
22359
30056
349
498
19974
3782
29245
22689
11596
10553
21333
6217
26820
7616
15925
18057
14496
10386
4040
22514
23872
28258
26759
32617
16644
26338
31980
3276
27742
20614
18986
7897
43
4490
795
11339
10819
10806
18810
10309
18510
7265
1874
17908
11482
27700
31926
8049
15019
7728
21939
17380
19026
22130
23683
28911
3586
32054
7171
31562
26526
3227
1640
10922
25878
27558
29741
3304
22260
31368
3919
1119
13618
13348
32445
5526
17999
2252
26122
14367
15522
22091
3430
11966
15853
8489
17868
10958
2357
29482
23933
16097
11985
792
14508
25767
3778
2498
25211
6673
4418
26693
10790
22965
19871
906
8318
29301
4938
30992
2458
603
2347
4332
5833
6344
22328
4366
31946
17358
3654
21957
14912
3290
16927
21382
8800
10390
2516
26089
32749
24077
23125
4084
25702
26897
28478
4508
30590
23513
13812
30345
23244
17391
28401
538
30148
5706
31068
7337
15846
9910
31965
9744
20277
11901
26031
20843
26859
9792
26359
28192
8811
30502
30548
16925
27767
18233
31671
22881
12963
25868
5237
28350
12553
5793
16538
20957
21055
20363
19329
28290
10630
4688
14497
22801
23876
273
8618
1106
5557
24941
15057
1137
17373
6050
29031
841
21697
23797
22705
18913
9430
13653
22772
823
18362
26683
21711
7229
30754
212
14541
25890
17428
6498
10555
22482
18774
30176
16951
10176
5670
12772
7690
32483
555
1482
5560
3070
5036
26383
28629
17957
17664
2043
29081
2429
15941
31363
1591
28995
22357
31341
28779
4880
30198
8885
14930
32603
7249
4656
22399
11071
15270
17263
11595
10110
7997
7142
30060
18631
928
30285
11978
9524
11783
11335
4238
2839
6164
25410
13179
21750
960
8350
25985
16084
2966
26897
23439
8370
799
28490
13738
12886
15261
5588
2364
15435
251
18494
26030
23081
25349
28537
1848
12823
7893
1409
11256
17805
15501
3135
16194
16223
13644
27567
20280
25335
13658
31550
154
225
20134
14966
29919
5262
12147
31964
22148
28497
12622
3353
32676
5294
21571
2905
28361
11220
31312
2801
32258
10856
30490
13124
4149
7300
18399
26599
10423
11776
1964
15363
8474
22768
29648
13563
28998
23917
5264
8271
15819
26265
24092
193
8310
221
24002
22198
24355
17781
18274
18398
1233
24367
30498
27159
4348
19567
15202
13711
12583
631
31475
25129
14520
21989
2947
13347
19208
19581
19548
31733
27579
15401
22863
19836
26957
23358
27114
12887
21998
9729
12530
23442
656
15722
20493
5761
12350
9000
13246
2287
27567
30436
27542
30841
18203
6346
21161
8500
26189
21830
7232
24470
4346
32267
6349
12691
16209
5210
18212
21254
21715
26753
1511
31059
32101
21154
31042
29258
24739
26805
30937
10831
8056
21968
6655
23992
20459
13990
10793
31095
27452
8015
11682
28409
25136
11847
13952
32590
19369
20664
10198
16777
24953
7164
14635
26730
16248
24669
20011
2874
6357
22816
30365
30199
22441
7619
10901
17585
23250
14466
5867
20020
17918
1568
3563
8679
6150
17123
28750
7412
31614
26849
8810
23209
1418
17274
24997
1055
22258
23590
3631
17177
21369
9329
15601
23598
25451
323
9664
13355
29558
7013
16855
17587
9914
6465
11908
17448
28451
9705
10273
1231
32759
26971
12614
20270
20139
22020
14909
15289
5627
28546
23734
20398
3898
28334
32700
24894
21990
26330
30696
1773
10623
20567
30677
5691
409
7227
25811
30084
10289
13664
25568
17701
20029
4784
13012
9184
20102
16032
8667
4738
4794
30715
16680
15042
20157
20449
5864
7533
1601
26895
29045
27584
4246
15457
10701
4117
3779
1684
27202
10691
2005
17233
19827
63
8055
22887
27002
12679
6851
23641
7015
8128
10072
1816
9966
25117
6317
21521
32348
15620
4005
22122
18127
25964
16483
14473
27815
5002
19039
983
23608
10412
22201
5571
12993
27749
28878
26121
31650
9450
19722
564
19913
3772
29181
25185
23918
30599
30640
31559
22016
74
20793
12660
4191
19129
21645
4569
31051
5600
29846
29577
15389
3592
24965
26302
1460
21470
874
5405
29619
32466
769
30523
1002
7870
21711
863
6161
200
31342
14730
25020
15241
28198
12468
19083
18031
27837
2393
11425
8287
4495
26932
28504
18847
30945
25675
23603
5364
23666
30507
16405
5127
24147
30325
11440
8973
30201
6041
28223
22439
13201
30434
2424
22279
19859
16051
21948
22357
11418
21520
1938
20561
26995
11359
16211
7993
29043
12400
28711
8685
17678
20668
13103
3409
1190
12010
23300
755
16289
152
23393
10734
14782
3927
22812
20238
6825
31223
30299
20532
15309
6918
12036
22268
2153
14483
22901
9886
9190
24887
8054
274
19048
6743
875
26488
8099
17315
17871
14774
24560
21474
16093
31075
10143
21234
144
13284
17551
13578
21710
22484
17917
31555
27616
31146
16026
15703
20262
19349
27872
168
27657
19627
15781
132
19248
29507
23793
19367
18423
22175
18701
23297
23581
7119
7132
1466
21436
10705
32366
30324
32127
26877
31443
1488
11023
4513
8237
7731
5582
19944
11529
3274
31688
13056
13296
25547
2279
21883
28216
20990
24678
31990
12576
4989
23175
15097
14621
24504
19081
26911
16238
30907
24788
21111
3574
16308
32120
3113
1355
29359
1749
16733
18699
30629
6299
30296
1647
22709
7926
1768
2338
21937
12802
25603
4691
11996
17797
21675
9737
3314
221
15892
17078
10857
21303
14089
14096
8695
6146
27276
2588
1620
24484
3517
10635
10049
12395
27901
21066
10185
21446
21586
26453
18887
949
22285
10956
4776
3198
15019
3400
11634
13986
2298
1903
11781
3343
3453
12742
6562
21399
16912
3783
22697
16801
28367
15156
30119
21790
309
30890
19855
20927
24193
18041
5448
16485
13662
31923
22632
730
4802
7555
21824
20414
15895
20672
23064
10948
8345
15810
1979
11550
15359
14197
7479
12853
29789
28331
12510
15518
12617
7863
31376
10057
6717
26679
4925
30460
29244
20017
19877
24576
22200
2402
3170
21531
26036
9682
14633
11454
3878
7852
16717
17790
5535
27725
15236
6856
557
14491
6894
16593
3969
11672
4947
18125
20557
4663
4781
23137
5360
10606
29670
16218
21589
1932
20194
28575
7192
20941
2496
30564
19435
7211
3933
24993
8249
22904
20250
18627
20489
4522
27104
24481
16932
21110
12385
1713
7546
3616
22176
16764
14530
23697
179
8271
11617
21162
3271
29236
4493
25560
15974
21280
7602
488
12021
27246
16660
28445
10113
28044
27063
30336
18363
15093
892
32376
7744
8543
29324
10650
5662
10037
3321
31170
23956
26183
22435
10595
10778
20417
2649
12059
32161
27737
8001
8075
20764
27853
29050
24933
18495
7821
12031
26566
21127
6324
8655
26311
23930
13629
5195
13903
31792
10868
21727
22315
10258
22698
7396
20064
32482
8237
24261
19135
8700
21368
16225
18619
6875
6566
16049
10360
26846
21805
21419
27172
7244
25288
32614
1162
8855
17589
7038
2532
10205
3617
26554
3825
12724
8929
6892
2120
22311
8034
31513
4588
14844
31971
16602
21792
9529
17889
18946
125
29926
28371
24449
1601
11027
10008
4745
5354
22045
13870
29935
32260
11310
14628
12499
32575
3
21586
17283
8644
29426
11591
24477
9161
2091
16643
14964
8291
32062
27239
18613
27036
3037
11497
11851
18630
30947
6028
25983
6415
5270
21520
24932
28757
4137
13925
12146
19003
19590
24678
23665
27004
1610
19908
8345
25471
784
23616
5879
2604
9202
9246
1042
10239
333
13526
28623
16986
29637
2572
5778
22048
11913
19650
30118
17023
20184
13517
30431
22029
1221
7813
32637
12823
14647
10433
26196
30773
21811
28419
5418
30242
3678
13295
22881
17355
23741
4098
10198
1958
32192
30848
22536
21829
10367
12974
6781
23083
22339
1858
11873
19678
19016
18968
6769
21054
10177
2598
27927
19732
23837
32178
18390
19438
9609
32450
14825
2347
22966
11221
11815
12626
27868
208
28714
25512
15103
31803
3248
8449
3185
9389
4417
7382
29336
645
28435
9368
25073
25051
1322
4420
11605
28855
5571
30520
18043
3456
10995
2117
26559
22967
11916
23557
2849
25829
14656
4718
21137
977
23817
1192
17770
10231
28360
30748
1852
19254
4908
1998
27598
17353
4821
14316
3171
5240
14777
26535
16957
3343
17863
5441
10848
20240
10443
10343
5784
2725
8594
14018
4029
2008
28750
30409
19766
20486
10811
21721
17852
2961
28803
24199
15712
26582
3680
30773
29904
6495
17024
4323
24022
20057
14253
18504
31009
9544
28845
15137
16712
31737
11111
27082
18188
10936
32584
27915
25310
32708
15077
27956
8097
3840
17634
3948
17072
10731
1042
19782
5411
5074
4831
27285
21070
17989
16877
32130
24459
22983
11770
15579
12602
26313
27913
2222
261
29402
5823
24855
14697
15896
11277
16214
14961
1258
8719
1316
23493
2545
5172
30280
20452
31803
24992
28773
19630
3514
14798
21782
7461
19957
23674
23100
116
7422
4286
13463
31281
19108
6011
20628
30687
13801
7418
3430
28599
183
28115
11864
23720
11214
29454
30306
15260
12033
14729
8698
28157
24994
2201
13100
9591
18235
19444
17389
15616
5246
21711
21165
8982
127
13891
15659
14664
13857
16629
23949
19704
31182
25078
32176
3423
22380
26856
5309
8914
27788
31075
765
19267
8932
11159
16366
8202
28415
8242
11926
26854
26419
2948
3095
8254
18132
31712
11396
3245
12711
24390
31219
5054
19353
3136
27091
10740
30897
21002
23680
1038
22852
21493
6933
28040
22120
13325
26498
26725
21162
20730
21214
31276
21252
6948
19966
18993
13321
17691
10310
29973
16227
21301
28863
14736
13695
20089
28010
25198
8071
7867
7380
4568
32145
20489
30187
20949
9494
18246
23056
3601
25509
10773
28013
23260
14808
32249
18825
11637
17032
17082
15897
27017
6717
3082
5146
26615
23272
24168
1820
23254
32725
21317
26849
12985
17883
18533
8998
26929
23510
7817
3009
21652
30551
19275
16108
26877
8601
16969
29665
2708
20663
31109
32679
21776
8477
3340
31275
31866
17212
17878
14738
11059
29059
2030
6094
312
650
27602
13935
6309
27536
1821
13500
13176
18215
10339
3075
30360
13358
2653
1581
22038
8448
16966
661
5810
22251
28036
32027
2209
23012
25227
2932
24461
28792
26879
17604
19422
26630
15640
18286
14648
26924
25163
20778
22084
28799
2343
7513
18868
16255
3197
32150
14465
22986
18883
24718
375
25231
22714
15121
20980
28230
26191
1897
30701
7326
14015
20202
5425
3767
4863
29130
6130
3474
9563
8499
7297
29894
2397
16279
7257
13684
4848
6980
3679
1404
4293
14136
23656
3825
3574
5686
20988
13259
22250
15385
26714
14812
17784
22889
5051
29446
6223
21804
30171
13738
22933
10494
6582
14691
6350
17252
7311
11253
31744
25694
26679
4736
27668
10299
25228
19194
24704
13489
13888
16859
3619
15405
6364
12314
32112
19304
12804
30041
19407
5435
2044
25181
7232
12468
5483
1984
31554
32105
27743
23786
14835
8716
2706
21309
1144
22848
17132
10640
14239
171
24648
5087
14787
7757
25979
2880
23281
20496
3730
23065
72
22944
30556
14481
7846
17532
2857
3396
18561
17998
8656
9787
21266
24952
28151
32283
22201
29679
8334
24988
3741
10316
26013
2365
23443
32032
7744
31543
28225
22152
31727
18863
23683
19970
24835
303
9741
13439
10870
23383
27730
31418
18155
2512
24997
29639
16110
11650
13214
9711
4732
19975
29888
7611
4038
25951
18776
30543
1842
21477
23464
4601
163
20609
23365
8714
22010
10528
3006
5349
22237
26465
9854
31573
22967
11665
5108
28196
24063
24538
16369
8425
9150
28087
3409
5921
23627
20395
11485
12161
22617
3379
23408
31115
22324
24313
19289
2400
23368
16714
15617
15829
10211
2762
2766
11464
19516
23399
11334
10677
24499
30603
29816
6788
21338
25494
3991
3749
31925
21387
1001
19551
15806
17161
14815
18533
28204
18814
20358
15275
27125
32407
15134
19319
26898
763
263
30651
1154
312
229
17314
3217
15101
7676
19561
5210
30347
18140
17008
22155
24678
8259
30865
22376
13648
22335
32176
26643
18551
24211
29843
28426
14830
7004
7668
6641
29018
17652
18645
23698
12526
31767
7444
24866
21657
23876
29759
19909
4477
4710
13481
853
18852
10164
25278
14687
18414
10198
23699
7023
30798
17225
29634
19342
28726
1796
22900
28168
23376
26204
4287
8819
8303
7205
23347
3564
21189
10010
21423
23204
17238
25983
11129
20636
18092
5124
15758
27564
717
13293
27703
4810
22890
7280
31965
21641
16985
15198
26142
19680
10822
18694
17441
6189
10661
29527
26406
30585
10218
17476
12385
2558
16125
18285
12552
16358
29416
13051
16299
27222
4563
6091
30660
3243
20531
23760
22415
21252
30014
2482
28699
20992
11170
9403
23457
29641
19062
10228
28182
13905
10865
20875
21500
7899
23386
21368
4989
1726
19903
9824
9146
9573
17642
954
3681
31643
9489
19248
20349
1029
29133
22344
26515
19696
4301
1347
21482
24398
9420
29766
24874
5882
5312
16311
3113
20548
4949
14570
25857
3753
15001
25597
10342
226
4089
15360
822
1569
1132
601
13394
6295
17646
7527
173
16697
28464
19046
11682
30916
32398
9875
30091
6654
1345
21392
10895
18751
1494
15113
31675
30001
222
13720
4180
21716
2792
6374
28012
1733
32428
28948
22964
13759
8073
26969
13201
26210
16434
10220
28018
21043
16804
8484
9312
29669
32347
9693
1239
10455
30149
12575
29140
3037
19447
14586
8751
27971
29087
1716
10283
3087
2105
23079
5964
29831
22150
23652
15464
10227
24890
9628
7169
29092
31733
23105
10962
3381
26229
9064
29864
529
18954
1650
9587
22581
11082
24555
10397
2616
9221
1458
21146
22664
31100
21594
18625
25078
25293
11217
7002
9589
5042
7999
17912
20766
24427
23601
2569
632
2041
3319
22443
23543
3469
14922
14529
5058
4672
28723
29254
24505
9732
10792
20450
25271
3803
19063
19899
32532
24903
8424
5262
12911
32001
17565
31742
24234
16877
17726
1836
9269
4430
30547
3975
12688
28471
24561
4582
11275
22594
921
20948
5585
8067
7261
18218
21796
26815
31556
2532
16618
4826
6384
12333
22121
9871
6526
21180
31823
7524
18350
11107
30453
5340
19268
485
29156
16878
7854
23305
17049
14518
2022
7660
18565
23659
6298
9115
3672
2961
31115
25825
4223
23663
1331
14942
19691
32196
30122
25305
21
4022
10698
17368
13119
2315
17810
6253
32764
31899
12744
594
11506
21253
16098
12600
2015
19618
28455
5213
8410
24503
11282
19037
19164
18159
27383
17226
1406
21512
1256
18686
13316
23244
17882
25008
17819
18499
30468
16582
13023
14887
26760
14826
29856
10904
15957
27232
22502
1041
1100
3223
21298
12699
19874
10750
16647
32576
25477
7960
9129
24259
18178
9683
22053
25742
2598
23062
20113
4332
17507
27801
21909
14712
9782
30713
22315
9942
28679
11276
12450
15008
20561
17266
8169
12707
27906
30572
14346
22092
7205
26097
32501
14173
4030
7679
6271
14052
30965
17968
8874
1390
26231
4493
10023
23928
25114
30374
17945
4902
4544
23779
32284
19512
24445
13333
13702
29753
27900
10832
26861
16633
22046
29693
8937
23358
1765
23083
8474
32695
10385
806
19053
11313
27144
10571
23196
11533
10107
13338
26356
7922
13639
26509
8283
14527
21017
7592
30353
29124
1110
15954
182
22577
26298
26979
20237
11214
10303
1790
2559
4333
17216
12833
611
28574
12254
12666
5884
21281
5539
29309
4931
23969
16485
15027
27495
9247
23661
853
31123
1708
15833
13081
8303
22747
14143
10828
30441
28278
17299
21793
24885
24688
1867
14409
15122
7707
27840
11203
30544
7835
24536
14326
22671
18075
27874
18685
10057
22078
18113
11330
2323
29528
30797
3150
23839
9183
17654
24287
16902
19612
31915
31035
10436
2086
18170
16069
6404
27153
10616
7630
2719
611
19811
20141
30815
13639
18566
2322
4104
15110
27997
9111
9113
23602
26234
20888
16335
15909
8487
29509
3051
21418
19277
11253
22197
17913
26772
12990
29889
27113
17100
4418
21489
5473
14732
17611
26683
26895
13592
30107
21932
25181
16520
14461
31661
18849
3879
3744
17798
20628
28954
6053
25632
29958
31554
10743
21775
31696
26211
17755
23247
6153
27013
5064
19022
4733
5018
27768
20907
1370
26722
3391
7230
45
17548
32284
30680
10253
19742
21262
24396
10262
28182
16424
3630
1562
11345
13288
474
12178
20141
27589
3000
21211
8811
14087
22719
22687
24279
23515
4664
4497
27690
21159
31685
27741
4527
19355
12961
18398
20261
12937
29225
13714
25957
9462
412
16460
21060
3697
12063
2857
17339
24355
31748
23749
17989
4264
24139
27311
12937
27933
15209
31002
7737
19578
73
8917
21562
15394
31377
23933
6149
17593
22310
3569
14413
16950
27122
16646
13538
569
8933
23676
31701
7326
21561
23601
477
14930
11771
28565
14841
15973
4807
2910
12375
1377
10707
17277
19573
11995
21038
336
32390
9543
23370
27161
23575
22545
9913
2479
28658
23529
5940
5491
16706
25950
28897
23430
22009
20910
3798
12857
13423
12764
4569
31685
10315
3076
27753
4669
20135
18156
28675
12224
11631
29659
16286
9971
23050
27310
19320
32686
29501
27688
14868
19446
29260
16010
25219
18732
5986
30819
15332
8579
30002
28074
26151
25016
24543
29450
12310
30461
17177
27517
16021
18742
9098
21532
14632
17767
20336
16950
8119
27757
651
1951
11662
14829
313
29002
28072
30603
28384
21530
25645
20572
25484
23542
28985
14493
1241
20764
20703
32165
9748
18359
23662
4632
13213
28083
28914
27230
28047
27344
7934
32083
13731
1781
1961
15680
29778
2760
2775
7435
22842
3707
10938
30122
31427
10984
18584
24541
6402
16609
7886
22045
2014
19137
7189
13007
1137
27719
1028
24254
31153
13477
30934
17352
30799
18131
21102
22488
26079
23593
26264
21524
10042
21805
9874
27735
18976
19626
13771
6881
29218
24834
24042
21581
3263
10180
1042
14276
4302
32641
868
3953
19740
13276
4294
13620
2645
10209
3043
12187
1064
31384
24947
6926
32166
23001
25277
13129
29931
30561
13914
4368
14849
21542
17979
28701
27905
21992
20206
4446
10107
23305
29724
3421
21784
16542
32343
11008
32638
3782
9746
3698
4468
16187
4081
21601
21831
21030
24132
28010
12908
9528
31694
19921
28262
16630
970
17782
29931
4180
27440
5124
27458
13958
20276
3436
4847
30483
3343
25234
16274
25643
1795
25157
25613
18234
15001
18037
31461
30653
3118
24992
19947
5205
27565
16526
24859
21017
13982
5182
1220
22065
31584
30752
21225
19873
434
26757
7143
14178
15481
32083
1625
5303
2237
15613
26169
29630
24052
7090
3912
2117
21379
31445
9903
18144
8066
15534
14310
13880
29375
16479
4309
27302
22022
23065
10553
24577
27808
7055
6474
9652
16410
171
25499
4371
31048
21632
5697
27119
10888
25217
1847
17767
3915
18416
12289
770
25810
31129
27792
8187
16438
20927
8550
21724
1451
14935
3322
12622
25861
18292
18526
10800
32636
22019
15135
19942
6828
696
1645
4852
1248
3400
11131
29899
3727
31705
28969
21218
15655
4790
19681
17929
6922
29768
21182
24571
18646
32066
28916
2354
13290
12571
31340
28927
5670
19137
17582
17369
8945
17804
23812
7158
1409
29296
6364
24600
5207
28024
1391
1194
24072
1903
31392
25355
29507
30688
21799
6954
4624
27458
7150
13139
5718
16748
5307
27208
21408
4175
3088
28564
15392
16099
21584
30236
30965
19554
16418
21751
22441
6069
7194
10879
12542
15147
27543
13736
11498
20593
27879
22929
2016
12479
10418
32601
15697
1359
4245
18996
15219
15379
28941
20926
1089
13479
14999
22159
24515
14725
26133
9487
911
6520
30836
6795
21392
30035
27020
137
8198
5602
29255
12889
1230
24097
1542
16621
19940
11692
31552
2283
1318
18295
10092
28415
3418
4287
29218
13942
28275
15424
9085
9737
14096
13737
29123
28406
5958
24909
4680
2646
6303
1051
20879
170
5986
26576
30387
20407
24853
3947
30213
25236
7233
4065
14071
20481
23925
24851
28985
21242
3469
15101
25889
12684
1332
21296
29520
1512
424
3714
22419
7606
22206
31492
2823
25515
549
9780
4481
1886
1006
9076
13868
22359
8268
22203
31604
361
28313
22411
16931
11587
22938
35
27594
9537
29956
31989
31843
392
19519
28762
32564
2385
3689
32389
13047
16005
15262
21941
16695
18315
14199
1711
1277
11101
25808
16748
9388
5090
11983
18959
810
2680
8994
14874
19520
25295
391
25056
8260
18430
25746
24126
8949
8144
26539
13958
29094
14431
28246
5820
17567
29669
28855
31237
16320
26318
29013
22876
13927
7186
30
12935
26260
29633
28331
31561
28491
20448
6598
21722
1594
883
27689
5012
12444
14299
32393
28399
861
15458
30931
28079
11903
29717
6326
25180
22460
21970
353
3059
2157
12961
14478
11995
12970
13895
29887
14874
4531
22041
8391
19657
27022
8719
14477
12229
27122
11289
25357
6056
14436
31158
28063
17144
26016
13250
3196
18590
21050
2191
1150
10905
18053
29752
8743
243
16820
25394
8677
20724
17471
25380
28052
25751
6537
22009
21317
13882
25791
23347
6462
17561
29955
25474
4930
25341
9418
8853
7442
22961
18562
21296
7731
27318
28793
383
31474
3767
506
20394
5798
32319
27577
26793
19253
23338
31088
5466
31193
3674
2763
10192
6436
11691
12674
12526
25666
32296
31428
13365
3967
26239
26588
19931
9736
26034
23055
32541
29942
25104
30147
5334
10120
25700
16615
23631
30896
4972
142
6745
7634
908
6621
30873
20168
11972
31272
23844
3881
10464
19032
24652
7371
25582
29072
21689
10118
6389
11024
5563
13883
10468
13145
4062
23829
2505
20625
14271
10511
5187
14890
25375
25783
17722
9151
14390
6705
18381
28478
10057
30334
23436
19020
8831
29183
27368
15077
2033
25140
26087
24387
29184
22730
13597
25858
25067
29653
22743
31617
30881
858
2201
17803
12755
10256
26315
3639
21838
20327
7343
17676
4744
12490
29334
1385
31352
12321
14420
11556
19371
18843
4593
18034
17557
27306
31905
18695
28709
23631
8182
30334
8348
8855
16213
22010
3230
30054
24487
4878
17033
13939
30032
17370
26119
2196
11877
23159
27615
27708
11545
17814
18449
1345
18041
1123
16929
28131
6490
12720
25523
15115
4495
19023
13656
5584
11103
12991
15784
3647
2870
16396
30353
2908
15770
18416
11502
31844
13153
31806
32347
12117
20001
5504
26952
28848
4329
4319
9037
22654
18734
1348
10685
26769
17416
21437
16510
24588
25503
14114
21272
26662
10463
30456
27659
32298
1396
16789
13926
16066
2546
29061
15765
30326
17491
16941
24443
7024
25255
14254
9409
5250
28167
15885
29549
29034
12747
17296
20406
30804
8957
21099
7958
11424
23565
28059
8610
13030
197
13587
5527
13879
7808
5398
14645
12966
23703
1252
7888
18695
4381
6296
1828
32759
3532
27217
13801
5661
14654
7824
29863
18863
18529
2017
14284
14647
11301
11710
6652
16791
1911
15024
8616
32074
16755
5559
1250
18670
2005
10988
24431
28927
21937
10085
3870
27878
21093
11353
10841
19250
7371
15748
17658
13093
22195
28365
30560
8050
1168
5415
23489
13893
5489
32437
30145
25220
10035
30257
14404
4692
23285
5518
7553
16096
19917
11228
1369
8534
2489
14957
19942
14641
729
19766
23126
1982
29915
12919
31738
9433
13494
21919
29082
4344
19099
16746
28940
26732
26664
3404
28420
23523
3808
14866
6446
4656
31448
16839
13946
22351
9650
24276
25016
15523
30159
20076
21092
3715
28097
4647
10179
17141
28671
29933
27183
17849
27357
22294
13998
17802
187
1487
18634
26272
124
8640
22173
32377
16954
22764
29484
15577
15415
30680
27382
26128
25623
5615
20172
635
12365
24869
8418
10061
19924
19675
22567
15503
24095
10242
11730
25702
20818
24196
26941
26517
12466
27103
7671
19266
27994
13587
4117
29693
1841
30655
13000
31230
8216
19591
30005
4782
20328
1720
20864
13162
18843
2863
21034
20867
12361
12407
414
25481
7767
27185
30726
1993
17515
17337
31587
29716
10658
28166
26077
4802
25734
25810
18007
28919
24634
28411
28487
25125
504
32298
26565
31954
17086
12722
29410
21660
4419
187
8506
5498
4144
20383
8397
25668
1165
29844
16138
10358
2169
28556
20781
9009
22047
22873
30411
30594
16101
19989
27307
2023
8934
22209
21976
19727
31907
5676
22772
2530
21749
15638
16335
193
13127
2454
4921
3599
24065
21945
32020
19440
32583
31084
12973
9040
484
924
22860
28200
14977
3739
6409
3836
12571
13254
20962
8617
7860
25189
9995
10589
29512
7634
21637
24551
30722
26334
754
2609
25008
21616
3496
30218
26485
8047
28420
1321
12733
9698
18176
26991
13686
10582
12296
30317
20350
19584
22026
11302
13399
5156
973
24342
2082
28470
6787
8563
13003
2622
10145
20914
17537
29185
3310
29261
32361
18781
28378
11972
21395
5749
23826
12770
30253
27406
26961
12609
17654
27705
8313
21008
11510
32051
6626
19220
21357
4489
4338
26605
7177
27263
15598
20891
24411
17331
23311
16448
25996
13054
7897
31271
31052
16283
31912
17414
9996
29835
652
9856
31853
29239
13142
11502
23544
17240
6131
351
14607
30996
31481
2525
20515
21097
640
27379
12072
29391
7219
4972
8774
27673
28583
13660
22738
8093
19179
20581
22140
14996
15712
12595
1226
20932
21706
2633
30917
24668
12456
2560
16626
11807
24513
4556
20355
24772
15360
29378
21711
15517
14465
21335
7680
22648
21996
8811
19467
18627
12546
15238
30438
1523
24437
8289
4341
4646
3837
27560
7877
8710
6824
24830
5884
19697
2674
15938
32400
2136
12565
12816
5432
29285
23586
7051
9760
12257
19025
30554
20705
24916
23573
7665
24240
29550
12916
14098
30677
20133
12310
1683
19808
10784
4252
30305
2839
1492
2611
453
9650
4077
11624
26086
22859
31087
30526
15248
27664
32285
18813
24115
2363
9114
15694
17455
18500
29646
1029
11342
13396
13963
19006
17554
26622
28272
20779
11826
4394
7438
12844
735
29009
4682
160
16203
11760
19202
15868
14060
1334
8948
21530
29950
15104
24027
2515
11975
21000
19418
9679
11038
25945
3358
13212
17198
13831
14528
7934
24696
16668
27368
6534
7191
29141
32312
32358
25416
17423
29800
10372
17705
27388
21037
28365
19905
20506
29280
15052
4673
32358
5212
28027
21129
19917
10664
1625
21486
25315
9942
16572
22843
22231
23466
7017
23541
7079
5759
32354
27364
28816
5863
29439
20942
31433
5010
8768
28294
22128
22385
3426
22310
13253
14874
13488
13720
21654
30575
8348
31835
32250
10874
270
22659
12866
28572
22268
1282
18221
29159
23611
25383
11355
26568
7573
31844
30212
17129
31515
20820
32746
5973
700
6652
15500
32222
22807
23378
1181
30140
9358
30203
31412
2422
11932
4697
22341
15110
12136
3525
12496
31544
30618
19737
5208
12371
27757
6258
535
4091
2565
25652
8816
20566
24580
11086
18213
29806
15448
16063
3274
14294
30806
11865
12410
23953
7181
11972
28104
26159
19412
8391
30968
28985
13350
7619
26992
19919
26544
11648
10345
32400
25511
2348
14314
13498
11871
4001
26103
1682
17434
20199
16390
25863
17950
18170
23218
5266
8202
18893
16819
11616
5993
7310
9230
26291
31112
15916
4233
12678
23429
30487
22114
26224
8361
5703
24128
2762
15095
32639
3946
28948
23045
28371
5431
14485
31755
5480
6342
28738
5434
29563
17134
24801
16719
5028
6776
17006
13159
2908
4748
24766
22549
25790
23914
29538
23986
21898
22363
11470
5876
26479
7654
17595
27586
30090
10054
457
19527
9002
28188
1641
23110
12246
1378
25850
15533
19601
10400
16178
20844
22108
7266
29888
12679
6653
29417
9519
15210
1279
2337
2318
6014
26618
20435
26190
27385
11796
13596
9195
11514
11720
16926
16591
20949
30438
16629
12787
16555
16859
32492
27591
18239
25651
32497
6868
4
28252
12359
20383
24187
22189
32123
8657
21947
21926
18329
3734
19793
22394
8607
5699
22603
9930
24626
23867
25232
13492
20880
21523
18547
8716
12742
10996
3207
28137
12067
5185
8116
28004
4844
6778
28554
28828
25169
3425
11990
14590
2976
19035
3187
9411
29625
25624
19555
13241
30658
28022
30494
18759
14108
27555
4906
20395
14741
13186
7404
8327
17887
13905
12478
22172
31809
392
6978
27861
2444
30212
17397
20103
1617
31332
9735
15607
22097
11444
19306
11805
7221
22345
32297
2215
5503
11499
9211
24897
29377
4154
30744
7444
12
27210
5963
7564
12716
21649
4680
22879
26898
6659
31297
1739
1554
21371
7092
15135
6223
9053
23431
9084
17651
21625
27222
15069
13475
24627
16908
8533
7602
8161
8624
30872
16020
11637
31618
27069
23702
14172
2375
14402
6861
19366
31457
1617
15692
24166
29474
11841
11418
3932
18146
21856
19812
29393
12879
7152
110
25027
30853
3695
24271
5442
8543
15388
1630
4378
18828
5814
2664
8626
14565
32647
23716
28980
13053
9633
17000
30702
13818
6504
10780
19449
7076
14672
29936
5144
20668
23528
2250
8674
5775
23320
16002
30500
715
25766
82
14977
12688
13311
11400
24411
24010
6453
4222
1271
21439
28996
4044
20699
29156
29593
19388
18555
11253
30933
24319
28181
17476
7886
414
9434
12114
28118
10547
8270
21916
25409
31064
25329
10167
1313
6240
4127
14495
25428
15429
5429
21069
10689
994
28149
14471
10206
28770
2092
3580
29046
4857
2705
3984
31913
17106
753
6645
24884
28488
16265
11643
7410
25176
22452
25641
419
1878
10182
3596
12269
2528
17463
26575
17312
24849
10244
8076
5438
6902
8786
7138
13499
31814
18260
14664
385
18509
26736
29088
951
17706
22429
8720
27331
20538
31248
25357
21773
5844
28183
9912
17670
18231
18501
4462
26474
19904
11215
16538
3778
29281
16950
29646
2092
27214
22054
19475
11614
12793
5535
5501
22505
17217
16210
20226
6587
31718
16206
25739
24296
18497
32475
20300
23722
26162
27558
4177
29094
21593
31263
14682
23408
16777
10016
30697
25938
4217
15567
22169
29769
17341
24261
10417
5201
26101
8560
21497
27362
16965
12469
27853
12987
261
18906
22639
9438
31929
3236
27042
29404
25411
26556
11124
13906
30551
9303
20059
31156
1584
21782
27523
15945
25985
11307
4711
9079
3503
31934
21663
4929
9277
27535
17400
6158
2696
4828
5834
16300
17588
7557
26246
12180
19686
7534
15503
20080
9907
8485
24907
9946
18137
19653
8569
26471
9005
31258
32197
9188
32469
9221
30873
15327
18103
8482
30263
2666
4657
29097
25349
17179
7179
9362
5159
8279
18346
6141
5715
18128
1670
6352
24289
589
12766
9634
4898
16298
11434
22744
23027
26655
25041
15885
27538
453
29340
5816
21424
14677
10602
21000
6599
14643
1190
15379
17325
29100
28151
10288
26218
13948
29110
6817
14663
21908
2725
13686
24359
2842
21982
27821
23066
30384
17161
17822
23856
30201
5330
9623
28811
2137
17819
29635
7096
8189
9325
4688
2624
1052
15925
29392
24185
10364
26413
18912
9890
7735
30872
9736
10287
447
5810
28131
30050
2592
4839
2432
283
7557
15939
15111
9457
3838
16426
27296
19841
27008
17737
27024
16646
27694
6860
28837
13355
7126
2513
24021
8477
3519
1821
29986
5347
20386
2830
10433
26354
4342
9681
11386
3836
29040
9173
22610
3338
6347
22144
7784
6090
31685
21792
6173
1322
29290
18980
28279
8485
916
8332
8648
26333
2483
9630
29834
20459
5322
29403
32142
11763
11706
13361
9558
17019
24259
7794
4799
2301
9544
10757
19170
26426
12498
26076
2109
14290
4952
30373
3342
25362
18110
5701
29952
31245
11163
10114
18953
2030
25919
12799
24723
3468
14069
23150
16090
23359
18053
11009
5013
15603
26621
16417
32728
11386
22193
11619
14393
32295
32641
11960
16690
15256
16474
31204
19142
8403
16640
17457
28519
28565
18698
20580
23064
3302
14126
6384
6095
7409
32190
27242
6173
4371
18547
573
8464
23602
12138
1439
14937
16720
7020
25795
21418
28767
16242
32336
10850
25943
19304
5907
12908
15751
15410
31216
1636
30504
27885
21535
8956
20280
19831
8597
29087
12678
25137
15807
26196
28425
28931
27766
13540
11893
32673
28464
24895
19216
1805
31347
12060
5570
94
8080
13536
11372
11967
32397
5569
23419
19130
21603
10027
15805
29367
14698
1378
3699
1215
9233
23402
24999
17798
978
25124
14016
30889
2149
23225
6483
20020
26932
2107
17468
18791
16656
27786
31470
1210
21026
19573
3335
30494
17956
16162
14376
7814
16081
19632
23555
13222
19097
24602
13493
19194
4506
4191
3927
1803
20172
1248
11471
16366
27003
30985
18156
17421
17147
9011
27571
5674
3223
713
8947
19616
14794
22954
4640
30188
25266
21711
4701
9837
10945
10286
27867
4968
32694
8670
12642
24399
17611
30843
23341
31555
15920
22732
14331
16855
20665
30371
17763
12055
27092
9477
30824
22985
9149
14731
9037
4594
31221
16136
28075
18588
8688
15212
4800
9431
23565
3305
23050
27134
20684
8788
32276
4923
20028
4813
30097
18509
31154
22690
21159
3977
18880
13169
11405
24863
23653
30093
18264
32671
32130
16547
28178
14780
29069
30110
13069
31055
22665
23495
2678
17311
15670
17201
29485
3807
9349
9812
8660
4344
12622
3832
25127
27529
12357
16981
8843
22828
8235
30840
24041
16380
2625
8936
22460
19796
16130
1674
24169
32473
19217
11458
2000
15546
14449
28635
7200
26934
28660
9897
8943
2399
20214
13164
18058
27422
17738
31224
393
27768
3957
275
19111
18447
24858
17183
13009
2796
5046
29177
10621
6011
11662
12832
23357
22999
21733
4378
24212
4424
881
15123
8968
21259
3600
13256
22136
10833
21688
5795
13488
31113
11948
8743
30011
226
26358
4751
19320
11788
23825
4018
11505
6463
7654
12842
20967
21375
2298
25525
9266
27166
21989
7899
4168
17282
3590
20946
27803
14633
20085
26782
27432
4841
26169
17020
18764
18301
9403
5761
12762
9789
27771
2943
1388
20013
24066
1832
31990
5689
12056
30838
23201
19135
566
8522
7382
25678
21054
9043
26520
7086
18026
21553
6168
32544
642
7386
13955
27878
18259
26685
14879
5894
30556
25894
21398
29772
21450
8034
12690
17038
1447
13347
29577
32307
18254
9638
16091
29430
16930
4626
10778
18920
29823
20900
29352
14516
13297
16393
12424
13863
8100
13579
31854
22512
5916
28784
15384
15780
2342
32031
2273
11525
12047
20357
25748
17283
2067
9015
12414
24835
10520
23513
6855
12256
13469
27966
30210
28207
3821
3792
12034
23624
8856
15923
21743
29826
18723
21797
26522
20541
11263
13993
24590
24102
12728
22372
10088
19894
19311
9543
28648
21500
13962
4718
9287
11677
1706
18248
24907
537
3037
16377
11674
3151
26902
22780
25548
11332
28378
3853
707
17952
3643
30278
22591
4729
30730
11400
14765
17364
15433
19228
16192
9577
32223
7066
13635
5927
3727
5130
14254
2808
1835
24138
11255
26438
12293
28336
3370
29374
19879
28143
15932
11604
9668
31295
22173
14983
20590
952
7436
16614
10632
18431
9391
25299
30335
12581
16483
13447
5173
7116
16465
21334
16702
18572
11714
564
22607
31893
31028
28537
3827
5525
20140
2017
3200
5340
1103
31447
27978
26046
22316
21491
1558
25400
27229
19905
31698
24791
15438
16836
899
15062
1628
22970
24190
12678
15010
26146
26331
5107
5135
32252
16423
32197
27836
19408
89
11364
20093
11249
25863
12128
29111
3
26842
30735
7793
23483
19776
3192
9133
28390
27744
24943
22776
20653
26451
8194
24128
4119
1169
23060
3558
11727
21161
29256
21780
25384
25398
15137
26193
23134
12814
4455
31314
15391
3260
30156
4883
13897
3633
27087
29991
24566
694
5089
19277
7862
18469
28358
10307
28955
32345
2111
23263
17019
7139
4838
18523
11249
15102
20313
16625
18085
12998
4250
679
29517
20644
24502
24173
15092
17933
677
13157
11514
7788
27250
13442
24157
20828
19612
11348
28214
17691
27579
13090
13191
21819
21350
2874
30771
12699
2901
6021
25934
10646
1475
8286
1175
14202
19734
23204
31555
24636
13506
25870
25085
15210
4459
12223
24106
14176
15434
539
24689
28095
26065
4824
11387
7195
31634
26200
3575
5364
9565
26422
24290
15592
7592
27935
17157
26662
26932
9699
15551
11302
12782
5323
32516
31128
18708
7214
8358
4762
5272
17727
5331
12589
27593
14889
3296
29162
10032
9822
10052
22257
26552
28971
4072
30499
22803
1681
30110
11665
29528
8784
30958
23859
32753
20804
30745
7390
26036
7412
23640
24432
80
5481
19557
27726
1771
11580
26684
15376
17929
7155
29219
3450
12464
14990
2280
18094
3274
3676
22378
30369
16074
30227
23898
2764
30866
11552
13635
3364
20372
6460
31688
32331
32312
5696
15406
8200
21630
13370
1562
17397
7141
7104
4251
29303
29323
3204
3690
32243
24981
10793
6001
22079
13009
2901
19339
12375
18842
16136
4747
22098
765
15404
7551
13204
24858
28525
3382
28996
1484
23370
25087
14081
16524
32364
6324
25552
13202
29751
6391
21337
21566
928
22716
852
19127
4158
22792
11582
29906
8611
24567
10320
4149
29932
5124
10161
20412
19607
23685
10475
24603
29333
11125
9884
8133
8352
5238
25454
3597
17103
21782
24904
13707
18536
12882
22726
5570
30453
20313
17639
20479
29594
24978
22278
7044
30373
26079
26380
17638
23911
15140
13283
15540
3651
17923
2094
31065
25348
490
5943
12356
3443
9040
9768
10822
10794
12091
21887
14139
30115
11270
7868
1260
22420
20321
23132
23860
14463
19865
25099
3938
21892
11802
8982
2271
1659
18738
13599
24849
10815
21271
18708
23678
11596
6188
1122
11061
24205
20096
7269
26218
1647
8343
17955
4448
29754
21870
20027
8588
30113
14777
27928
20983
27800
11887
11114
17892
30565
136
27351
16051
24314
28166
26349
26885
16258
31794
16988
1313
7994
808
29794
28310
26498
4757
10886
18210
29748
5056
29321
18643
11572
19655
16538
876
24136
10539
9673
2314
16682
27535
19134
19975
28124
11453
683
16415
9532
19434
2687
22737
10712
13371
18525
12040
6915
7048
8012
19451
1577
7775
11056
18258
8799
23884
30969
28298
27198
32599
3866
31642
2034
15823
23100
7895
18318
23878
21044
24597
930
14301
27443
6927
16400
15554
10045
6921
26395
2294
23517
6579
23745
32084
22
9553
23627
30159
5788
12825
21538
1531
2117
23260
13284
24271
698
5353
24759
16809
12146
23343
17374
9362
22241
5281
10122
27587
17388
14815
22002
23657
31649
32274
11941
11430
7461
32535
9759
21720
32237
16609
25499
1565
22065
30744
28969
27159
4510
26630
12800
4076
6220
22452
4885
10897
9199
25168
10733
1097
30033
9938
13743
19304
32256
6880
13949
7261
21059
1262
3844
27887
30547
25001
25682
15559
25032
14486
12264
12079
14418
9206
14353
29209
11945
4078
25202
5731
3271
29924
5345
15705
13908
4396
6267
16252
18018
26084
13040
12418
4954
31516
27170
25757
12086
12091
9711
23296
14321
5533
9290
12704
3132
10369
29585
1591
14451
21027
26394
26767
12239
4389
14864
16893
9693
15411
21629
22059
7215
10471
26279
16667
30801
14826
20128
5737
13822
6237
31769
1489
2452
7287
18039
10480
1734
10607
26921
24143
8081
156
6712
21917
3953
20443
28447
12604
1748
32561
990
24832
10959
433
6218
6707
15632
11680
6055
4316
20
24536
15992
22080
11162
28266
21142
170
1367
11911
8576
104
29163
4513
14578
17942
4628
7629
3513
7711
16417
17772
1221
25984
426
25098
4736
31695
16767
22150
25694
5756
26078
7283
18613
22872
5865
16575
18640
22611
18774
5010
10559
26250
24937
3961
17520
22145
543
15300
29572
4012
23725
3629
31067
7477
5160
4026
9201
6649
2438
18660
6126
7636
9157
14584
31352
4126
26730
23742
27980
885
30765
2137
4365
32445
17395
6254
475
22374
3580
16008
552
237
2910
27835
18375
30118
14770
9352
8006
7352
15629
11521
22910
20841
23090
29741
14184
28572
24837
8110
18483
2455
6979
4257
28051
11018
4977
24262
31323
19789
18450
3809
8014
24810
7965
2144
6706
4187
11694
3645
23335
8213
10236
16166
5175
4037
3467
24796
26414
24793
26019
31449
9644
9794
8192
1077
22392
16760
28107
10442
31511
28863
9929
27031
13470
4778
3795
7266
24260
17117
3974
3745
12859
13334
14907
20379
30529
27503
9785
26059
30066
16605
32554
29573
5600
18685
22476
3804
27493
3088
5353
20674
5432
11843
1161
24433
12223
27957
30054
30730
18340
5811
25248
15228
811
23750
1970
17064
30147
10991
28837
15811
20955
24753
23172
8955
27894
5456
30735
12381
18946
18649
28339
17654
7653
9826
8122
21816
602
15251
4544
32416
19195
18789
3686
32406
12446
4650
18506
4245
18149
18638
7478
30603
28689
1372
18583
13955
17175
25283
6705
15489
6134
10715
1298
1965
11847
11683
6852
948
8726
15565
18119
10092
8944
19580
24126
5559
8509
16460
22505
17833
26065
29587
16467
30189
18365
26598
15949
28516
29803
15583
15258
23312
32234
21790
1516
12081
9094
19598
31760
30637
2204
9193
7013
32181
19884
17791
402
4774
16304
18227
13944
557
4524
3526
21094
28591
21639
13656
21644
8936
8473
25387
15795
2002
10373
25771
17195
26056
7881
16299
11780
4587
13203
6130
14977
8389
3415
3574
3017
23340
31390
31463
2016
31337
19873
11759
12246
28570
5654
3769
18494
14933
11594
18736
26082
4750
18544
26249
12981
27067
1336
30595
32521
1845
9380
13293
29442
17378
26648
13161
29771
10513
17584
9073
5127
30373
24789
7831
6411
21622
4115
2321
31306
13044
16677
5748
23952
7950
4690
23744
28276
3410
32765
6301
8584
24661
24951
1764
14290
11861
10263
30561
5760
2589
5261
31960
18135
21289
22131
24133
12909
20747
18981
11624
28568
7693
18643
9857
12838
9496
16084
15705
13390
14036
31805
31617
11239
31249
29619
5086
8152
15206
23421
20326
12752
24599
25821
14116
12343
60
32161
8066
1124
27680
20469
30919
20752
8424
29819
2271
21770
28789
2718
29275
26157
24715
11043
11448
6288
1330
26880
20964
26108
23132
21618
25854
27043
24777
13386
30301
1038
552
27015
18645
31576
127
12586
23605
27546
29900
14406
276
7078
8429
13911
22990
2552
6333
468
27849
17897
1664
21256
11261
26918
3713
10525
5555
17761
5625
1402
21132
6726
28979
29007
29894
26545
15598
365
15547
12318
26371
19548
1706
16225
10823
1703
17850
18839
435
14715
12348
30300
22210
18288
305
11326
28443
13223
29452
12402
23920
24341
22457
28358
31142
12318
29149
32215
9270
22630
29536
13188
22739
11492
17705
23970
21581
17464
31784
29425
20917
20286
8090
20559
8898
24547
9352
22060
10099
4663
17041
31294
26870
19396
1514
8566
23497
1311
17059
22066
3359
20924
19756
11956
16261
6662
7191
30675
15045
15279
14111
30704
21258
1093
5994
24108
27462
14855
23819
12760
30417
9974
32203
22062
15955
23087
20777
30270
27619
4983
7583
27946
8816
3352
2855
32406
9312
6124
7934
29531
19832
15799
9384
28283
25596
23993
10292
3674
1303
30596
26049
11819
12412
6156
21057
23464
14158
7421
8573
21766
4670
16977
27994
9000
25331
11809
25178
9235
9390
28347
5477
6562
20526
7926
26314
4218
30417
9410
5761
13121
6397
15875
28083
24075
15294
20384
8571
1557
432
10966
21231
18870
19232
15571
20570
15506
8558
23680
31692
17425
29109
10910
31445
6160
23214
14356
5005
15318
4562
26247
23255
841
9151
14124
6119
30817
5085
31706
258
13534
8001
7780
13701
1078
9938
29221
6441
25042
1194
17372
29829
10105
20671
7099
32469
13
22722
26042
13561
29301
20295
29745
8641
6362
30247
4262
31591
22550
18466
3811
14941
11113
26057
5708
3401
22638
18844
5488
20047
8014
1903
5086
23950
15156
6930
22074
1261
18177
2608
2192
18711
23104
23928
25319
19396
29276
13563
31770
9019
31760
31701
16099
19220
4384
32528
13625
4675
15943
27589
7644
10834
25968
30852
46
15342
4137
15862
12868
9381
18004
705
1341
16878
15647
32428
3026
28010
29239
22788
12079
3689
1849
26174
1537
25776
29034
26845
8657
28794
20903
22935
18064
7100
2207
31411
16499
2221
23359
15029
19457
10630
15214
10813
17514
1414
2299
2349
3098
20282
24275
12042
25486
12283
16504
21157
8806
27832
15278
29946
1724
18422
21112
29528
3765
17684
16706
1218
4181
12500
30048
9878
920
4887
18359
15468
12990
28136
20410
26433
17638
28092
25241
22485
22238
28408
4788
8273
5690
31924
17238
18733
4771
11455
9376
11601
14706
31971
11203
24954
12158
5482
23411
10976
32049
5344
28824
18710
16610
18715
18246
5937
23390
31097
3055
18476
19144
9833
3287
17035
10148
25133
16329
24383
30766
9950
20489
4042
19952
19888
18569
12195
24979
2935
11871
1244
8438
5738
8055
13314
25469
22823
18821
11077
14508
22264
19774
18648
1268
9557
25032
16539
24780
7850
19567
1272
28164
12890
153
14090
5974
30211
31740
25093
28223
23556
13070
1490
6925
13116
8637
13561
4920
21525
21601
18884
2549
7873
31983
30370
20233
11972
26735
13769
4059
26547
26800
23583
11982
16187
1594
21339
9421
26724
3716
16231
8488
17431
21095
4873
23454
15071
10451
22467
19643
25580
2497
11512
16484
7517
21864
16975
30384
31167
7092
20829
18169
9936
30708
23166
31027
12681
21715
10499
18813
19292
11401
25235
18934
29883
6482
9675
5842
12505
18975
31784
4269
9908
12172
8999
4382
21331
29971
28842
19856
12620
6783
22174
23629
31114
16803
18907
4060
24909
1099
4171
7309
31090
26227
14927
15442
4853
14519
19294
17616
19636
32523
22000
25526
11894
12204
3738
30030
29995
24151
6778
10578
29814
10168
7381
27136
12648
28965
18431
14704
6799
20620
30075
31014
303
12458
2404
20452
14287
1406
9483
8641
31223
9470
27874
20095
313
6152
26009
10778
27502
30619
11398
25501
22082
10823
3914
20025
21491
5602
18098
16536
7509
6525
22747
32367
9498
25494
26266
24659
28752
30864
26650
11725
22571
32096
7367
23984
6405
6792
12907
12458
21155
2889
26519
23066
23994
11540
11589
11041
6833
9027
3003
29692
7593
25350
20147
3985
23483
15264
15544
19783
15744
11987
24019
11547
15063
11672
5479
8689
25570
3348
4954
20007
31570
18376
24693
28272
1509
24328
2574
26336
29484
28846
12516
9795
17298
21775
32586
21427
20378
22830
19080
31338
5224
26928
25470
10196
10627
16144
23178
12264
17369
27028
15020
3001
27140
16256
32744
1608
15819
4873
19692
11165
32492
14732
9203
11798
11033
15232
9961
13822
24384
16554
8912
20321
24079
3215
27234
27167
24504
7983
17400
8256
3825
19952
28330
13959
22335
26841
696
2890
26741
16384
12585
26497
4983
7494
9905
26140
25668
1601
5592
26010
7476
23162
11353
14295
30590
8665
30664
1061
19708
8029
32120
3999
3891
31760
2460
24506
12174
7739
31148
27421
23786
214
1547
19635
14935
8002
20198
11518
29469
18747
12383
21934
20478
29448
8683
9074
12731
22004
9464
18958
5338
29954
1748
7854
677
23005
31178
23673
4982
7694
18830
5994
26162
5233
11995
20827
12564
9962
1626
25955
20396
15444
28358
15714
29223
15034
4686
1498
20944
31178
7994
21505
3799
14726
13266
29204
6993
28989
16763
17901
22401
2746
11044
1496
17238
23995
8928
12195
26932
32677
2772
30196
26104
15221
23892
6111
12854
17914
24649
22200
4292
578
10198
32294
18045
27218
11323
12921
32575
28697
30457
31038
1078
27303
11063
12304
10077
25499
28004
26033
2113
22746
28190
18777
5641
18055
7250
9293
29363
3375
17061
4532
7072
2115
5139
26790
31571
26828
27606
3207
18550
10330
17546
6035
22045
10301
10894
5049
14671
20728
11693
13741
26563
17907
5630
20025
13287
368
24584
26068
18982
27840
17450
13941
4971
18615
19771
30633
8417
31325
17005
12516
1278
4070
26743
1556
15807
4581
24051
12924
5173
29884
5892
9664
5440
15959
15421
30524
1947
13338
28862
9114
792
9495
17312
18596
3373
9349
20628
21334
24240
18541
21446
21560
14047
16551
13576
28139
24483
23045
20012
4609
18198
16846
28849
18
21058
7534
28323
15115
19756
19051
10940
26826
7185
23195
29647
20456
4591
8341
12135
26582
4167
24677
6059
12076
21537
30852
4228
15421
5202
5895
22530
15343
21754
20246
5628
21194
5200
8864
3831
5198
13474
21581
32329
1162
18327
5556
23423
22506
7864
26063
3835
25937
17710
13227
23010
32359
18125
6500
30005
8757
26706
17233
11325
15855
13545
22396
30253
28688
1267
29013
21251
428
25093
1447
28591
2562
27700
17098
21879
28754
9360
16667
10394
16366
16622
6057
14899
658
27883
10545
29025
5368
7213
15693
20389
10664
20972
14824
5259
28174
433
4341
17549
1486
27998
13920
5940
20572
9327
12869
4224
11463
2175
9057
18826
12245
31502
17862
11368
85
6273
20946
10065
19889
9322
18273
6913
5315
2826
31042
2143
9961
7189
27880
16734
10076
25268
25186
8481
29373
16080
6286
3938
9457
9102
8585
21268
12591
7958
23401
30791
16471
3993
24879
19789
18822
10642
2039
15131
6375
13132
15474
31985
14540
6564
21654
31550
28925
16912
10644
19902
20559
15840
3595
10469
29817
17092
29819
14976
1060
3215
23036
14746
3905
3130
18736
11676
18847
2092
2422
12473
21437
4536
20064
12681
1501
29672
31592
30708
29017
32633
20446
29010
3130
22566
3877
2000
15111
10026
31007
2326
11483
22272
9958
24615
15802
15469
8125
9864
21285
20672
14918
20644
26348
24921
7669
31087
13380
22632
30916
4426
15129
759
15656
29735
3494
30763
31812
10989
7234
1478
12381
23582
29565
17905
2959
12215
8299
16953
7870
10839
12096
18391
27855
17316
30749
20788
15895
15338
11818
10412
18451
29958
25829
10386
32090
21123
32698
15477
6609
25858
16339
1954
16158
25823
25649
21738
13663
16401
4092
13222
9243
16210
27415
26104
22392
1665
12536
1107
26031
29764
8631
31293
18622
9457
2404
16467
16477
7343
20894
30606
4146
23768
20833
18886
28232
26786
20256
13172
13758
31999
26900
6844
12732
32705
22483
22443
5291
27138
16164
4541
28582
12739
274
5794
15915
30419
18239
3649
23063
30451
13947
12286
27601
3383
149
23864
10949
16559
18545
17686
532
9799
3163
30084
28041
6636
2715
32120
8912
4848
21578
1146
23266
6064
612
31587
20420
5236
16670
19045
17009
6550
9593
8267
7445
17639
279
18178
1403
23118
10317
8537
29641
20402
24187
13829
8555
20506
23704
27624
25677
31251
9745
23443
19021
23891
8148
23049
2288
31643
7591
8389
5459
20706
22975
14079
30821
9903
2702
44
13140
14023
2780
5060
18501
24840
18457
16967
15176
30869
27378
27522
8075
27699
28194
2575
1230
19955
6027
6171
22806
32274
1925
12651
4774
32029
21110
5793
13867
10584
22691
30140
3383
27489
20549
7135
8432
5649
13792
29779
19722
32163
5840
30926
32498
2584
27172
30454
30028
18649
27568
20257
5024
16799
11614
4191
7760
4752
21189
5562
29390
6059
11005
2236
4107
8549
7345
27954
819
32404
6261
6704
3223
23949
1370
17493
4331
18569
23488
32080
10929
16718
25196
19619
28661
16395
16859
17831
16443
6531
25045
16081
11958
4205
17733
3635
23738
5659
22599
28486
22644
32347
25731
30182
21465
10907
8122
12958
18396
28752
2206
27686
22500
16024
1511
4650
2429
18205
31651
19789
9293
11837
19149
20590
20043
1641
28450
20266
14379
6859
12080
15778
28188
19756
4784
15742
8374
2836
4885
23602
31278
7731
14949
1663
21453
23551
9288
21821
24480
30879
5471
5977
6768
264
7382
15642
6644
16486
29757
2216
2886
5309
4499
10190
30100
30416
8100
6911
5400
14658
20630
3479
25162
17147
16062
868
6484
18637
20408
32613
21958
19031
19894
2001
5771
22058
11032
11099
15900
22827
9277
27573
25331
32057
13209
12627
1091
23311
3080
11377
30438
875
3426
18263
7830
9072
26448
3548
18273
18504
24158
11817
13143
1551
26449
30399
12422
1516
3258
30140
19240
16257
21195
7513
28698
24966
3434
4536
5008
11696
23684
989
12296
19416
17060
15866
12668
22617
2500
17647
8412
12730
27235
13073
9147
18829
10455
12330
9289
31894
7397
10946
13697
13872
22415
13981
1955
25325
23341
13445
229
30333
6591
10058
20069
2257
11650
23046
355
20095
32705
15269
3245
28777
20974
5029
13914
1690
23793
29723
20923
14960
31424
3319
21903
21504
3632
17544
8822
14006
7435
14659
3497
4412
20578
4288
999
17565
20260
14341
22707
18091
9968
30983
5564
926
14120
2414
24221
765
21063
30361
15558
21442
2420
4834
26554
953
22103
18467
23932
9769
5931
29561
24387
11702
4372
11847
9845
7558
27827
10366
26067
21923
24824
30748
27377
32416
56
499
29674
22656
23424
24492
3409
28883
28712
26379
3179
1058
5035
13941
31131
3725
20918
27311
32541
20403
28798
25064
12279
17874
3927
12282
15149
25647
4995
10221
24373
2233
22343
7868
12714
29929
20292
19292
3909
19948
6661
26619
18440
26628
11733
30854
23484
24876
6355
23149
23198
20219
1864
426
15958
970
1079
1792
20264
12057
10294
27520
26990
23855
10877
13650
14150
6657
2109
18866
12936
15189
13875
10297
763
5671
4220
27486
3272
9036
31915
12860
17198
22357
29209
22422
4984
12726
23676
6680
31788
18216
3259
6623
9350
19275
11265
20284
2084
23952
25873
24245
2819
7510
14297
28237
2474
18771
11081
24582
14757
28214
20837
5539
28213
26762
20889
8626
5446
15838
27981
2506
161
4387
12986
32274
20323
13909
20988
10754
2990
10590
18536
622
20638
27703
22047
13504
3199
4176
29155
7045
13117
28466
12074
23595
29979
22115
19057
4616
19880
10889
20435
10911
32496
17875
4058
22303
19695
5525
22165
14125
3403
15154
6379
8419
24386
13375
3118
10777
8160
19941
23540
22243
28278
26503
29218
4442
21833
18597
1353
20128
27271
3585
24886
1310
32127
29184
7620
22544
9232
29778
14325
7236
15458
9429
16705
6686
14037
5559
6446
12512
15415
14556
25889
16168
1082
11391
14964
29883
28709
15131
11976
29056
15817
4748
17053
21968
26295
30321
23072
10221
32688
29142
14403
13007
11357
19472
12307
16935
31552
17639
71
24478
15851
23547
3348
30045
12656
10080
27721
31187
2840
32140
30615
2226
15704
30323
22832
3387
2304
2032
18069
25020
11958
16743
23976
2135
21667
27305
22537
24836
29804
2583
2207
217
25956
5643
22389
3722
22272
21875
12232
18476
20363
13247
5214
5694
794
3070
19993
20457
5827
12099
26827
5255
9226
10830
29260
24163
4252
3688
12234
12991
3648
16783
15713
4892
22282
6611
19435
5045
31185
18432
28954
15181
19172
21885
15812
4138
19705
14708
3709
30306
9830
18739
19051
17237
30356
2003
1110
10875
8112
6423
12799
26464
22691
23446
28083
18668
6981
28189
30239
488
17101
9295
24678
25278
28301
11918
12401
24704
31964
31007
19335
3372
12883
1672
31005
25903
24892
18749
26095
5671
9543
16508
23887
8941
1919
23670
11453
2259
7805
28079
26041
18986
32475
9127
29141
520
4076
24250
11534
25928
6314
22853
31324
21713
6384
27658
1672
25884
17130
29142
11582
32496
10441
3681
13411
32112
29371
23669
20904
27992
12570
18258
11872
20868
7907
4946
23951
4274
26731
22985
30787
28808
19021
31791
21543
16857
7335
21121
2133
8740
7814
6372
13420
30301
5534
24716
15842
752
5695
2012
30620
17668
1924
32206
26556
28924
14286
21654
8123
14916
5488
26498
23223
18506
24492
6181
22030
31946
25567
26292
6187
28495
6904
27056
6560
16887
15150
26821
1141
13174
4595
7923
32192
4701
14883
26603
11638
30109
642
23740
30849
24134
6245
9134
8467
9877
19119
30574
16697
25134
30975
10604
21427
5030
808
9090
16131
23364
19682
11478
5828
777
10687
30209
1853
3053
17760
12401
7990
8300
23528
13579
27658
4161
22193
32277
7166
14706
8510
30804
6865
652
19057
28529
23701
18992
17918
6562
19133
28622
25120
1670
1910
22961
17803
30032
31547
7228
2465
22055
24739
9843
17640
31437
17022
6077
6588
14975
8225
8935
7489
3357
11262
8813
10908
24971
22648
16885
30307
13143
9973
24861
30289
9116
27956
4982
28991
6438
1249
25040
19279
11222
6502
12473
25195
24392
2053
28736
3822
28852
1571
30975
7328
15378
487
14936
20456
31874
28932
7678
19261
27626
467
17591
26846
1505
25253
97
23747
29132
4951
12083
13011
22598
29991
23622
32087
10182
3269
18772
18351
3195
10926
17855
8515
8059
28085
30421
21693
4381
21474
30034
8054
21155
19840
25638
32045
797
1650
25721
23551
9098
22982
2797
19603
22079
9101
14883
662
11661
25833
1664
14695
19870
28263
1841
20755
26016
1167
14444
14211
17445
12986
21241
29172
2762
16420
15602
23208
17687
31554
30663
26331
26279
20310
12164
2297
29833
22592
20311
782
24037
26775
16205
15742
18403
13816
12124
30198
20680
8094
5030
23202
3683
17203
13820
26017
19367
21478
161
3254
18841
26558
26193
6464
1901
12078
2946
15468
21995
19177
5354
13225
14872
13303
16193
4444
25363
27145
9288
32213
14141
23562
20746
1154
15516
16118
4450
16739
24706
18159
5309
702
25193
30350
20513
13076
26146
30839
16751
8019
28975
14128
30693
27981
22381
10035
1510
22121
23286
30529
16382
31385
837
6906
27937
24460
28571
25515
19507
28708
10402
7015
4814
4138
13648
22105
18751
6209
30479
28248
10193
19992
4379
23740
22863
11492
24363
26224
18116
4622
16211
20041
20613
8744
13097
406
6257
31270
7207
29433
16760
203
5968
6005
18522
27745
15382
14791
22961
20653
17020
6138
18738
18722
21624
32566
3632
4949
3739
23001
26977
11697
29683
25544
6117
20076
22833
30984
14212
18105
2823
12936
16440
9792
13268
17729
14059
13003
17539
22401
32129
2114
25776
16516
25625
29913
11789
26181
24464
25992
14085
11667
2375
30396
12447
12391
19495
32076
7076
11893
25314
7086
22788
27649
2939
14187
6518
29428
5128
25296
28767
27183
9399
3814
3573
30495
27407
6565
25764
23954
2680
3173
15793
20937
30206
7829
285
12494
5970
20655
13516
4872
26385
13163
30438
27916
23113
12084
30590
12982
18746
24536
13681
12409
13145
22659
657
3827
1179
25582
4867
13508
16367
5332
7142
31393
13068
15014
17717
26020
5998
3711
29423
23526
17563
11354
10613
1872
22443
11395
4403
23214
29703
29003
23938
27909
369
32000
6861
7975
2885
25628
10227
16260
9470
12221
24301
8259
30715
17493
12465
21394
24196
8355
14422
570
12296
2274
2424
4214
8872
29248
15838
1285
26106
17041
1626
26238
23302
14405
17137
740
3477
3735
26172
21882
21164
12808
10254
32472
12371
6412
19288
831
29338
5379
31561
17194
4574
12138
953
25125
20041
26451
26823
4066
9368
25362
8641
26506
33
27194
31557
22865
19988
15304
25766
21069
22017
5277
11409
5768
31642
31282
28913
340
19899
7559
17935
8158
1703
27228
22782
23046
24981
5796
4406
7534
26987
17975
30079
16081
9417
5831
22545
1431
17225
10261
3577
5542
12293
29796
13758
11130
11610
3374
20805
24184
24044
4119
14066
23935
24298
26655
7696
22977
22420
12059
19059
5073
8698
17254
7003
16124
28934
26068
412
11997
6076
29671
8444
812
21953
4678
8413
17879
19738
23402
28700
12116
1335
26267
56
1333
7984
15131
15287
18173
8014
929
15301
7474
28621
5640
287
16051
224
9033
13359
16460
10742
9127
12408
648
12348
21289
24373
12742
5731
21069
9533
3215
6563
16123
26666
25639
0
22968
28346
2914
7116
2844
8310
10169
10349
23942
26769
6301
25696
16142
16402
26892
3198
8123
9014
32609
7294
16375
30223
32624
30908
17215
7282
4818
25912
23327
18704
2942
28130
7774
18403
5273
9237
24694
18380
26000
21857
7494
26490
11107
8077
19723
2445
7236
1500
13453
13307
26976
27536
1430
32435
765
6061
25512
21889
25285
9727
8431
4402
20577
2398
18293
11256
21578
817
17045
5392
19676
13361
15538
26529
22957
10864
1321
2280
4380
4249
4739
29074
13357
25209
29936
9833
21652
19134
19697
9267
8463
3583
6740
17111
19449
9981
30565
21442
16413
30761
5219
32649
6088
13926
1841
9936
2594
28943
17230
19050
17085
23356
19975
16066
22383
14913
747
11897
20573
7544
31872
12368
30297
17217
30004
29769
23406
20294
13462
19465
20920
13828
23750
4737
17529
391
11306
14029
10090
21364
1891
28252
28751
18509
24448
21074
20174
8177
18545
27690
5761
20322
21438
30112
3914
24523
889
20430
8167
16066
26993
30101
1734
25546
18088
27966
5402
28444
16135
32097
8238
9639
30033
10502
7417
28245
9046
14091
6644
13456
617
18630
2856
21509
6163
17386
7307
29095
15113
5039
32396
26103
25692
1325
24813
7299
8432
17161
4049
3245
14127
13396
26390
12206
21758
17072
4068
6107
23024
19381
15494
3366
4538
16787
22137
21223
29416
16120
21187
31453
13774
4660
8326
26991
22464
923
26069
28472
24198
23338
32454
7107
28682
26990
29385
11667
4692
6050
21560
17255
10168
17176
15919
12988
31566
26586
25757
10130
29091
24208
27291
29043
12718
12708
29437
8626
23046
19877
7975
24305
5714
4329
28707
4581
10496
32375
15856
20318
15674
6179
14620
9089
5397
9211
10901
8792
26636
24802
26044
24974
1454
28283
8379
16243
4243
27721
10008
6982
26004
5140
6795
25268
827
21390
13837
6300
1401
10550
18226
14613
2455
18557
20920
7858
3695
18727
4448
19717
9436
26101
19964
17505
1135
3713
13770
17124
22628
20585
12800
5813
22740
23471
27048
25995
1068
9824
26286
3439
3293
29556
4408
706
20309
16630
30005
20353
25647
24933
1593
6088
8870
17497
21896
18325
10064
12905
28273
19919
13065
77
19677
2183
30252
32064
8743
18045
7178
8360
23598
486
10900
15097
8873
14444
2651
11735
16059
1143
19131
28539
8392
23467
30290
23895
30854
5810
2999
8701
4951
9787
28265
12861
29910
6466
25606
9613
23983
22674
29118
28079
13493
15241
11782
12685
1582
23068
23185
20328
3441
16410
23164
18993
31924
26037
22729
9783
30495
4414
13070
30979
28965
1584
31854
12416
27411
9584
11465
21856
14825
25299
20528
19642
21098
13281
19100
23800
19055
23513
991
31216
1152
14581
4058
7249
14757
30446
9969
10305
21882
19139
700
10052
22658
7095
29439
22880
13501
15768
16093
24959
22653
8263
9800
4372
23413
6261
6076
5889
531
9643
28205
5561
2832
22925
19262
25761
31557
17503
25011
189
23488
2760
17449
28808
7703
2262
3076
7971
6908
9795
27818
29362
24338
16375
1775
8708
14847
19149
4303
3442
17347
5018
9571
7945
19528
16492
20750
30187
26937
30479
11768
24818
5656
19670
9405
27799
6795
25495
9574
2066
10999
22520
27800
1475
30544
25833
10507
31441
7216
24690
5438
16913
10790
30127
22889
9769
14160
16409
18868
30453
12076
11270
21670
3625
21675
16500
13792
1848
10887
13826
16651
11893
13783
32575
22799
27512
20193
9767
26501
10948
29743
8939
26736
2727
21477
4081
24103
20321
32593
24348
16790
25224
31940
29773
17062
25002
11168
18730
27898
53
11955
32286
1244
16532
20675
31904
12407
18587
5994
3769
16710
21797
30757
4032
12748
4347
25511
6761
11142
21240
7027
22526
10526
1899
1449
21739
2273
18621
29472
32384
9075
27476
2998
11763
15041
182
21732
25764
21816
5618
1686
7589
22837
12604
8761
22650
31932
21207
21
16669
23916
32056
18141
6470
21682
2152
388
18152
23614
17578
18259
11263
5811
12382
10809
11145
20643
17701
24418
32722
3514
8262
22026
17909
30265
2640
12436
25248
14502
8705
21462
9239
13250
11879
184
17788
31932
23621
11261
14157
5540
27320
2144
20782
26658
2842
30435
20713
22632
30759
20836
19123
1125
2142
17265
28337
828
16298
9565
18362
14580
9282
3475
22367
4721
23246
3115
13096
15779
19915
17595
1825
12797
25648
23152
8597
7465
2898
25181
27674
2042
6149
20498
30157
18338
17156
4209
29407
3877
17555
18109
21841
13581
21346
24564
25339
352
2741
28767
27859
6095
31682
3943
2924
21040
28250
9642
1213
7982
5324
24910
16164
14655
14087
17557
26027
18903
6398
690
8585
19676
8273
7900
3308
18521
32041
416
17141
11382
23139
30843
12548
28584
22770
21416
3383
15141
23166
5687
5677
15259
24401
27743
16
27169
31604
23573
13010
24942
10005
25565
15798
4936
28204
31713
9235
29248
17247
11584
26453
25501
31266
13224
29252
3478
11298
23847
18825
21956
3556
7230
9581
9174
30377
56
22757
15495
8086
1977
10700
18637
24081
410
32367
23891
23918
28660
1102
5674
7115
8571
13345
6844
11832
29966
22298
7681
4124
31628
29034
12021
468
27624
13830
27977
15004
7552
26539
30296
29107
31914
19231
7774
698
11664
3771
18916
12637
20799
19238
31615
20534
8442
355
27066
20206
21460
14862
12625
29606
638
10722
30624
17301
32093
32639
4442
24306
18655
15978
382
21524
13328
19286
25735
11736
15720
3490
7140
16707
14823
18978
19879
32360
29285
6946
3201
18572
11043
10664
15342
6537
18853
3066
1197
29808
3268
28000
28019
27506
2815
25387
27616
15617
27410
4854
434
19506
2762
3628
14905
30822
2071
1739
7179
6185
24675
16743
25336
7002
6690
26737
5696
6285
11434
9401
20228
18861
6725
7986
17147
15334
28805
20469
26470
14017
8920
16009
16454
7825
29532
5986
12236
22031
24053
15015
23057
25409
14748
10297
28935
23456
1018
27888
31920
23417
2869
29992
29581
3220
27146
26748
14170
20
2588
29393
18936
24478
8331
7831
20139
14781
22729
9291
11141
28037
8617
21312
24354
31095
20665
30624
24214
12709
4050
25005
4004
8471
18669
29261
13105
6764
1080
20678
21495
15300
27754
11718
3454
27102
27987
14246
16200
1662
8375
9199
76
26130
32092
29214
26279
18580
31842
19364
30605
22962
10451
9521
21381
31789
19835
1330
29398
25727
13562
5017
1596
18112
12311
22236
20448
7114
22103
16960
2183
16796
13519
31063
9482
31484
24374
27847
4102
4705
5950
13390
11220
9231
32292
18947
12476
21380
1158
2783
15205
28691
3190
8315
8080
19663
29132
14363
21254
20394
27840
10988
1231
31710
696
31626
13477
31628
31070
19653
24233
27811
32758
13733
3924
29956
751
5804
29615
25060
23991
21594
14791
22129
24276
6903
21851
19896
21041
3980
31961
29638
1461
4659
29321
6669
31770
30096
28167
19210
16893
20384
14838
16677
6449
18353
23027
17625
28249
1458
19656
13844
19638
9901
16098
17633
17469
23186
16646
7492
30189
3894
22335
2661
14943
19611
29723
21745
5791
9842
13334
24766
29498
26334
27991
19886
18840
22139
26522
8149
15244
17823
20590
13022
18730
15072
16288
31914
6361
27350
24567
25403
1449
23842
4129
10705
26598
25262
4078
14674
19437
16695
3516
18415
2878
14345
10291
9221
31699
16906
14386
9793
10672
14586
30472
3848
20156
15865
21736
21270
31951
2890
5015
7013
11788
4950
31080
31824
12145
4340
12394
10232
6572
27879
9696
8167
19504
7336
32241
10739
7817
24167
28577
3173
15340
30284
7424
21851
23827
20738
15265
12651
21576
12150
8526
5513
8127
16348
2298
16427
30248
18420
9207
21931
389
17547
19306
7148
15417
8772
26107
6464
9314
29592
21969
6793
14697
18460
701
25759
30680
2306
21685
5362
18283
32483
12933
30065
3945
25788
22721
18346
25908
11318
7422
19250
2335
22314
28993
839
9601
2660
15288
32692
1032
15783
22184
11509
11599
11506
19623
28572
9906
28418
9483
3827
16993
21784
21666
13027
13747
30716
9892
30996
27069
5698
12773
25942
14884
10188
11855
12608
5679
19088
16016
16150
14368
27803
528
13296
26309
22358
806
32025
30026
9
21899
17590
30033
16797
30991
6568
20292
25510
21642
20147
13546
4769
23830
21727
8761
11641
15739
5406
24684
3153
4587
3376
16213
9341
3056
13252
30963
11729
4770
26592
29511
11551
13085
28546
21604
2043
30002
18824
7366
1473
26717
22221
15332
25050
31991
7829
21256
21306
32173
12843
6751
11565
15665
29640
7244
32084
19503
17591
15106
19178
19331
24247
13394
23372
11945
23713
6081
8121
629
13898
25310
12374
3076
13227
14291
30837
21490
6975
25145
30742
29133
8109
7729
16046
11210
20647
21936
808
16055
4882
18458
32042
25137
25703
20499
25497
23831
27993
15250
13407
15935
10168
27190
10604
3431
7061
9694
32506
2158
30631
26996
28438
16580
2285
2569
1628
11551
21909
30247
13826
879
24349
32610
18200
28437
20408
25137
4877
30543
5875
32764
9590
10743
14744
32630
11019
24174
22738
18221
20978
9427
13459
1632
32577
13688
11571
16400
32190
29846
2138
3161
2537
24127
32031
1027
24380
28309
19313
2645
10929
23098
25270
26921
1669
11015
23475
29510
25403
5377
18860
8425
485
6024
9932
23205
25503
16082
24519
26221
21084
6552
17085
10992
26341
14095
21858
15653
12318
16666
22108
27686
24459
1726
28140
16193
7956
2774
20945
6732
29701
27400
24681
31802
21337
13047
30490
3052
19256
28602
2032
26441
26046
6030
12935
26769
10494
6599
25644
21998
22599
11021
17215
12109
23206
8644
27099
3691
27307
30412
13242
19763
29552
15979
9042
26183
16088
11655
8772
17373
22805
32537
8439
28876
19821
19934
22912
24550
8253
13904
14790
15753
10814
21716
14563
32625
14599
29749
7117
9936
6355
81
27957
26785
27525
4370
11439
12345
28905
8608
30996
12319
9277
18389
14884
29981
21232
32754
3440
12183
4265
24720
31352
10012
11403
19161
12816
3131
3000
27383
23816
7320
3347
7373
15883
19775
23115
2277
10952
28471
18965
3498
8272
603
14264
18648
30399
10853
29647
21808
30751
31308
12874
4208
24201
2512
6583
32130
32141
2386
22464
5876
6869
18410
24308
9640
14852
24500
12746
28621
24548
31850
24290
21517
4289
28728
4751
9480
3600
2763
24979
22786
5973
26284
12585
25048
12867
8396
24649
16697
15908
11872
5671
11538
22139
17646
23037
22602
18664
2216
22538
13232
8781
29946
30682
15154
5935
13151
10185
9039
19295
21624
451
31439
15577
8031
11597
5297
21996
27449
8905
20069
27291
14090
13301
1595
9540
29646
32182
22044
9855
13509
10004
26232
23625
14862
4485
28031
21602
2423
24174
11924
3571
2452
28135
3582
3700
21262
15039
3297
15821
11326
14271
16749
19899
25338
4659
8022
12406
30895
32167
9348
25233
21680
27887
15883
3105
28878
23658
31069
15649
13353
4487
21951
18709
28742
29575
18937
1518
13409
24965
21074
29230
27396
10676
6843
1612
30168
1513
6475
13658
15292
16729
11499
24805
23828
27555
5203
17437
611
15633
20789
6709
31005
4122
19383
1037
4790
5164
18983
28943
31231
7593
4330
3927
29362
14128
16054
1814
14155
22557
14594
1336
26906
25683
15546
22852
18071
22841
26422
10884
7157
19458
19309
2151
8698
7474
26470
23075
16141
1373
3568
29086
24209
24370
6291
17807
21105
21177
30150
5856
29436
17881
26466
1368
28916
13853
1367
22390
3553
24504
22686
31136
11947
21958
8815
30845
31848
28628
9139
31391
1907
12451
30908
32101
8382
2601
23860
22815
23913
8921
27731
20596
30867
36
12629
12033
1904
14912
7212
15171
13211
7464
11890
32695
28590
23268
29857
12095
23057
13066
8070
10440
16911
13189
20979
24106
815
30357
30389
8783
10945
535
12997
8856
7095
11271
18371
3964
9398
10307
31391
14451
15469
9105
21146
7954
22566
4068
17517
17783
4250
1499
7623
15335
2314
24459
17661
12726
19595
28798
8445
3431
5538
32507
15749
20501
13328
25224
32658
18450
1263
27566
32282
22221
12542
30972
21245
19961
9530
23887
30778
10219
31150
31568
1374
8004
14987
14909
24899
27089
18299
14317
15350
6831
15667
23566
25849
28595
7495
12466
20907
3592
10307
9226
26628
29210
7671
6000
24965
5811
22546
24491
23151
5988
29427
6767
24884
21031
30907
32036
6699
19522
17063
232
19335
24175
1181
4055
25994
27705
14084
6026
23286
10921
21209
9437
24005
14882
5119
27894
21529
6026
13783
26499
6518
10410
24081
24130
24623
26584
10690
5575
18206
29395
4278
29562
30616
238
4871
17631
24480
1137
25838
3098
23643
31548
3290
30130
26821
12973
10175
23445
9377
708
18353
31068
18358
17541
8369
13777
21816
1950
30663
9646
9093
19274
2129
11176
3090
15989
21402
22956
22436
19233
3758
30569
15043
28936
8813
21006
30315
13187
29151
14677
28934
7850
23239
19904
23447
10173
9339
1058
14136
27843
20722
610
20166
6000
1055
14716
30939
26444
30077
24776
13820
10002
8172
13951
32532
4438
9147
10619
22561
26731
3846
20542
31534
17796
66
20790
12161
25369
22294
8256
8469
26253
26476
13674
19531
27917
25289
8445
20956
24507
27609
8379
18194
21260
2127
6757
22072
30062
25836
8064
17231
20783
8156
24153
10498
26010
3401
9287
476
23395
10795
21808
20921
22597
12637
31822
890
13801
1782
23091
20221
8202
28118
5131
15181
24023
15231
26658
4373
19096
32295
2982
20827
16789
18699
5549
1130
307
6917
7033
29968
18785
4961
25083
11274
14642
26861
18583
16317
12235
22351
20775
19495
13440
30363
26946
10004
10810
12581
22718
9365
21020
19348
31091
32686
24934
13112
7234
15183
11929
1694
16215
3973
14812
3169
31146
14066
5278
3138
16332
12411
27773
15995
26080
18752
15718
17745
743
721
28414
25833
6466
10655
24897
27996
10353
12208
11369
2829
3105
8087
6162
28987
19558
15268
3483
4818
17221
7512
2511
23943
15221
26907
20933
11043
27750
27185
28420
23839
30595
10987
14059
22130
19125
23834
24913
18343
3112
9929
29288
306
29521
10028
31719
16388
13104
18387
31080
10333
22994
11811
19470
25314
18715
24839
6508
4079
11458
30435
4514
1326
4509
24522
24777
2409
543
8176
20370
668
19487
3682
22313
19023
21466
27636
11360
7202
6204
26235
1545
21162
19547
23613
8867
26235
10821
29606
20794
25478
25339
23357
392
18598
20413
17878
8032
1397
18568
30472
15693
2660
17374
29665
21110
7947
9157
11225
4036
29373
21522
11781
4167
7008
7655
16013
26838
30331
21627
24672
23286
8337
16153
10022
12030
30382
25708
25975
31096
22079
6905
2890
20425
3878
749
18608
12309
15374
19737
18626
8285
29948
29499
6359
18666
4135
17791
4091
3567
25866
28997
19101
27754
17847
25893
3720
7755
8814
13872
11029
18904
2926
27257
10654
16464
1291
19669
25141
4046
25089
11742
18582
27761
6152
13886
1371
13498
17065
11818
12143
5429
18511
24108
14789
3932
21921
27942
26954
26552
8975
24468
26392
16201
14507
7185
17132
23592
9275
6429
31194
25963
21900
6173
21823
5705
5385
4515
13816
11391
18571
14064
8145
5617
31347
11447
6464
8597
22263
25380
13140
14221
5049
12061
19944
23699
30110
2248
27676
1178
26845
4941
11526
30898
24406
20957
15524
21549
26918
11763
20757
23808
15224
13017
2057
15212
6557
8815
14455
21725
21600
18216
3214
19986
21395
10069
30701
30846
24046
32166
24086
12014
4890
6893
32032
25965
19464
5414
28845
28772
21895
26549
24860
18182
14614
26862
13056
17643
2038
14554
19152
12027
23684
3384
14560
32654
1478
32451
24975
15826
4420
15283
30146
25708
10009
17286
20370
7010
27721
4096
1858
18744
24405
20337
21620
16217
25357
5174
3996
1465
27558
7554
26548
2489
524
7519
8242
13387
4473
8175
27447
11094
13127
30712
13321
16988
27907
21663
28099
24154
5314
25716
14923
20719
20408
10671
32133
28353
24326
25529
12486
25885
11988
12783
2700
4829
23456
21410
20076
26767
8661
10594
22859
5075
27552
23420
15825
31237
28927
18881
1307
17948
7707
10377
26544
3538
13271
28408
4791
20998
22185
31360
19815
24158
32681
2983
4798
19504
999
11
29558
11427
9730
28067
21557
7697
26102
839
23556
20656
822
21107
9986
15986
25851
26184
4441
6697
23771
19411
11890
14831
30621
28562
16485
197
20556
29748
17332
2938
6538
26273
25400
9423
20775
29498
26715
17624
20978
98
31624
8101
14287
21053
18656
1826
18954
7095
23855
9276
24555
8393
20254
19269
29579
19960
2218
28570
22245
26910
17620
31363
16176
16236
5530
2394
6765
29872
1575
22256
25404
22484
11591
21548
26355
24743
17437
13301
12785
15073
5400
28242
5680
609
22307
32464
26
5304
18716
25125
3486
7147
8584
5906
7042
13941
9861
9870
15611
24716
511
30496
20859
677
9767
28557
11466
18746
22049
11443
1368
10699
9981
20149
7378
14627
3305
8536
22259
14044
18597
9133
12957
29221
18743
13041
22824
27587
21983
23729
14330
22870
5197
7217
22615
28126
16146
1807
27003
2941
8277
11556
12518
17023
9415
12203
21752
16791
6873
21413
13757
7019
29228
4988
18442
1363
3912
29670
9929
29534
1938
8204
20113
13719
22904
4332
14202
31366
29935
17403
16687
23289
10271
17679
9540
21252
17500
3965
25546
19526
3929
2686
24097
7534
21656
9432
5134
8958
11045
21434
14093
21839
17284
30951
2025
32725
20968
29718
12937
32165
26790
25497
7181
7988
22248
22590
22298
7522
24486
115
12913
15799
23762
3757
5575
3052
8915
24330
8401
19629
14389
8245
16542
3485
13727
906
12073
30363
25093
14458
4399
16452
24350
14129
9790
29624
31257
7799
16143
22433
29836
10452
28181
11890
22957
31992
9814
10733
13252
23897
15482
14312
13792
31518
32289
3152
11721
28732
21370
3182
21047
9439
7954
32617
16705
9227
20457
10253
17176
9091
22987
11210
9461
17130
2013
27392
16464
17960
23927
11898
595
20239
31025
20024
1934
23103
11841
13681
8172
838
18436
26584
20198
21516
11226
27679
7158
9071
19767
16313
18255
18218
10231
14309
14027
7419
13554
29672
12069
12037
3281
17561
11624
30579
11552
11555
29863
1886
5028
24839
9199
5360
9198
25440
26746
13514
2864
11115
8229
17060
5712
29254
36
15667
11835
3576
5109
6480
28284
32178
10386
20566
2573
2901
30699
11724
29292
9779
10387
8260
29938
23322
30138
4482
16993
3471
4955
2529
5308
22103
8886
8947
26459
11068
19201
3432
30014
13325
19035
11825
29090
28903
4865
5861
11986
5555
18628
23907
10048
16112
12987
5817
7380
25523
30005
31044
17028
10475
10225
27161
9253
31210
7314
31140
16512
2593
26957
5007
2473
9259
3045
26085
16268
27150
14553
17272
22729
27325
10972
1408
28098
12513
1669
12420
23025
11992
9800
24702
1920
11262
25253
16442
6419
5932
10911
4095
26089
25215
112
32625
31779
19547
11899
24246
7523
14767
18562
27352
27033
1402
19737
14698
11290
27022
31578
1903
32499
25748
12507
28535
14460
16720
25565
19211
22320
8998
3526
17227
24507
15325
6610
21718
24917
3748
11269
19178
5199
25682
21604
30157
18155
21746
612
8299
3185
2687
19619
2368
25215
8428
24790
25208
16545
18279
12290
7509
17953
1759
10992
1234
31265
20932
8923
27526
20966
16654
8811
28874
29047
8832
21223
8478
23143
15406
16806
30153
31983
26941
6598
30656
24384
29674
9761
2505
20246
20685
12157
7648
20881
8031
2819
23002
17729
5051
27891
28488
27263
11681
21397
10910
17924
24768
7795
32149
4532
4661
9669
2253
12219
3919
26157
26807
21467
24981
5284
18866
22276
9226
11956
1908
26918
15791
23273
23468
5443
9546
11650
24549
19400
4710
9579
26286
26397
16283
30064
28664
24187
8719
28075
15551
6910
14909
6462
17901
8955
25077
25672
6779
3987
15268
24081
26841
136
9942
27528
14224
592
24057
32240
4390
6760
8548
8662
10049
28139
5016
31302
12560
13923
10949
31806
2279
30943
23440
32355
19753
13126
24851
28915
2155
29674
17957
20987
9430
3936
5084
12746
11981
26768
18769
23461
10960
32520
163
30396
673
14230
25919
13149
19877
4885
24414
22632
30860
18311
6351
17667
4149
28516
16118
14990
13259
17202
9749
730
29237
4438
12746
18069
5805
26666
9945
10249
10414
9807
18988
30215
8980
25925
28952
2845
9855
29240
26338
11535
11000
18717
19330
133
29911
17918
20390
25858
20707
146
29178
19733
23484
1553
8615
26323
22646
25926
27161
10372
23175
16614
3078
5533
18147
23584
10156
20463
28773
21877
23642
18717
21361
970
305
10323
13528
10684
23340
14389
10235
29491
29790
28950
16436
28986
30843
29547
29041
2062
15002
1663
25634
884
18489
28520
16470
17744
11650
13369
13344
17012
20173
8057
14656
16822
31589
6100
24063
4421
7567
8209
5467
9789
11208
4932
21092
23160
16207
28997
29414
15528
29667
20320
15688
9890
29902
16718
30132
3581
23330
20068
20089
17116
16707
18187
14253
4360
12197
3696
21014
30530
18135
11389
2379
26839
19137
15367
6422
19828
29482
2377
541
13116
9597
29841
12737
26392
31692
27961
24903
26446
15637
6361
28725
25686
10948
31419
15871
17385
18298
12175
18147
23130
31501
4448
2066
20009
14288
22471
28432
22998
1300
2143
22621
24563
4846
19320
24917
1405
15163
30992
4437
18028
5090
29183
7711
14473
30297
6513
20352
28800
8299
665
17968
15670
21048
9892
10745
11612
3453
14060
795
4933
23061
24431
17136
31476
13248
3455
16332
18042
1316
3771
10279
25727
21521
7229
12542
21790
777
9749
886
28918
19456
29430
11715
9853
22624
26672
6984
8600
6736
3550
22527
4457
19254
9057
8988
104
13178
22541
5357
29366
8078
31777
23557
16046
9771
15869
21913
21436
9181
18319
1322
25458
4033
20495
12132
8408
3469
30188
7239
2564
24786
29958
17540
28651
9598
3357
28202
12407
29093
11401
31873
22234
17537
13100
30518
5665
26295
24998
3257
21004
8155
18631
5092
10781
25911
19786
20701
15087
26056
5056
317
2505
6026
26826
29554
20083
10742
31115
11618
3912
456
28765
26192
17293
8709
18883
22532
28673
9789
30112
11046
29109
12813
6310
748
27422
31209
528
27637
1897
18712
10644
12916
2062
10496
18835
25488
20648
3492
27028
32267
25860
11115
27888
5666
3448
23075
31182
28853
5494
10565
19538
22952
22624
2427
18962
14729
4254
12127
27082
11891
7407
4998
17232
11314
12284
13245
23498
26535
7731
31122
542
4462
15826
27159
20394
9151
3394
738
8502
18322
5031
26712
7206
5383
12213
18732
5108
13060
18629
6946
25566
6688
5672
5401
4316
32448
28859
2632
18389
9855
25275
2760
3090
11476
27099
27986
10739
31471
8084
9803
16865
30435
15293
4093
32643
11786
9563
2088
20789
32421
1466
1721
13238
1220
4541
4569
26144
20070
32114
13097
6686
6880
19945
21068
29785
10627
32071
6311
28979
23417
9494
16996
440
11504
8927
189
29905
18811
27387
20855
187
16308
32166
28588
184
6183
12885
16846
15109
21355
19786
26857
17163
5010
4965
21800
19417
29892
20541
923
32466
22822
623
18743
10915
11264
8758
20255
24185
24608
13884
9250
17776
11641
10928
1924
22094
21008
7833
20737
11121
23065
7018
6671
5894
13148
27350
3172
18300
4062
32485
31160
4152
23486
8264
8396
10891
19037
22250
17323
737
16065
16583
29487
26171
4924
19201
13256
9183
1096
304
24441
30541
17078
26362
26915
20086
28936
4069
25862
16425
4123
26984
31365
18126
7945
27464
9001
4950
29261
8738
23273
3186
1576
18499
9641
19971
20548
24768
3584
15570
21656
2244
318
642
395
29476
11438
1475
5980
16953
16408
13000
7873
13294
14730
10234
13006
21528
7768
6894
8729
10502
17762
2452
11036
3673
5781
2994
22490
12822
25525
22673
15558
26618
15961
21751
7904
18190
28471
15700
17697
17787
29345
16448
31001
18078
7760
7461
31447
20319
21601
6969
27657
21695
26525
27824
30308
22705
5373
21039
12614
18731
13933
4739
2714
21884
4817
6803
14077
11744
28486
22931
27934
24914
17834
11643
28779
19873
17502
29624
12010
21958
31562
4641
30308
21109
23074
3116
1225
28914
25576
30818
30672
29734
15283
27152
24542
3058
28334
9024
31273
14019
8035
8935
22045
24935
30266
25440
27135
14623
31548
23833
23248
25589
15645
8589
31604
4943
27002
8818
18195
9413
14943
31027
23232
17712
23820
17056
12888
18947
13817
25317
11437
13535
9751
17848
6884
5473
13657
28375
24348
15679
18035
28338
24145
31379
14306
3940
18815
19574
5676
19944
522
17873
17257
29578
7517
4720
14338
25499
19409
21080
16569
29033
9937
16219
24041
21103
10813
20713
10255
200
23819
21033
23946
8682
27956
7752
32159
17808
17102
30482
5312
4344
20085
10687
7694
10831
5872
30223
7708
30826
18962
27545
23286
2742
21725
12639
21858
15730
18158
27559
26469
28187
1301
13318
11273
21544
3907
22462
5214
20984
23977
20554
19903
21001
6430
10806
23894
1130
12993
20020
5347
4211
7904
24685
17592
3763
14105
10773
20232
24362
1983
16706
98
12216
3200
25342
20857
18134
8260
13210
30246
26244
9303
22854
23984
23426
8907
9439
2122
3267
28696
15624
21981
7967
4102
32636
12808
328
25037
3235
16742
29695
22394
12643
29711
25224
15508
9016
8545
8027
20480
17031
4352
22812
13602
22319
5403
23501
69
31586
6641
29251
25149
10419
20116
31702
14154
7023
19181
2653
32064
49
22273
7258
29925
8113
14194
18289
29339
31965
9033
26399
8767
6443
18162
9128
16976
21293
30856
25937
6740
4966
340
2000
12407
15196
8336
25089
630
2798
11120
30170
17851
28648
28259
23713
29386
29653
13206
17244
8155
15380
4793
2954
28360
20526
28167
25616
4650
6759
16512
28278
11711
22163
8569
17491
5648
25387
8535
28934
13136
10400
25496
13223
2950
2799
6675
7486
14319
6518
17792
24370
18845
28934
24378
24068
24933
1081
20548
23612
32504
15878
22922
20900
19280
12946
20842
17077
25166
21065
23155
11343
24481
21294
30573
22445
13033
17519
8345
10903
32540
61
15930
18393
2345
28634
11347
5109
31196
22004
11187
29205
30466
4913
25647
19779
22477
6411
23599
16860
30842
32478
2412
31554
28976
27967
24311
6610
13356
21392
31870
13590
22299
7121
25291
20027
3015
20665
20877
18117
3062
27142
12891
12161
31887
13073
13558
955
3071
32677
206
9394
20443
8977
8136
10569
9671
23932
1599
22015
7062
13177
23625
20769
8883
25564
27707
26431
4799
28619
23151
29660
16251
26904
2628
17001
9705
31438
21607
31605
29870
24585
29265
29214
29627
15627
17169
26059
3884
3725
19788
3101
2416
9043
8834
30498
6315
21507
1938
11212
29528
27959
1665
31906
4147
32721
19831
31926
7510
2959
32522
7895
29346
14303
22463
21767
864
3828
19662
17456
4904
28441
2086
24594
12802
9797
26033
896
17356
27632
21977
22732
5852
11558
18763
9856
19942
24282
2555
21582
8479
19068
9576
15434
15010
2254
19489
7255
12819
7923
19080
15327
27523
29128
32470
6600
23956
888
28767
13987
734
12107
27672
20262
31377
22463
19030
6876
7259
15066
16856
25371
908
24766
27656
1591
21880
22654
24190
15093
18204
14128
32198
10306
9733
3396
28003
9509
26734
17940
16659
13555
2217
9659
21333
5058
12224
22827
25897
26399
29531
19578
27415
26372
10980
15229
11122
4868
8170
12440
4574
18377
7619
26068
23568
18624
9334
15410
981
4627
17112
15680
2646
1752
23540
23273
2202
20360
23472
24977
10572
31922
7854
20578
28607
16880
4465
3040
28719
23835
19137
7876
23882
32187
9552
32007
3822
16577
7325
32061
26165
5241
28953
31780
12975
6330
22409
24189
31982
20320
14251
25882
23112
12539
15900
1849
11736
31177
17785
18192
31430
17122
23236
13481
11208
15283
24842
4848
29673
6061
6211
21259
11402
1086
2938
23017
21670
15105
10798
17438
5466
1074
4343
7150
28580
15716
17773
13735
30571
14454
26949
9781
16319
1731
10429
2032
23651
1177
26683
440
7304
14573
30000
17476
25308
23884
15939
29111
16067
8725
22188
9076
10980
742
18653
564
5352
16212
31848
9302
4734
19423
13085
9846
26531
20260
24946
12864
16928
32597
26153
26502
20052
29671
25900
23441
2355
16266
18876
8885
29583
26206
13258
6184
2711
1124
21669
22549
10653
14387
32470
8171
14620
9708
27976
2299
20217
9839
1453
20802
9225
30415
6684
9859
724
31748
28159
10138
5016
28384
556
4108
10641
1093
27730
16866
30072
26004
15767
8632
16714
3432
15487
30993
6474
23685
30224
21229
1609
31499
27188
1694
15653
23024
22366
25815
26512
26796
26992
15110
27154
21302
20445
8419
19281
23600
32522
17481
8337
10078
8443
10054
9079
2141
31019
1134
21778
10642
16315
19828
21020
8032
14287
30715
15484
15262
1334
3241
24080
13640
1353
11389
26794
30836
12053
99
30552
12936
16060
18182
13545
28331
12312
29926
19372
22137
19618
6826
635
27387
20626
1463
11000
18902
27464
20225
17687
21186
7915
19489
31709
16702
17232
5801
24423
3715
12317
7604
45
12214
21038
30145
20360
1121
12343
23233
26994
2340
8875
6254
11149
8872
17117
19679
15720
5333
21862
14681
28157
31301
13254
5481
2686
20472
31054
6191
4689
26953
30525
11261
27737
24608
13353
33
375
21866
31392
27902
24656
5574
15120
24162
20049
30337
17636
14355
27121
32453
6896
26795
16950
12557
26383
7846
1915
2268
20746
21434
14704
175
15548
8807
30306
13360
13172
6606
20413
29356
31899
966
18383
21959
10647
20781
23758
12399
6382
8316
17693
27150
13487
4766
16587
6660
28686
25091
9309
30548
18510
28656
205
28829
19684
15385
3282
77
29401
31345
13154
4369
14192
15169
27509
1680
22025
22903
15629
15960
5445
9025
6003
7448
28523
28891
23747
31761
6666
7590
18090
2759
12512
6009
2159
30972
2043
30779
21040
31966
26910
23986
6511
2432
16486
29590
19149
18823
31789
25578
18708
12838
9263
8588
23931
16972
27627
16650
32038
16923
17485
21431
2029
5789
12425
30974
25694
32178
25162
6647
7429
17997
24844
824
25323
22752
16582
20718
6492
9237
11213
24876
20205
16831
17397
16514
18366
26640
7929
17618
31997
31500
25117
19039
13739
21053
16657
18215
7331
1705
25625
10355
30680
23809
31083
11948
25822
8219
30168
15216
16044
32674
18607
17893
4256
18189
1759
26957
15043
205
20827
16859
11087
22987
31427
3013
20846
22801
12352
14491
11589
16327
10672
28375
8497
9570
9475
10165
26704
9240
12516
24389
22084
10647
2716
2750
17459
16374
4916
18709
20242
25324
8154
462
19236
13632
10631
26131
4285
10880
8158
2051
1612
30966
25430
31820
2968
26584
10907
14844
10826
19903
22322
11412
12204
21338
32092
11358
5040
20068
9022
20737
20788
18643
31550
21075
4996
2131
7600
27502
23841
10738
1458
29702
3009
9757
21844
9210
23958
20683
9469
13608
23507
10744
25098
22406
20077
4693
183
11119
7454
14398
1347
13882
16816
20716
10319
1297
12152
29164
6792
29184
21537
7887
11141
16205
5547
24356
22514
32008
29106
28835
751
27874
8692
27051
24243
22595
27150
24559
18549
3222
29318
26476
7052
29160
21774
32158
16341
28593
15879
13555
30549
5105
18245
13440
12063
12415
28690
24562
22392
25246
22133
15304
1850
14546
5556
25024
28278
27378
28183
6543
23645
22653
6639
27093
23649
16689
29655
13648
11927
27610
21050
14416
8032
12137
15381
31339
584
4677
23294
2161
21550
29670
20070
2723
18598
29855
17435
2847
18075
4027
31248
159
6201
7116
3425
29027
21001
9536
14994
17004
13662
22325
29464
1771
4593
26255
27674
25593
27336
13127
2680
23688
25180
5125
20493
6554
12794
32754
11825
689
12394
2759
24962
14982
11215
26411
15077
21501
6862
25403
31175
21337
26866
4970
7081
20396
25167
8075
17627
18578
614
26156
9863
1055
10825
27174
1522
2326
512
15986
18687
2396
2346
25662
11253
20652
6887
20288
1153
2955
26870
1099
13823
31359
12827
1568
15093
25980
14276
1158
26592
25503
14059
413
19252
19231
26686
24943
20126
23936
19326
6088
32140
1033
16933
26696
5359
12409
15691
27830
16447
13814
714
21911
10176
11846
19873
6399
13317
16193
19862
936
10930
21638
18976
24641
2182
8558
27779
10504
15512
32574
30013
30619
10464
31649
24737
9995
3066
11093
16066
23603
14375
5412
17042
26696
15253
18710
19531
14769
24032
30693
29454
20248
5848
7857
20938
24769
25221
6901
7008
13338
5736
15034
14853
19860
7172
7434
32231
29874
13469
30376
7955
15967
10816
3838
5782
4485
4611
2391
4834
23003
910
20046
2932
23807
27098
10630
14260
26052
20793
28572
27933
14797
22167
16474
10397
3419
7167
14638
18239
26979
26209
11226
12807
14308
18578
11628
285
27255
32660
4465
23087
28456
25624
9574
3600
26500
5441
16495
14757
22003
16555
31564
28161
13640
11180
9352
9167
11927
25049
17651
32240
24902
11468
18515
8038
29031
14629
7767
6257
20549
3279
26572
12023
29501
12933
1043
1577
27856
16020
4819
26980
7158
4322
15851
15957
26036
30767
24491
25185
11504
6811
22851
30532
31877
18280
11643
25336
6035
5634
13221
1752
25624
30268
30416
29189
25541
5597
5439
4873
12042
16219
13338
11450
9844
5606
23394
4705
20024
21160
20010
28444
2064
26444
13061
7297
8005
10685
8379
19588
23309
27952
25408
2715
2840
11364
3302
22560
16998
10536
10193
26614
13403
9503
7083
15727
26645
6080
7066
12909
13821
1440
12399
10440
17308
23796
13089
27376
29105
31569
19321
32724
28800
16567
18190
30210
28268
21454
23668
27151
5320
31599
11953
19513
18155
12646
9456
10571
22402
21111
27258
31425
10283
3999
10977
16941
26431
1179
24190
29657
24558
6063
15134
29870
4242
1696
7417
12116
31549
17666
31716
1179
25748
4026
16583
6938
29921
22971
3920
21014
28515
30227
22505
23461
29673
9003
17896
16914
32415
23370
24070
23684
6695
3676
24851
30427
30699
10482
18152
12507
25266
3209
26012
22668
16242
23823
6395
17376
4197
18339
32307
28055
11871
9885
6097
22880
11359
9934
28140
833
6500
21001
32416
24120
5250
8929
4799
9763
26420
1461
19138
2269
6644
27370
30726
27306
14089
20088
5685
18901
12193
22696
30977
1431
5919
31772
537
3131
10422
13583
29525
13440
19255
19934
12596
17983
1831
19655
2441
30285
8981
28401
21105
22947
23082
21677
30088
5052
24834
17148
15197
17471
11450
7761
27427
30686
12363
664
4777
8318
1046
7286
2700
22680
11200
10195
2731
30175
28223
14230
25307
12067
29749
10927
11228
22901
8317
29275
1164
140
22276
3491
12123
24167
9691
24102
9215
30260
1162
14873
26985
22129
7590
24460
19447
18001
22182
11503
17387
25185
2546
17108
8220
27755
10045
29431
18667
21146
11797
8315
12153
12768
14008
30070
15639
22421
32042
4528
22270
1633
8836
5800
19009
603
6287
13528
13311
10354
27537
7738
14813
5389
24167
523
9907
7662
3284
30159
16262
9052
2073
28565
25783
31873
8646
13692
21369
785
22735
26230
7048
556
7394
76
7449
3206
23544
1763
8972
32197
3627
12477
28009
11050
13255
15554
16394
1908
31139
21825
18837
15873
30642
9266
30382
2359
15829
31934
1386
18466
8947
15873
27910
5982
2636
21262
28121
28984
4874
29747
23943
6416
26137
3455
888
22018
5689
28290
6536
16581
18002
10068
17664
10450
2567
14041
7110
21705
13453
28226
2512
8721
2494
11735
10974
18367
1385
24308
27753
16570
11501
20306
3030
8476
7942
20872
17648
23259
21990
18130
17557
13736
20360
30224
13231
32279
4161
21522
28263
12289
13208
8466
15253
8231
32599
32642
6266
26903
11490
26633
27825
8020
23752
7880
14947
4273
26776
3553
7867
4862
1782
10554
13977
9702
30189
16254
15243
27672
8071
23653
27897
16293
27803
8246
6559
26025
14823
12426
23872
9518
9054
9810
26265
17741
6595
7451
22933
13974
30327
18321
8639
27571
400
11586
18684
9543
7722
30117
9850
13596
4354
25691
31204
31870
5441
27316
18136
10722
13205
29301
1178
31180
3974
17881
30218
32495
7944
14549
15827
13717
76
30624
742
26177
25052
7795
14631
7059
12519
32398
25189
12141
473
13435
23440
13140
26415
29590
2598
14361
10890
10957
32239
14520
7170
26277
23274
11392
27580
5245
8071
1140
16831
2839
6934
6130
2051
31828
10368
17554
6859
13375
309
17745
21301
18765
15461
1263
8208
8676
20083
28565
8429
29465
7335
1979
30585
7358
31011
16969
17162
1692
6936
28156
31351
25341
26425
10764
6189
31342
7280
12300
19583
25794
14544
29969
10814
21338
10956
26134
394
20644
8870
17311
23783
6370
6186
24733
21652
28717
22683
18578
11288
6585
12526
4341
28189
21594
2102
23000
31361
71
32352
16840
15019
21023
25376
20725
28699
14121
6443
8083
20805
20192
14759
15231
26784
7599
3039
4390
27130
23801
9532
23459
29198
3164
17777
24615
25688
10295
17141
30878
23336
10601
7094
12687
24054
12892
32268
32580
20981
3395
24043
20012
22762
24479
27230
29309
4671
14088
30512
15133
29267
21290
12012
11203
9237
20750
8457
8794
10449
7067
94
27558
10826
17756
9692
2857
13064
12163
11131
14920
16627
8750
13173
25258
26145
14826
12211
6113
27629
20085
15748
21580
11337
14025
27029
32059
5461
3669
28702
29269
2864
24462
19801
11319
7181
22438
12856
11870
14986
26523
12631
20551
29246
30324
14384
8660
19089
2248
10382
28402
19409
383
9796
9849
23170
24540
27934
10324
23797
7868
17176
16097
24348
6424
23246
18330
10396
6097
14900
20214
31012
27821
31111
9098
24317
16028
28291
9332
23523
27457
6103
20217
19476
8621
23766
20333
17318
6766
30063
6483
22045
4296
3679
19142
31805
24898
32165
24344
3101
29029
6966
29880
30589
17600
4595
10841
17497
25391
15576
22352
29631
29789
25718
9022
19165
13448
28835
16624
12894
9860
25200
20611
8183
9987
10843
11468
15932
17683
11974
10231
18105
1000
5800
31597
16958
27100
11395
28412
9082
180
28054
31538
28619
11045
6483
27401
27221
29591
21779
16586
30034
14376
14345
25131
7592
22516
21364
20410
1217
17812
2841
27519
7319
8932
20977
4829
27150
18953
7967
4026
16775
26547
12068
9440
12722
2720
25942
14754
4259
19554
24975
26818
24361
30561
7714
30354
30299
20003
10771
29274
13171
22475
21383
1786
5600
21984
22137
16080
918
18256
25519
16092
10153
7349
5100
15650
7962
470
7016
13904
26609
24689
20861
9889
18059
56
24739
18945
5430
26649
12958
10098
12795
25794
27894
27566
32443
22629
4520
22286
10110
14264
6171
17066
8967
22593
4693
194
8620
29648
12911
7261
24164
1357
17478
15407
1570
25267
28532
11456
10593
14429
21887
21963
27648
18817
24655
7908
26449
6650
21734
1886
29293
25930
32331
30060
17610
1759
1223
134
9999
14229
17748
15119
9766
17533
15699
16180
31891
8925
24189
791
9733
1399
24348
14381
20779
22286
23163
14820
9161
15911
21915
20362
1291
3597
31783
17770
25113
18711
10666
8504
8427
6189
4864
30127
13663
23433
9227
6520
3209
14523
26023
17742
16970
18928
32735
23904
21796
21107
11361
27126
19532
7284
11567
856
1025
25609
7064
13548
5149
29554
9063
7070
1258
21665
32346
17284
17974
15354
17365
2242
7338
4183
24792
32684
31063
13391
19503
10283
28562
29880
19176
28770
15618
16490
22794
19089
6135
3398
2692
23097
14333
3703
30820
31873
19634
8184
3657
12248
22228
2902
19483
7900
6046
2488
20473
21114
2645
10012
15475
20311
7198
27363
20218
8815
5650
27024
14996
8445
28052
9165
6869
24474
28386
22191
4874
9384
30187
8506
28087
23025
10593
9000
20548
16780
27662
30950
22259
29185
30827
14560
11541
23980
23151
22014
30078
26983
15269
2926
5942
22115
13697
13733
17009
855
7668
15520
16833
18653
574
29552
27531
29976
17412
4341
18360
10907
3234
9706
15788
9862
2754
13345
24188
12786
11822
19216
8027
17040
21986
19853
6230
3724
9318
17622
6978
6072
28250
25812
14066
29158
30546
9633
31405
18581
28901
5703
3550
26577
28673
19659
28686
19540
19585
5994
29968
32497
7938
21282
20859
16179
20722
2932
19294
16705
29417
18281
25390
772
19773
10195
2307
31884
24273
15061
12804
12208
15917
10405
25120
23285
4308
7569
32256
21426
3281
5440
31033
19313
14484
27451
13509
1175
23804
21675
8628
14920
23989
10085
31775
16261
27588
4643
12894
6551
18016
10772
19578
6577
32260
29080
26597
14801
28098
15428
7017
16615
24282
5165
22367
29241
2699
1123
5665
19462
28201
27835
28866
6505
9584
17106
27644
23425
16152
25678
4457
19919
16297
24167
10486
2527
18065
20135
9878
3627
2420
16621
8243
11324
6595
11960
24554
8722
10384
930
26231
25286
15521
19243
29166
21102
3779
27576
23725
31041
96
4828
26766
29180
24660
14037
19041
6020
29181
20826
2457
13772
27281
14228
2117
16889
22709
13162
18242
24004
10827
16897
15023
10784
17547
7043
17058
11549
25173
26656
7193
20237
11461
18003
24116
13029
16905
1639
22433
28134
7791
16185
24663
25212
7106
8255
29575
16998
31447
9417
9679
31767
11107
3207
19378
5980
17935
15692
25669
17728
27855
29201
7210
10029
1391
23357
31938
4435
623
5156
7071
19533
11792
4557
24120
6658
11183
28408
9697
458
9042
14687
30714
10195
19329
9277
30310
13250
17751
17421
15423
2717
32472
14228
29383
24552
3973
25121
12962
25102
17198
6932
1347
1539
18184
30365
6821
13864
11519
3014
1851
26735
14669
23476
7721
24511
11852
15913
15284
7322
2696
30542
5111
16637
27929
23216
23000
27527
5168
8072
21051
19934
10735
19007
10102
591
21374
20273
4356
25780
13915
21170
9085
29339
26609
10830
23749
30372
31597
853
16516
811
8653
21144
6359
39
4153
29037
12102
20562
8343
3065
4597
20875
24666
17582
14622
15480
410
12562
8382
10095
25194
5058
10895
12439
7782
30647
23607
4938
24203
4297
19903
11454
23372
1393
23622
13285
17633
1491
29943
10385
1507
21500
3128
15836
5142
8552
5412
17351
17286
26055
3388
21537
20437
4864
28761
18091
4051
19063
10470
12409
1871
30604
20555
29339
19245
29540
21420
7165
27577
5611
20692
8844
22843
22553
16236
14234
30412
27509
14961
15236
20327
27352
32229
5266
8515
2164
27844
27934
13152
23828
13113
7417
10592
15525
22802
16906
18841
13302
22642
19512
26984
5052
3269
139
29640
11481
3577
14221
15907
8670
19436
23287
8040
29134
32288
26249
32093
8229
15286
28730
17463
7704
20378
31633
31848
22815
7419
7251
29368
4785
10238
11358
9879
25934
5811
6357
29361
6851
15944
2685
9156
14250
4220
28007
29102
24624
32087
7120
3787
31259
7448
12357
16765
12299
13936
17163
15372
14847
29933
5821
9905
3868
25529
30775
4077
25770
132
21939
14111
7776
31423
20786
25942
5089
29451
21022
18532
20358
20209
23085
1076
10846
29907
8584
28253
26995
1058
15917
10230
16463
24018
23185
2477
23743
4363
16266
5651
24535
34
13677
26170
26678
20935
115
17538
4492
640
31842
27056
3417
10838
7017
4160
14583
19149
19531
20989
21722
14618
3008
974
16663
30865
9496
979
25379
6493
26145
11696
6365
28531
19019
26921
23759
13769
24842
1776
32689
29122
29564
24506
6959
10989
11596
27032
8685
19184
19670
14213
12487
14783
7819
5947
1373
2578
18327
16716
15823
18965
9154
20333
17861
19553
14996
27925
5299
32043
4029
30279
8539
6075
21172
30891
11923
20512
12701
19172
21832
17699
21360
11806
28611
20089
15704
11750
18987
31549
10073
12863
15435
21661
1078
30706
4246
14547
16530
25381
23656
25175
32085
24623
11663
28498
18769
18091
12554
32086
7718
29387
14096
11597
9314
2288
14421
9136
749
6007
16520
22778
15781
2773
25120
20059
26437
10214
5976
31408
10891
130
13432
947
28314
5714
20311
5999
6813
8161
16414
31224
15533
9206
8014
7000
6133
24354
25861
18892
24083
10133
3453
21553
6082
17205
26325
12473
182
25586
27668
31714
23240
15955
20843
25513
31827
28245
9658
21242
7646
7798
11606
29036
11003
9485
23050
19243
6766
3036
1115
13621
4498
13800
18960
16842
22265
6025
13810
22813
22611
13501
5329
19024
18321
22977
7111
26783
4938
16867
17345
2268
15965
8338
32314
29467
23256
16567
10058
7342
11288
11848
22752
15956
13362
7705
843
6829
12434
2038
28416
2289
18914
9968
2967
6114
31534
21492
12310
23807
29765
28322
12402
17403
31586
18523
27731
29293
4619
17820
15128
5065
24890
10635
22811
8591
12475
16336
14902
31682
28117
22694
25990
26012
1324
19250
15982
14976
5094
29203
24287
28464
13325
22074
26327
13120
26676
31740
25896
18123
27230
1637
15739
22628
25115
9424
12180
32591
17908
32436
25560
9714
27657
4545
8460
30854
3577
13868
3935
11282
17410
15687
11435
12698
15210
24148
22008
10643
11293
26011
2626
11163
20887
22970
19068
13927
27396
2877
15060
23549
1702
17006
26937
32291
7288
32622
23834
12055
15377
133
21617
2688
20938
695
20993
6821
18211
28824
24795
7645
611
29537
12583
16454
2431
6722
29217
7610
19517
3066
3426
8191
22937
30374
10081
3390
1128
12758
2361
23223
15163
18150
22445
6066
6022
21388
15209
1209
26626
31405
24202
11012
14927
22389
25441
2101
10206
9894
14452
8774
27150
6704
28102
6079
31125
2819
28505
44
15650
32033
18672
12494
2881
10743
22297
14737
894
1261
2411
11838
717
28220
6669
4082
14121
2047
24184
27343
5756
24974
5501
31729
15551
27911
22153
29603
30050
29485
1576
10195
29678
31094
29640
19140
32745
20063
1216
31235
6138
12291
4240
14748
20557
16620
21098
12173
28729
16169
5106
13179
4896
12704
30019
1700
20631
32678
30258
18453
12231
9933
9430
31005
27155
765
5448
9729
16636
23751
1703
1777
27457
12789
22879
11579
23882
27750
15019
4287
28870
31513
10585
4515
12180
391
14286
16968
17887
4406
12105
3452
24462
8587
30828
3313
29915
14816
27896
9197
19009
470
30424
12868
10140
11244
8289
29572
2700
28241
31192
24175
22554
32247
30772
6318
20894
16361
12582
21187
20704
9438
6231
8256
3965
25358
8689
8246
32140
580
28256
2545
27522
28213
25434
29154
2899
784
22044
23261
3290
18518
10999
26501
22907
19948
3596
16388
13063
24431
10580
32767
14815
455
31715
16584
7773
28415
13933
5078
367
1107
16649
371
18565
22155
20021
24501
26798
24712
7962
5551
27901
29
23826
7912
15410
13600
11368
25357
24982
22208
23647
13794
23847
13080
22645
4990
16117
19717
16104
27832
4556
11317
16506
6109
22803
29569
11633
14756
9716
12669
21475
14947
1982
8013
4912
7042
23431
16826
18640
16688
16149
8325
31311
1110
11007
2042
24725
8393
30735
2249
14443
21444
21483
10770
31803
16021
26868
447
27415
24982
15727
10006
253
17247
3555
13198
17498
6202
9921
17890
3276
32216
330
15205
10028
8002
10158
5013
31436
21777
9329
12786
5117
5602
275
29201
14293
19205
6128
16876
25903
23925
15717
13948
26354
3853
1076
20106
23447
29688
8490
22466
21989
8298
12799
10761
31487
24205
27517
11536
16801
191
29412
23593
13991
9210
26254
15450
27343
30355
22991
30896
28095
22312
18463
6358
31306
24532
17275
1510
14319
12708
25096
20863
13730
5199
12026
29464
464
15905
8884
28564
925
22585
26160
7958
31088
4852
26018
1302
16561
24233
30296
28341
19153
7319
5093
19277
25483
23579
30846
29517
11370
30759
5284
20804
29068
10479
10756
8507
15269
24037
3483
14920
17222
29672
21789
5728
10592
7096
29592
3181
6404
1198
2388
28832
13932
8106
27391
3849
32575
3660
9222
13413
17
4711
30790
14647
809
4530
10468
17178
7304
449
121
12373
14119
20532
27251
25008
1919
6959
6584
22150
1870
19978
652
20252
24217
30281
11188
26929
24045
25806
6875
27350
28139
28493
24630
12160
6148
26113
1380
27484
3200
4509
25496
14562
18885
19846
9465
9389
18646
4671
30025
11146
21274
1060
9669
24271
25951
23132
18509
8942
17438
12809
1477
15433
9472
8641
13243
7752
4514
8514
27978
12457
26517
6497
13118
32536
6570
12356
22392
1792
5740
9681
14229
6048
30701
21606
2762
30817
24774
10699
18194
18791
10841
11365
24972
21094
18521
24748
28190
13239
1421
8927
25183
11691
32208
18678
32692
29215
31069
8408
10425
13392
3401
7886
9698
27377
9553
20535
7522
30843
23254
26238
16971
11717
15654
28234
32503
23252
28413
1780
7848
25076
15692
11838
14955
263
4920
29762
27970
17694
28518
11176
4993
23622
15990
27164
6521
14757
16077
27903
7508
16325
20888
13917
26688
25903
23821
30240
720
1852
9204
4995
26782
24360
13927
27337
7990
19816
24534
4910
13359
28477
13902
16670
26267
12938
12026
6309
32674
23523
23530
1063
7785
13030
14099
25425
31545
18638
7831
9807
26077
3397
26183
10559
843
9594
8806
25574
3719
14708
4016
16802
8389
11174
15515
13728
17614
28355
22493
24399
22948
28115
18478
21269
2153
14983
29007
23360
20861
30153
19019
17727
29927
9880
10493
3858
14838
29459
26322
2303
23079
28627
17105
16263
4938
31102
9432
16792
9441
19609
9768
5892
15561
20382
803
31538
5916
17231
23125
12308
21845
19785
23730
32088
20661
4316
21278
12259
27622
18970
7475
11643
10207
7982
3390
28867
7
7152
17802
365
20893
2998
31458
15531
21079
9580
16465
486
23113
15847
16428
6067
1289
29814
1618
23811
28177
3514
16307
6809
3172
28856
4879
2242
29045
31277
30464
23872
28484
6689
10555
30087
27082
28607
11027
28972
22423
22372
26431
20634
13754
7926
25820
27655
29409
21623
11190
22182
5569
25306
15811
542
8888
28949
18928
13884
1201
14199
31776
12516
32073
16188
3698
590
24624
16479
32707
31087
7633
4527
4981
13492
24885
24357
32366
10998
17700
6773
25955
16555
25742
23011
4182
15705
18986
6488
30557
13649
861
4533
3238
15257
23133
6759
26552
28714
31638
18748
13819
15963
2637
17524
5243
24478
26755
31516
14057
30314
13852
14231
32739
21880
19264
16510
28276
18226
12802
31658
1247
26985
25407
18318
3224
28998
19145
32458
23444
27523
22213
23038
32450
19674
5714
9180
28122
26302
11116
29570
11349
5194
5135
24838
31676
13175
3743
26706
806
16017
7559
28210
4093
6636
28193
7083
21504
27091
9942
911
17550
1217
24710
17998
32545
21972
20265
10255
22297
17278
23991
19711
28859
28286
16710
4073
3449
23822
18290
9992
28019
26206
25602
2841
27199
29250
16841
21683
12005
24871
23241
987
12590
12364
23455
26068
20511
11823
22043
3380
15296
21317
1838
4157
2594
4845
13321
361
7583
14503
25219
22087
16484
9601
28859
12422
6445
467
20479
15695
23888
14124
26349
7897
25597
18060
24280
5175
32452
20180
24686
21364
15191
22394
919
18913
29330
13185
30368
13998
18616
4265
8344
21432
768
1763
17146
162
22096
15367
24205
9255
4936
28617
24457
14254
21378
1002
21755
12575
3096
21675
14186
16118
10599
30087
699
2710
6163
9761
10066
29919
24396
4988
5754
258
12367
14698
28167
24980
3887
30791
1850
23522
30933
13030
27876
30085
10821
2252
31950
8246
27940
156
14425
22499
3447
14035
2146
26370
23726
25781
30824
17701
26081
21384
11505
17358
14169
4095
6441
32133
25938
29177
14285
15145
10751
19564
19271
17284
18127
22939
26907
18721
2799
14224
21633
27234
8976
2246
27731
30669
5738
3366
12330
29863
5377
18228
8389
1476
31527
395
32682
17053
11842
18567
12815
7331
14031
11329
19194
20691
15271
24256
168
6027
17025
621
4396
1692
22969
15560
23128
22944
3920
24922
10464
5262
22835
18666
701
13451
21184
10484
28880
25347
29574
32599
3016
24313
9036
26190
20549
4251
20309
25761
32317
31514
25827
3613
1952
184
21754
2113
21047
11555
1382
18234
20690
31233
21248
5906
14242
16844
2348
17700
20452
21728
29350
32211
11967
25810
26495
12923
21360
14852
31842
7080
28836
26486
14108
11142
25893
28895
27739
1177
10169
5885
10934
18606
10824
15913
22254
21522
30780
9006
23924
14593
5165
21083
7467
3937
22718
5335
28526
27825
24770
18485
29013
6204
15012
21576
29236
20370
27397
13113
11109
12088
678
16342
9544
5023
19337
15917
28039
1619
20819
21082
671
2933
18677
22941
6300
25451
7051
22960
6947
5334
6276
31319
4278
21188
4868
15672
17204
4904
28294
26605
20895
27015
24262
21592
3874
31219
24286
6966
21331
6205
9135
19703
8117
26471
3458
11470
16001
3416
23791
8708
16038
20179
12031
21393
28942
10154
1165
8685
19235
13103
22770
29476
21138
30956
3041
1321
30286
29076
8847
14956
30937
22585
9239
5294
20415
7102
5406
21012
7267
1168
22194
24699
8701
25233
27768
6924
23780
22357
28167
1552
7945
4241
10127
32005
21956
1744
11710
1777
23764
5224
26852
17654
673
30893
23381
12071
8643
7012
9999
5018
29640
9339
5788
3006
306
15351
11578
23535
21184
1581
570
29000
18415
12341
27558
29113
14015
8348
15398
4697
14522
8281
6180
10237
18739
4098
9775
9737
6348
32064
7837
32646
14907
11393
32373
7797
3149
27372
24972
25955
1322
15514
18413
28478
17116
15107
19070
359
1291
14262
737
25608
29706
30542
10905
5288
22808
6305
13678
1789
11231
31802
27410
26625
6465
16394
17412
5960
26452
9050
3509
19088
23211
26372
6634
3994
216
32227
32097
8248
1070
8584
8631
15528
27852
7982
11913
32
29399
28912
3546
25514
17926
30522
4020
25394
28260
26238
28946
30941
10833
15656
18942
25245
28106
21971
9975
26115
26347
27069
20885
1620
11186
6008
3184
24798
29958
16867
17981
9100
2808
23385
2106
20921
17992
28968
9165
19266
19243
2885
25447
18911
24907
13374
17071
18611
3344
15727
29149
2593
19998
4985
10339
12258
10015
14064
2771
6484
21186
11604
10237
31765
18947
32323
20823
27345
32686
4332
21155
15960
29982
32199
19659
5364
3147
10372
14352
23545
15108
13889
20835
6045
888
13311
30483
23818
22011
343
14505
12978
16391
21353
7697
19171
3201
25622
27130
19611
14654
8559
23422
7837
26054
29036
13062
26820
8024
24034
32360
16280
11822
15535
28755
11807
18433
10295
18157
4598
19408
23573
1466
32159
27358
18954
1728
5405
25338
31545
9961
6334
11778
4503
4520
4665
19114
32157
28639
22520
634
15424
32257
23223
20758
12578
19828
29006
20674
28938
13625
5835
20517
4242
13774
20164
30029
19231
21587
9196
4596
5654
12525
29923
3330
29773
23656
851
1363
7616
12576
31032
4537
20358
13089
22655
16965
22531
15245
2259
18114
13150
29502
30644
24195
19509
24749
32457
30047
13456
3346
1143
4601
27412
1229
2738
31045
122
14085
8211
11079
12607
30863
26411
7454
18332
11793
10264
21570
22968
24935
8277
18186
14365
17989
1239
9841
8296
29214
27221
29977
2117
19269
2023
3984
5275
29523
2002
2515
4356
12488
23202
1552
31616
7157
16506
26800
30826
4889
31913
3477
17067
14794
26493
25248
27693
1942
21084
2935
659
10731
29200
29317
27687
15668
17251
27458
4371
8517
7660
18868
9429
27897
26920
4918
9197
17689
10189
11384
23000
6784
19802
10439
834
4989
4595
7822
24696
9337
14444
9501
19484
7130
31396
24490
10780
9511
4116
14741
17124
1900
679
14321
24275
8928
17868
1087
13804
29125
17354
5244
1999
4240
21845
5215
28647
4426
22366
29660
18916
7734
21295
16108
14956
12212
27830
8848
12301
22885
2849
17171
28791
29328
28588
18320
1512
7620
11959
16053
8423
29631
16156
16582
16949
21903
5055
29413
16641
10743
29543
20368
347
2580
716
22635
28395
8512
13553
5440
4067
17463
5555
1092
17458
889
8866
24476
1275
15599
9745
23583
14405
28880
18537
17758
27892
24006
19395
6881
4856
10317
9653
4788
964
4444
27499
9507
28417
72
17402
1473
32644
25573
21746
11695
19582
12014
23858
23322
27379
29607
29185
10758
13166
25280
4698
10826
4082
12669
1158
5852
26163
11028
12785
4687
29190
29015
30006
3226
9239
12434
3708
13851
22746
19127
12805
9180
31684
15800
25860
2324
27322
18741
7343
10737
11722
5975
21398
27540
22297
27900
2355
9566
7964
9492
24514
5994
4363
31562
19539
10842
23443
27112
3357
23639
6604
7924
23061
32595
10346
19615
959
11409
23351
22753
29764
4456
9921
12381
18118
31044
4687
16522
26864
14573
1562
23828
31441
24332
18874
5248
24810
19947
18143
14352
15493
8828
25665
6886
15945
3229
3290
19563
1804
31898
14162
20978
2792
18931
443
9113
10897
14176
13694
28784
30437
30739
18325
28126
21189
6717
10491
13888
26404
31443
31585
31442
7517
9874
32291
3283
5066
19521
18298
484
16530
9270
7667
30642
14018
28955
1568
15060
16800
32242
22669
21751
19004
15703
29685
17976
15175
28165
24502
28113
22312
26780
29315
26104
13389
31394
20825
22276
21439
29383
23220
1490
1530
17005
20994
8551
4603
22631
24408
5078
21146
6401
14180
23140
15898
5953
32675
10475
3071
29549
17107
23676
27935
717
2476
328
2556
9394
27595
28609
15185
26808
11503
17660
12523
27207
14951
14938
31418
1376
7371
8295
10280
18582
12779
258
29097
18522
17157
11455
8340
14204
19259
14217
10545
26863
579
10380
11027
7885
32609
24914
19368
19098
2194
43
7950
8909
25098
16851
4904
12684
12769
9807
4338
16568
19466
23832
18449
18217
31364
15483
22703
15163
5588
18496
20357
28297
434
2954
10297
22264
25091
18942
18923
26872
7175
19495
12811
26374
30676
19225
16749
19061
30211
16213
24479
10607
11689
5869
26746
15927
18057
5865
6135
29616
25479
27624
26692
6947
4448
11787
5655
12093
3481
23566
16195
18519
31157
4536
20361
9723
20139
32118
12208
29091
9367
22851
27351
7875
8880
27338
15883
3082
11130
20175
17941
18917
6461
5067
16277
10822
7861
26582
3413
32163
8203
24010
30935
8513
6148
3494
24880
17074
23929
5168
19481
31901
23815
13791
3396
12477
6919
10487
30700
17196
4544
19190
20144
6882
16348
17711
26017
2936
31513
25781
10906
3122
23361
10618
2000
24637
20828
20664
21673
5173
16164
24208
18642
29931
8889
27378
9612
25444
10902
13756
2374
10789
17860
17958
8561
14253
1101
6493
11920
25156
23540
9326
3726
6387
9507
11622
16725
9684
25637
16311
7068
25996
12949
16350
7168
6165
23831
25155
5719
11969
2374
2401
10561
15227
30701
20262
12799
25936
14201
15773
12937
1583
23214
31434
24026
21997
1946
27606
16015
18060
29383
4972
11184
30141
6837
12130
32718
22435
22407
22940
17998
32474
4861
12333
21252
9656
15522
18624
30724
23763
20039
29495
19892
707
29871
3985
16678
26921
12428
31505
23717
19184
938
22684
32398
30674
32363
14436
29282
22814
16755
25283
8216
13241
18340
19049
17848
19299
3149
27066
28453
19260
24990
3954
8250
6023
2912
24203
25881
27821
29155
1376
15552
28549
311
28690
4574
4818
2206
31275
13796
30222
11842
25473
4702
8550
19236
3166
1156
17157
17237
15581
5900
20885
11880
31639
3651
14339
25639
14207
31324
28291
16773
18699
17416
9429
14804
3733
26439
25030
2104
10240
20605
15353
5468
5534
4040
4071
25955
15953
22161
22309
8738
8433
29537
1254
5516
13550
16374
3008
10349
15927
13719
28851
14684
6234
7076
3943
24554
15596
1137
29621
28704
2347
3156
27753
21033
1762
3837
15174
587
15501
18182
1611
19740
18622
3019
28213
7154
19647
8572
28229
26011
27257
20337
26947
5966
22932
12477
1987
2530
22496
29445
19367
22334
30964
30611
31973
9233
6421
2726
21387
12739
30553
9484
768
19627
15115
27635
2700
27266
26706
25341
28442
3351
2062
1170
16957
15685
1795
13434
6770
12834
4153
16555
24741
30842
26274
25695
5878
11900
510
362
31932
10162
29436
971
13258
3383
21154
9089
19186
20004
16622
30880
20936
29771
14014
5539
22952
12584
12013
7172
2043
14100
27327
32522
7605
12988
21887
26851
6178
30930
19302
30194
20195
15362
18367
14954
13108
24360
15945
17948
5232
14272
9181
6797
3542
21661
27216
18252
397
7391
29595
8322
17638
23327
16441
17355
25058
2284
23761
24388
4596
28283
21269
28390
22023
27290
8682
25618
20419
30438
201
27500
16396
15422
29285
17645
20172
19319
27278
25140
32755
20049
2901
16157
31164
17578
15729
10389
49
8690
10209
26029
18929
24287
19155
30445
4657
21346
16837
24554
3073
27865
28906
12058
6864
5254
8655
14312
29747
23104
21310
13060
3810
14184
16483
14589
771
32287
25389
19217
16300
18614
30199
24132
14755
32102
14440
7343
30568
14914
31639
20763
7797
15721
14707
12494
26052
7552
15203
30629
4498
26208
5161
2659
23651
28171
28940
4937
28998
30181
1590
19687
23386
27681
6747
28465
3729
24953
30107
29397
28084
1826
14250
7884
29095
18687
22830
5167
21999
22549
23656
19533
28273
14655
28951
15610
2684
11298
3993
5930
2314
32356
20308
21438
579
7961
31828
669
10819
1662
12341
4103
20765
17898
29252
29734
9248
21505
8929
230
5209
26923
13864
16903
1624
69
464
9073
12087
20374
8786
20935
17113
19972
15182
2366
22384
6279
5931
18096
8770
19423
27135
3820
29100
9858
15278
16465
2151
1753
15701
8859
15882
6571
3561
10492
2256
19674
12827
6767
21660
23117
17279
5193
19258
32557
6894
6928
29160
13140
31273
11665
16405
29954
30910
3629
4968
31954
14384
13940
9476
28141
9042
10485
25611
22142
15604
5459
22880
5222
16833
668
30898
29232
8552
29655
694
4167
4858
15068
23731
28262
18579
28009
324
10577
1597
12401
28250
16579
8209
19895
13440
31143
9120
18332
2915
12426
12433
24373
3985
12369
17547
16545
3457
24871
32341
18842
32212
25530
7227
7753
5850
27815
14772
95
5976
29746
4163
7265
11912
3643
16283
16707
9570
32366
24838
13881
11546
23737
27143
8906
30442
24067
8766
15654
30993
5403
12429
12985
1308
16366
889
32512
4964
29950
6355
9372
26584
17679
26775
31909
29692
9507
30484
4160
6706
13481
21069
12404
13881
13298
32416
16441
3827
16100
5797
25810
5483
8178
8793
4189
5398
20300
27004
6825
14681
29266
17719
23623
3148
28495
13570
32740
21182
26980
15045
32214
27001
14530
16957
30196
1990
13084
6050
23467
2868
22621
12679
10318
12438
14230
20993
1966
24139
8250
17163
13035
25538
29581
12841
28041
21052
10842
28492
22726
21204
25316
4854
4395
7613
2848
20382
19042
30412
31521
29270
23879
21302
5076
22187
31809
3226
13805
20941
467
17730
9505
22768
3438
24998
11158
26353
25226
15153
4504
25917
15861
28744
15757
7151
5482
30089
4139
27960
30053
19536
20712
24580
28982
640
16050
15834
22868
24448
6369
18436
11253
25219
13418
18417
29659
30221
29013
32471
2417
31923
9329
14492
27158
6946
18758
1527
6585
25442
4171
25043
17062
17756
7513
17908
1951
26778
2656
29404
15407
21327
601
28400
30523
663
2171
215
13274
22527
16306
10531
29799
72
17997
24371
7124
14184
31222
5463
28992
3538
14312
18486
460
4855
27996
7533
21675
2317
3140
21881
9593
1551
14396
5335
6350
9733
16318
18537
7954
12933
13717
10524
31123
25466
16020
8904
5588
7460
26503
8792
13097
20320
5994
3882
1664
23082
29145
29625
20610
7008
15816
6521
6619
2504
9332
7170
2517
341
23705
14193
2860
9382
5606
22027
13086
30672
14510
8484
7873
6237
19936
6464
15001
13973
9017
31095
10346
13308
32696
27166
14155
2843
31827
18083
8700
25731
21736
31417
1913
32016
17782
15029
20943
16747
18317
6968
32559
17106
17411
19471
321
26908
3305
31319
9914
1527
13245
7653
17201
11637
4065
13797
2351
30663
2380
14528
19077
4168
31616
15172
4834
13757
17596
4863
20644
4058
21874
30699
32751
32265
21499
26961
3068
17256
10378
23015
23220
13328
1375
26427
13950
18333
16189
8277
2645
13547
2589
8088
9245
31517
28196
31722
28983
31716
2259
21781
26963
2814
28286
32620
7045
5884
16383
4785
4508
20297
18603
24630
32175
27496
14469
5187
26104
30589
20146
1720
17125
18959
2093
32499
17261
1804
9916
28404
11169
21517
9251
27071
387
8668
26007
22786
31770
12084
17269
13816
26822
10439
14644
18829
31442
2693
20889
14275
14664
9756
9001
23124
32521
29371
28900
11929
16668
2588
17200
23210
3911
30401
3348
3527
732
14206
12710
16375
4054
7223
32199
5358
27684
24555
27149
26164
325
9201
14593
14468
7189
12418
17803
8307
20199
7800
5546
23122
14803
20053
1384
6484
11602
20615
7694
20980
23304
8939
28052
913
2272
26511
29275
17755
31326
30908
28447
6771
1073
32308
15143
20814
32264
26552
25278
29275
1703
28877
11239
485
20026
4544
21325
6458
23273
488
5497
6925
31660
12075
22599
1817
23905
20163
2203
12551
30236
27458
80
24210
15038
5076
2161
4329
21193
4293
19372
32084
15986
16707
19715
31003
8952
1636
14021
23716
12597
24427
5565
8667
23155
6983
21673
16854
18304
17244
3054
5562
17925
9094
31113
16088
8211
4955
13641
23068
4607
25777
30011
680
21104
7009
30310
26556
24758
21066
23993
31193
3421
29080
9538
29478
28930
6726
27041
16146
17766
27361
11195
1339
21697
399
23219
23439
29529
24401
14870
25520
14162
4229
30805
22429
25288
16047
2425
18832
13339
3960
6674
6946
4234
29943
11888
28597
15620
21296
16918
7699
6458
7898
31596
25939
4345
22886
18356
26877
14263
3644
29503
14446
17004
13640
4577
25981
21411
7861
19362
28254
19920
19448
25014
32455
8164
23057
32688
19538
16415
24845
11506
4643
18725
27856
29288
28618
27989
29457
2166
12138
13398
27302
8494
14107
14066
26626
8903
10638
19752
25340
26186
31216
25212
2514
20111
30480
25746
17773
19304
4547
32763
21222
7452
25224
8015
5706
27671
12904
24700
2714
2271
2848
29789
29462
26698
4738
7311
12731
12271
13593
15232
26379
26330
25612
10952
16140
7812
27204
19389
3987
10242
7377
1601
11202
10620
27274
10719
4304
10209
3828
25879
20488
22745
27750
18165
23061
20731
20842
32489
3964
25153
11621
20178
14954
16056
30843
25436
21936
13180
21165
1676
17676
4068
7748
24729
25258
3322
6515
15102
1514
18734
15160
31181
26468
11339
22403
16198
1578
18345
20122
28072
29260
1701
19388
31559
8354
17230
22276
19679
11205
4961
16017
2600
9823
24952
6884
8362
25253
9854
29321
26835
21281
22374
16634
8519
26805
23324
25792
13431
4573
7356
14555
31861
16180
3587
23908
30983
4410
11779
29553
11258
4948
26650
20537
4024
10260
24356
27513
23581
2747
30960
3350
3463
2556
15857
32259
25132
24579
24886
16485
16817
19382
1180
4853
17144
20283
3395
17318
17465
14266
7230
5513
18772
21092
32655
15853
5221
29364
12114
15562
11417
11764
11064
5216
18241
28676
19511
9243
18213
19799
24192
10938
17947
13886
6066
13232
23768
28521
15693
29642
7429
29610
3945
22803
29078
8957
19368
20981
22871
25286
23657
4000
12231
4953
2110
18352
30762
32447
13729
14601
24282
9400
5858
30726
25822
2044
21092
17876
27069
24774
31497
30488
1940
22675
27883
11736
30055
13095
25165
27288
25525
2258
21713
14531
1871
30193
32491
31309
18026
25527
4501
5783
15346
20014
29252
4243
1313
11128
5403
18472
3409
22619
18271
27352
19470
11773
32300
22432
10608
9451
32102
31263
31911
10592
27377
24827
22744
1221
8741
4993
7208
116
23420
27275
29974
9665
31886
28839
21005
16187
9280
3445
28473
32559
18232
81
30363
28526
28820
28210
26200
3664
31451
1746
12631
15609
21811
1296
19978
25307
10453
3730
10124
27260
29375
13998
9453
31610
26024
10379
15050
5580
10297
15491
15136
29258
17274
31948
22369
19568
21899
23896
2248
31071
23700
11001
21226
28708
11774
30153
5263
10045
28132
31433
23231
27481
6852
20680
27168
4960
379
23687
29311
13747
11632
20506
8364
17077
10511
14737
651
10378
8825
25816
29032
25631
18553
5340
30347
9066
29627
22511
24076
23795
28728
31598
27625
147
31477
25249
26454
9595
18413
17634
28756
22905
9291
5890
21381
30071
2269
9192
20543
6981
12486
6267
1247
16536
2163
1731
30048
27474
2256
9290
24620
771
21179
18377
21809
23472
7865
27136
17208
24020
21735
11750
28530
28581
24884
13314
2900
920
6094
15641
23717
28711
15834
24585
11222
29906
2664
22261
27793
4196
13222
10146
21652
3191
23635
11041
21696
25146
30071
14511
10349
23666
26706
30681
28417
6847
7314
7652
961
23073
11977
6763
2023
9914
27421
30538
21236
23254
24642
28603
15687
3880
7845
703
30959
24662
30698
1216
27838
11705
21145
29812
17822
13662
26132
5892
12840
12624
29389
8046
31859
23065
19125
25896
30250
29318
15864
28166
27362
16555
16359
20317
3242
6183
22581
10857
3811
22953
13415
18412
25426
2995
28038
5912
19827
28830
22039
5039
16400
15839
25677
22377
14611
22664
3196
23190
3993
15122
8145
10244
26695
26713
833
2083
17377
4072
21183
26471
23576
18295
17586
31726
17060
32178
24998
28259
30355
2620
25665
2594
25569
32500
21881
14492
328
7799
14597
19453
89
7142
24081
23821
17356
2025
10294
16468
4117
3827
25769
22146
10808
27848
32691
15374
22749
14653
11873
7196
31655
29247
24700
10916
11458
26391
3771
2513
8379
26860
14648
7847
14485
25738
10785
6377
31257
18786
20656
12858
25197
25041
18525
26754
18152
165
24658
14227
14373
10205
14111
5645
6998
3248
16047
14718
28123
7377
15482
26062
26388
26866
6653
19419
27763
6279
6503
15200
3029
19148
17046
11291
28690
2313
7233
25135
978
11796
1399
12743
13987
26392
17224
9724
6217
12694
5826
3833
15957
31401
28447
15196
10234
17294
3132
24800
5147
28515
9549
30777
32168
7727
26576
4160
12843
14627
25279
23632
13982
5152
12810
496
28288
18553
32324
27058
14632
11513
9372
5979
31064
3880
6928
19779
15125
4554
25821
32511
27574
21673
11066
22334
22588
18836
20037
21745
26081
23208
574
17327
14580
17870
19699
4951
15843
20869
30587
21239
18586
16098
18471
21228
15883
7380
6326
12875
31758
24749
7368
23424
29548
26590
27798
13365
10294
18178
10207
1142
3164
2591
17702
22802
26746
18984
24858
25924
18165
15302
8790
10130
5447
6999
1354
22006
28567
6712
9337
21820
19085
12607
20710
16299
28516
31884
3784
16103
32321
1154
19077
15638
27331
6160
23006
12610
9947
7221
7527
2814
28638
29891
22075
333
29144
27235
1005
18623
13604
12761
24258
29917
2617
30857
16925
2247
26567
6714
6970
31516
28419
25627
12319
12570
2622
2307
21200
13575
22973
11005
21699
11215
25285
7684
20115
19950
13557
18443
4088
26512
31193
16961
19447
9207
8891
8082
21846
10270
10428
31857
32595
16540
4900
15317
30358
9930
14327
5505
9827
8488
27337
22921
32276
765
3538
3346
10951
20286
14661
17497
6484
689
27870
24055
21634
18770
32698
867
4986
8950
17004
4792
3195
15150
1869
21944
24528
30830
1299
10769
12031
1647
18342
32480
13380
24529
9007
19316
28221
6917
23921
25428
13287
32362
348
19331
17609
8118
4319
29954
10607
4760
2303
151
30746
27292
27686
28621
20918
5198
18109
26428
11020
18850
25084
26122
13881
9619
6401
5810
95
6923
1056
7428
6042
21251
28283
1390
19766
13803
18898
14713
26655
9292
5276
7574
23448
8876
26198
15387
22064
31922
5659
8585
15602
9098
12149
19984
26333
19339
10611
24661
11412
3351
5115
23922
8278
3267
12130
14910
559
28344
8762
2512
17520
6490
16747
30014
13406
2855
7814
24746
6951
18401
20565
24960
27418
8431
10679
27129
19734
23809
21162
19940
8771
755
30634
1189
19969
19444
826
19582
23582
231
5568
4877
22348
18185
12181
18198
25554
8148
16733
30595
29313
8228
5780
25513
8170
8857
20074
24781
5070
31036
22225
14567
29910
25189
7636
26277
17540
17628
27946
21171
14186
30526
9227
30266
23962
5794
17218
1703
12125
12413
32644
3757
21032
17347
19968
6285
10699
23887
7991
19861
2540
21381
15374
12006
7092
25910
31009
19323
19400
16323
13403
5991
21627
12422
20676
18526
14402
1389
9369
23415
16488
24808
3490
10288
21506
1286
8128
9395
15142
23003
8646
16216
8792
13092
19593
29034
29253
6446
59
28462
20404
6387
25588
6433
22457
24454
9106
4738
27691
9394
16323
8464
9305
10462
9312
14869
13817
18996
30973
24739
27233
29955
24510
14622
29690
29537
5740
30202
14321
24596
11719
454
24623
16563
19230
2666
18828
2824
10270
20909
8767
6585
17640
26362
19609
21543
102
11875
23028
3479
2782
22758
12774
24464
26311
12783
14778
899
27612
26143
4128
28594
112
10060
12579
15178
32001
20937
5724
3538
28175
30439
10085
7625
10286
28859
3729
651
25179
25378
17882
23925
19084
19971
28699
7753
18571
5332
21120
26324
25347
8032
570
20942
31451
30663
6775
8449
20676
2502
3729
5806
2318
26424
27781
32300
8640
13789
9128
10194
3815
10843
9109
23575
28974
13442
26474
2552
6831
16596
16692
13466
22025
13125
31143
25649
9139
32575
6163
7712
24976
233
26259
10338
4291
31657
1672
7208
11716
25064
10565
3011
20147
18965
16652
16325
31725
13548
15930
20323
30430
2296
11454
6174
25366
26454
17871
22691
1438
15805
18911
29423
3724
14779
14026
6582
8405
321
11860
27910
3171
21602
8402
18984
28263
31832
4135
21191
11249
11208
32498
28499
31422
13383
24582
20648
27728
13596
6683
13547
12100
10055
29635
29621
31457
27331
31647
5492
22765
14601
16594
31246
16836
8405
28598
21191
16043
28460
9934
29540
1633
10654
6140
16016
18423
32201
18932
12672
6114
18974
3569
21203
13135
9192
32167
2236
3510
32393
5496
6754
23730
22535
16106
24711
5648
3784
24409
26984
5157
17562
16105
5093
21605
29431
23487
26082
1074
5254
32113
8685
20466
2020
7354
24609
10340
4005
29555
11850
29236
5014
18622
31562
21453
1861
19845
20923
5486
6596
7459
9685
18304
4777
13920
14994
8999
89
163
25105
22807
7047
12643
7480
17065
1015
9695
24222
10541
14984
1295
29864
6018
31857
15834
24306
27109
25547
13705
4848
4103
29008
14972
29653
13666
25442
3867
435
17356
32335
8464
996
29773
10707
16564
12970
25134
2014
27846
9234
21586
26776
1635
30
12490
16290
306
16418
20131
32415
25568
32111
6658
30964
11468
4911
15988
13515
28419
6032
19327
19806
15214
28709
1917
19058
10826
1417
25770
4385
6361
23109
19579
20957
28503
2291
13617
6066
816
28068
13743
23755
26992
32384
2952
18488
19835
6060
18269
30959
8190
15985
4966
528
12837
8090
18510
31853
4367
19741
17476
20809
13695
32510
14415
8800
23508
23409
24545
29480
6203
2623
22192
30551
31523
5994
193
10917
23025
26900
14533
5587
4085
19613
14505
25836
19357
24332
28777
13003
15337
21680
16165
11741
12831
25607
17014
31272
3008
22494
12290
29836
30906
3258
27982
15177
29151
23927
22996
8130
29590
17199
32598
25985
20689
11357
7281
29306
12863
20290
15733
21652
5570
31624
22388
16485
25123
12070
6553
27965
25349
29315
26811
29287
16663
16350
14642
2475
19086
31213
15082
23319
8147
13764
2998
13824
6264
23545
25574
23363
29809
25862
28955
15568
11649
13550
21338
22122
31986
23076
28768
936
27017
13224
4405
30528
29113
17011
32260
14212
9751
10773
3114
17453
18446
9373
21133
18776
16596
28089
30767
974
1180
26910
20739
14984
13838
2090
15615
29043
7668
13000
32114
14704
19254
14229
29848
16799
28424
1857
875
3549
18786
16183
31165
30347
14768
18304
19588
21906
18380
2020
1653
1187
14633
30803
9940
4292
1617
4228
25226
18184
17553
23260
31608
32413
22514
11921
8715
17420
364
21775
5392
18877
7511
7835
29642
16826
9762
10806
30274
1204
20295
25796
32735
10827
19582
877
16438
30346
6450
32068
22051
16561
21553
18470
10521
14136
935
23781
27830
9488
21837
18086
667
7212
11998
16776
11898
10560
8907
11399
20592
29897
7471
21151
6550
30029
23813
20276
28371
5860
3481
4529
28148
31735
5180
17520
18686
15176
26172
6874
27586
16178
31507
19151
8115
10803
11999
13640
8693
25767
10514
570
24502
14294
7019
13246
19649
6705
27941
29808
2128
4313
9838
9492
17442
19041
12314
28032
8654
22229
15257
21686
31319
8443
26406
9296
17408
3288
29250
6945
2658
24438
5729
13081
11451
21477
22499
32361
22153
384
25413
24552
26200
30577
19097
8885
14040
12664
14131
13598
32306
18920
25510
2753
14236
3314
29167
27121
19244
20773
29167
10332
26601
14646
11295
6890
17448
17149
1151
15592
14358
18369
2511
21093
26257
20917
1282
2524
26684
27330
7408
24852
11474
18567
25163
20805
1722
31135
22484
1660
5340
30754
19150
9792
32436
17774
4019
26998
13988
29479
30503
3458
13967
15740
3882
24751
27299
6828
1169
28113
15990
25545
14519
2857
85
31421
24432
20616
3801
4490
14654
14519
1210
30422
15816
29207
22248
2982
19079
8837
6360
18026
10691
8832
23324
26426
1470
29582
22583
16735
7215
30171
25519
15893
17905
8484
20324
31887
9981
17619
15135
13116
6806
4972
622
13897
12227
32039
15536
18279
18946
7647
876
4814
14907
16938
29415
32129
25587
18378
6389
10452
17090
23876
17935
20268
25607
25806
29862
24071
10458
32366
15031
28988
25666
32097
31136
4995
10664
19642
16434
26679
24460
1867
4871
8795
27255
18120
3861
27868
1073
28202
6788
10261
4915
29522
6077
8344
5727
27631
20164
9004
30959
24993
199
4626
25260
12639
23031
24461
22624
31254
13718
4513
16525
24210
26705
13082
8287
7842
1233
21968
9440
19319
20109
2602
19563
6990
20194
28641
17507
8271
16485
17414
20260
26292
17528
4167
17978
15917
5915
24430
3282
12931
13573
6954
1645
30588
10228
30482
26076
19456
27969
3303
26728
6265
10935
3609
20817
19584
9637
11917
14714
16309
12338
11422
1890
6638
241
6754
9046
1685
10421
19502
15333
14155
6823
4188
11925
31185
31381
5195
26836
25897
9613
6824
21809
25080
10411
26348
10444
4655
6703
550
9483
23530
2258
15611
8591
7065
30043
4843
29287
16733
2669
21206
32387
23989
1699
12478
6763
24921
3295
9422
31537
5222
20190
15259
21923
2236
17936
15275
32198
2980
28327
17460
6784
23223
14574
18725
16789
8187
9437
4202
4053
31054
15338
5228
4499
3848
23841
28632
3928
32220
3959
13986
4825
6143
20060
24649
14375
16780
1167
10076
7974
27688
10550
573
4416
30178
13102
6437
12122
28508
22176
23912
15367
3376
16597
9723
22012
18573
17995
30003
14021
29473
14088
19407
18870
16956
19758
11577
12067
5426
27088
14601
32724
31489
5124
32203
25779
15155
28217
26882
22216
26118
5579
30829
7015
12235
8405
4232
20648
7052
11847
7254
7704
14577
15416
23134
23982
31076
14461
31475
20737
24692
32634
29625
14007
4983
15672
11365
21569
3188
25784
26820
18374
29760
12679
5119
13916
26598
26515
20765
10878
11596
17725
29897
14011
6932
23471
19542
12459
14273
16752
22016
6183
21531
21301
20085
32441
9428
30459
14228
850
8043
5458
15476
13883
7761
15612
5800
31054
4171
9398
22721
12390
14103
32598
16917
22036
14674
22038
32703
18580
2969
23856
32487
25343
29935
30379
13380
14017
12894
22388
31966
31054
32225
688
31769
31249
31874
3921
6895
13477
22464
27623
3197
21320
1587
5305
31681
13709
1907
28693
18082
20305
5941
17636
27184
29679
7095
32641
1070
25016
21343
14540
3534
8605
1439
13178
13243
3887
15131
17327
28508
7370
16654
21710
17752
10252
31721
400
19797
29324
19774
29267
26374
4809
4317
30133
16484
29025
30013
1890
4411
9860
13085
14634
12265
19367
26730
12887
25442
5501
6756
14653
5752
18979
8957
31506
20570
26523
3457
1536
5722
3707
9852
10617
6899
1254
17113
12491
24074
26044
583
11252
8820
20494
4321
15031
23737
10965
11277
3567
32535
20707
28324
4900
18122
14617
10324
32348
28299
28379
17475
9779
27223
28353
757
26158
4209
15247
2928
31565
21418
16232
6046
3807
29408
19774
16370
25498
16837
22157
10830
22763
28385
10569
8229
14475
27355
18965
20445
595
21748
16053
15735
10833
4308
23750
9841
32027
27017
28844
23787
7779
26061
20685
24074
21964
12679
12541
10138
7676
16533
19000
4343
10739
3785
10903
11053
21659
8497
16765
27742
11936
11420
31761
10852
7809
1369
1522
10424
18152
15426
550
15762
10039
3322
20563
21074
10851
370
12849
17183
6149
28338
25919
25038
7086
11990
1205
8197
22139
15446
18362
9376
12010
4747
28632
20563
21228
30575
31661
30097
8252
4773
29155
18349
26350
30137
22626
17728
14923
31144
11203
8650
17372
5539
27400
29340
19653
4880
2955
8949
29013
17106
26933
29547
13018
6090
1776
2188
23482
19101
13151
19654
27071
27320
26060
10628
29363
146
26466
23450
14125
9521
7324
26339
22442
13040
765
27944
24543
29567
14082
27716
7246
28459
5717
10118
28184
16736
21059
16471
4370
5740
1648
16925
2074
13957
10185
9567
9132
16910
24507
3625
22192
790
10146
18866
19862
30754
14469
20284
31653
31788
8960
18492
4752
12267
9089
25531
6219
2133
1720
30972
3868
9827
12872
15711
25589
23572
9667
4485
5889
692
2005
10677
21117
1630
5055
5502
25545
19136
31495
27294
19135
19742
3950
5923
21315
10137
18723
7888
27931
22962
32054
18370
13826
31242
22607
31316
27127
13675
29088
22591
11739
16140
2584
20230
26683
5649
19418
10641
7275
17490
7661
25879
31700
31325
24629
19778
8590
11454
9122
9102
11314
5758
12967
22003
10729
17641
32238
2243
2761
4244
16714
30677
3426
10143
29933
29411
22931
3384
24283
31025
15779
12896
22686
14447
16780
3058
7483
29409
1178
18913
13158
4285
6453
5057
18418
24789
21243
28297
3211
19573
15123
12183
28327
655
7869
8436
15034
24085
27693
15066
32681
2983
20889
5747
18050
12910
21137
32228
29290
9288
18319
15754
23767
22821
31695
6787
511
14769
23904
4721
20880
32051
29564
18554
30625
7860
3861
17300
12776
11621
27056
25087
1326
31803
9846
9746
26369
29916
27016
16443
12201
4542
31124
31298
26717
17293
8102
26573
18870
17870
14656
41
32355
9923
12460
1351
32287
1678
20369
23557
5344
20888
8133
14767
27217
31284
20066
19142
7555
30080
17692
14080
18655
32652
28113
9871
608
27327
21602
11430
11263
32374
6850
15162
10350
10477
29516
1030
18440
2147
5466
27345
521
3961
24595
27891
19962
18652
8068
8726
12656
32291
10227
14906
22006
17915
15215
7420
15176
15745
28076
3607
22978
28911
31246
31531
18711
14203
16388
22205
16198
1660
22935
9343
31690
32719
67
6866
29457
16249
13317
32138
20016
11405
22709
5617
4821
20817
15766
27662
1917
32412
17196
9511
10215
16002
4941
11140
15816
23091
8059
886
29120
30497
22897
29080
26765
3937
23036
22101
16511
18772
27148
25258
811
29318
8715
2605
24420
8662
4973
22095
16231
17624
12425
32478
3926
7287
26279
27598
18408
27871
7770
1080
4446
25754
5648
28323
4793
32504
19175
9859
16682
26037
25538
2815
17354
5590
21149
19191
16267
19412
8221
21062
8046
31484
5483
7236
11511
21526
14403
3983
3295
8005
19784
18188
29704
27950
21659
27688
10422
25436
13483
1636
9211
10211
1871
25616
26483
12356
15634
86
23346
30609
2765
2683
18427
24530
21884
29282
16818
17062
4170
7762
5652
29998
16622
11768
5030
17190
7738
28336
15595
9557
31985
25856
15322
14120
32474
3941
10639
12186
14354
18003
32321
24918
16038
23927
15732
1568
22625
27199
12912
22897
15075
21404
20721
18017
4595
3847
3616
11466
16407
11970
17858
427
3425
9568
32688
20170
14475
25223
10631
21918
7751
11509
6304
22891
27344
24001
26691
21679
2501
24803
2071
7613
18487
7927
3805
16040
23809
13374
9566
1122
19287
6374
7586
2341
21410
7819
2659
15890
26251
26365
27329
14361
20054
14404
15928
17432
626
20961
5326
1607
22862
10071
28561
10451
3182
9194
1344
24009
17085
23463
16201
14390
5413
19876
755
8333
16733
7049
6877
26696
32514
23119
21671
16594
10986
24648
9967
6565
15541
13408
29567
10671
15012
674
14788
10235
8111
14846
19843
30605
26577
14153
26055
19086
13991
8581
6174
169
19513
23395
5124
17588
15384
11782
12960
11667
6825
4362
11950
26201
5312
13253
6333
8625
9584
11212
23450
23677
24098
27833
25868
13244
29925
27948
18113
20913
3333
7440
25481
13890
28127
4384
31938
24222
7155
1961
13331
4130
2107
10897
21854
19070
18876
12952
31983
9491
5466
20446
28154
7072
26608
31654
11588
3614
5792
5977
13344
30696
14696
31950
20381
8735
9206
25544
32766
21837
24766
16576
27754
20040
25161
229
16101
31322
24272
18274
31871
16030
2569
4063
11723
20141
8513
23114
27539
22138
32171
17367
9162
31611
8440
12613
10946
30986
28711
28260
27808
23562
4255
26324
21260
8653
7035
23567
13101
15925
6949
15529
22484
19738
1830
215
31735
29420
12860
12335
18786
12442
24237
29870
12201
11954
27868
24319
10081
17353
22554
16378
13711
14877
30142
15212
17249
6265
10872
30742
7708
29273
2530
4344
13142
847
5208
11215
23909
6565
1802
22748
21527
5188
29263
8167
5540
30676
2621
24196
23520
24357
25974
23445
29109
19150
7748
13328
31953
5140
2537
1282
3996
1805
31280
30420
5997
26629
15688
3533
31485
26656
20434
25561
32028
19777
30009
12169
14242
20779
10818
15450
17065
31718
9700
14394
23545
32101
23641
31304
8900
19045
14453
9948
15252
152
32567
21703
28801
22019
4510
6108
8615
6052
189
5295
6615
31577
10258
412
7053
18685
16916
14603
14882
7892
11019
16627
21315
21801
17956
27549
15522
17717
14533
30123
31211
30531
28702
17752
3834
31762
9473
12033
16971
30075
20979
25317
25522
4691
20355
26665
27468
403
2778
18719
1205
8374
2708
21703
23163
26979
13774
6550
13779
25164
4480
32119
18059
5974
26638
5904
10048
23802
3865
11334
29137
25323
16283
31235
30739
23033
13363
10550
29895
12597
445
5404
18633
11862
24102
18111
6282
25947
18814
18876
23999
21362
19791
15944
16731
8473
17966
19573
20923
20355
27535
23730
26913
21821
2526
14737
22628
28177
8907
32462
10726
8747
26597
31116
4293
18554
17258
24033
22614
2137
25437
30101
26575
7791
31450
11303
11843
26835
11687
7185
2772
32372
23051
333
1316
21945
13539
13592
27148
15972
27634
5878
8337
12988
17017
1782
19219
17387
23559
21815
2248
9637
10643
19115
27497
7434
11464
12059
29995
22222
1440
28780
13041
26775
32308
20256
18112
422
2259
13344
30323
3770
25681
5048
4784
21809
23201
483
18970
18801
19878
23497
15560
9350
1607
10886
25591
32012
31170
9005
8699
26448
31042
26636
3708
24754
32691
28466
21214
2638
4565
12847
11009
30427
25743
2843
24107
4050
15751
25306
17474
21971
16879
5277
11071
70
10146
10924
12511
16446
31855
22628
25755
10914
30644
21883
17883
3470
2607
32396
29287
13559
8210
24271
6430
25230
18773
1831
1258
31975
15440
22115
21491
14811
26249
5821
12051
18475
32715
5287
5515
15461
21368
4808
4340
17676
13343
16193
25976
27123
19793
3636
4673
23274
18353
7559
13874
4508
29515
1509
11477
19128
27687
15622
30613
6735
27933
27953
18222
8062
17642
26111
14689
6988
8580
2657
7916
28373
9643
24548
23993
17577
31937
9012
17238
26991
24795
1503
23461
6094
18200
31068
8149
15245
9778
11084
4496
28664
2898
5887
5750
15750
28969
20538
10187
23226
3388
27448
10860
29767
1919
9710
776
16503
20518
13972
14988
25037
1976
25440
18143
23786
11621
18325
19408
9645
1945
27068
26701
1950
31441
1841
25557
28045
17070
14562
20527
19574
16711
21844
29533
13736
22724
13287
3532
21542
809
13658
20685
22862
7279
13713
6473
7352
4825
19094
17071
29537
29061
29919
9778
521
31042
9423
6706
3801
15265
14718
1527
5705
27727
23741
23973
10049
23713
24661
6764
19070
21873
144
768
31032
17193
12283
22601
26370
26653
20585
14939
8945
2334
32059
22952
21504
18507
19167
18548
5299
8747
8087
138
12795
16633
2428
28974
20826
6719
13762
10578
16967
2727
27965
29197
32468
25613
14884
27976
8078
8664
6934
3259
18085
14219
26458
29976
17997
11671
18539
8581
1635
116
27828
23376
27988
30191
22424
23006
20539
23750
29365
7909
11849
27250
17514
25307
15210
11076
28566
9647
32293
14515
24739
14262
1220
10741
19396
20200
30134
29388
24698
31820
32561
9379
22109
5553
27164
17881
14105
26527
21547
13149
2487
17293
21836
16507
17182
15956
5186
2293
8153
13028
3727
10582
19226
23862
6040
20867
30463
8578
21252
26003
18965
21425
11877
8416
17947
4885
7706
28510
3080
3672
8564
28972
8527
17330
21015
23657
6753
4447
675
12617
20083
10833
12436
29800
30850
17186
19815
25438
27029
2892
8959
22419
12355
18076
22342
19285
22900
6884
21271
13607
11884
26097
4188
11612
5125
12220
4979
4581
28475
3300
5079
7272
13038
1372
6140
7826
31460
21345
2170
22701
22542
3760
32366
7797
12812
6133
20765
15911
25074
22662
9947
24028
27213
10833
3372
17173
28769
31764
23592
14487
23221
1484
26916
1657
14546
8559
19598
12411
22599
7133
16153
28313
10992
4628
21018
5088
25208
11940
1842
22401
25885
23396
2862
13348
32691
15202
6187
20862
30956
288
17150
11302
27094
29949
14291
28580
32677
16369
10771
14027
2739
20093
31628
9802
32453
24546
24268
5501
18576
5522
30925
14729
7292
5860
17880
1703
8871
7435
17827
15296
9261
31561
12989
19515
7591
30560
18731
7187
23281
1610
24660
16940
49
16681
23578
17639
9236
9857
14666
1268
24411
31653
14646
19047
30103
25199
28832
10254
31536
30516
15834
10498
7340
2807
27180
31869
27438
19933
31350
5099
21053
32225
29462
26436
6855
28105
4876
21400
8038
30809
19036
18412
5601
13254
28596
13380
4598
31086
31055
28417
9559
5573
15641
1133
16626
13459
31764
9365
15221
23901
15610
9047
8466
5152
14884
16059
12416
29254
26282
8071
10562
19410
20172
18445
20267
13534
22417
25928
18210
31559
8621
13863
12579
26791
5032
32041
9094
24707
20285
12330
27524
11974
5633
23165
14071
6766
24901
25914
2913
4230
12604
14809
11824
31572
22369
29440
25152
6611
16403
3994
7842
27492
32642
23593
8860
960
9679
1629
2800
23345
7791
3813
19553
28418
7889
3461
14196
17971
26688
31593
26996
11890
24842
30649
20152
17735
18658
14957
6697
8591
3203
10595
22014
12587
31894
17326
29130
7929
27606
22322
29113
21763
30834
13422
8982
28407
1202
21656
31249
12504
8926
9711
31936
22002
30812
29261
24419
19475
23576
5115
13804
12024
13353
27850
24255
6150
22193
21343
2742
5691
29188
27343
1640
25187
16397
6252
10411
9103
2286
3038
2647
22467
14567
3445
27469
13551
3449
1725
26808
5664
7627
31059
26771
18680
16972
22520
24172
20316
8090
30180
19815
26988
22691
92
11141
31672
11274
13959
2598
9648
204
21374
10189
7261
9763
24226
20260
7503
19114
22066
10048
3543
28354
26653
22821
6774
22069
11540
11917
27284
15642
6628
3557
15477
21497
6915
30617
32106
18223
3688
26769
12868
21907
4000
17916
17422
14937
18975
13900
1276
28215
17876
2945
414
967
25088
8875
29273
9005
29255
23722
24856
26873
12808
5177
22335
11343
490
13611
10209
28741
9143
22771
10802
1164
26734
3178
30783
6483
1171
8909
1500
19048
32458
14853
9182
26016
27812
21548
17291
28794
29113
10828
3663
12543
13559
7274
9649
15852
16441
25283
8068
23059
32283
25685
4706
7935
18957
22177
18006
15063
18087
2736
24025
17796
28221
2900
2816
28950
4530
28848
9459
6500
14737
3322
12705
30451
7513
22144
14258
31002
9497
13033
27837
2915
10557
1982
5052
18995
25768
13353
8125
27310
19715
22524
28378
22997
17748
3060
12650
22257
24274
28480
20857
3381
7160
11837
28278
28831
27096
26244
16684
25119
17330
3110
31732
24315
13509
13366
31528
16242
11365
26760
23002
18592
22606
26809
16070
5537
31032
31855
30086
7161
26027
15074
10245
20275
12053
27548
19510
10185
7450
25725
6662
4420
29483
2305
7567
932
13402
20166
14734
19458
22892
27464
11799
18548
11568
3823
30599
6961
17168
20813
6587
6390
15334
12960
11135
30376
19729
22175
13897
31290
15815
23667
15912
13009
20140
30723
1527
31782
16292
12404
25558
20780
26598
26608
14811
12788
5203
4263
26372
8397
8197
13076
17520
31407
31530
10626
719
11994
5139
13518
31768
6586
22152
20078
19834
1806
13663
23474
19860
8009
29261
9802
13032
17464
6139
15881
32397
8422
23132
10217
32549
28861
20799
32334
15
16877
16672
26255
30942
14098
26180
32690
20745
3089
30213
11895
3043
25154
19050
27289
28878
6101
27642
29008
940
11886
28114
282
24983
1299
20470
699
21970
26952
23525
17282
15103
17272
12144
9423
31890
25239
27083
25810
19589
11014
12005
25749
24910
11447
29941
3901
20494
25745
20565
18061
22283
11542
12692
30891
11360
8771
18887
17191
9459
31927
2335
18233
18344
10264
27585
4938
8404
6323
2257
17846
27125
9314
6096
19665
22944
25267
24617
26664
12218
22598
18182
20233
20971
29047
28520
8261
3152
4157
8311
32564
19056
12626
26135
506
23666
27797
8123
21769
7309
21676
29054
14311
2239
31213
19312
14130
9410
5247
31533
18401
14396
6588
31669
10188
15670
16602
30583
10095
4815
15051
12463
16618
18481
8545
17394
8269
5061
25014
30983
275
19107
9675
5625
1260
27725
367
26730
26560
5788
26211
31018
13552
30202
9147
7689
25055
1490
29831
24041
29105
13637
25011
23319
1618
17439
31532
14299
698
27657
11332
10573
8816
10752
12120
11371
10829
15365
25776
4457
5763
10006
4262
20808
27102
22878
17675
25002
585
15529
31174
31461
5779
19738
6334
1110
16755
2080
251
6904
15818
18342
17672
26164
14377
23946
10395
12027
22931
849
8567
27923
28548
29209
24466
16046
21809
14030
8307
32321
530
5793
20959
27283
24990
6070
18356
5397
22614
541
2325
2673
6660
27908
30919
26981
13637
11307
23771
23506
30789
12696
2446
9744
4810
14219
13165
16517
6516
18100
11453
12150
20035
27812
4633
3356
21081
13954
10845
31227
9473
17407
32195
26479
5105
1675
26700
28808
204
202
11106
13591
8171
6721
17083
27401
5213
23382
128
6644
3372
9591
13487
13552
18402
15257
25534
1704
7244
12004
20609
9137
30078
940
23885
22298
23575
8868
2142
15684
30151
27214
1910
243
7694
29878
18119
28326
31814
25952
20243
21028
15075
21375
22290
21080
17402
9319
1044
16222
9984
27205
7655
1758
3029
6926
14843
17049
22272
13237
8644
5441
25405
7073
30816
18830
29749
23646
25466
26510
18060
403
15214
13373
24864
13620
1709
20309
2960
27640
17508
25447
3580
13838
19032
7211
7692
2060
14868
22293
7476
4136
20807
16936
3126
27562
6504
23823
22504
20641
15003
4202
25399
32725
30168
20326
29292
4862
2634
30608
23470
31539
2549
25323
8392
17317
24988
24639
22061
27789
6114
1461
31545
29283
1967
4513
10170
21841
6613
19871
12975
13543
16884
10209
13904
21520
17051
30407
5454
6469
31919
6832
25947
24320
19985
29201
25325
10356
17275
21444
21055
3707
8619
930
29081
30928
2500
21843
24786
30590
15601
29029
8723
20632
17227
28828
6109
5675
31229
16777
9294
22641
19621
3166
19872
18503
7678
2305
3058
24033
9149
31583
9291
22461
14776
18947
13532
9685
28749
25319
22149
5401
23042
25226
30619
20252
23657
12610
21481
526
2119
2772
11764
17642
15604
9282
11652
3056
6917
25572
1887
16726
2601
24506
21080
22075
22097
5633
11656
24540
10260
5124
7132
5386
23633
32565
14544
16348
32534
13436
10873
30625
28096
29135
29897
14104
25700
15875
4623
8932
31342
738
29885
5178
21128
3453
22126
15325
446
26820
30759
29004
29151
18003
14301
569
17190
27023
7992
5694
28953
18674
20375
31436
16050
22947
28500
27492
11709
14666
31817
10761
1409
10786
10131
31733
11426
5456
7829
24203
23110
1907
25920
2189
25207
23420
9618
2959
8649
1984
6237
10667
19516
16715
27466
13175
9059
26999
18461
564
22470
31166
24891
25160
6534
25037
10089
495
7231
3033
3286
14381
4658
31542
31068
14343
25252
14630
21507
1010
8065
1007
17863
13708
32325
29744
6555
28042
22556
3188
23981
32753
30024
26376
10732
12426
10180
30218
12232
5007
31015
2499
30520
26283
28618
4407
27906
30242
12077
18681
9783
25163
30615
19524
31996
22855
18685
15432
27280
6381
11557
29122
17035
19716
27916
27855
13156
7605
13700
30466
12342
575
28449
11188
10180
11245
19798
23195
11450
7494
22748
30879
29494
16771
31059
4840
18310
6214
16940
30780
25140
18824
1734
3208
15679
13779
31191
31420
20140
22194
23566
14556
19517
871
32247
4692
23681
28123
6430
11405
22797
27611
17527
14781
1544
24704
2045
19971
25325
23023
21402
2739
30860
14147
23879
5103
18514
27336
10868
1143
16587
11370
18602
21441
23397
12397
31087
25165
18295
13918
21866
8243
18049
1097
10951
510
7606
8748
6877
14268
16567
27052
15118
23126
6562
15879
15599
798
4683
74
25001
423
17097
5060
15520
9177
26933
1722
2386
17476
3758
13148
6273
4789
32160
27896
6292
19207
27974
3438
15675
20028
1646
30436
2642
20941
9597
23994
17928
6461
32178
28352
22080
28148
431
9639
3383
18763
13621
26550
10599
25828
19503
14014
3244
9532
15090
4176
28326
4739
7107
19757
3678
21419
3481
5374
10028
24511
28709
14918
11480
22902
8464
4756
4863
18696
7812
7933
9144
10304
13037
6345
10616
29906
3585
13933
28723
15600
28414
15546
25028
23064
17458
12371
16783
20016
25537
15204
19301
30420
16803
7057
14760
2799
18156
11309
30383
5768
11856
24749
32107
26847
2534
17244
11595
10425
22060
19536
5470
760
15948
9372
31416
10094
30109
10695
7702
2035
19053
17789
1221
3509
22014
28037
18623
14544
28110
24563
13336
24095
14875
28575
11160
30545
5543
29909
11434
14655
6841
13902
25204
25724
356
24159
5704
1070
13067
20593
32571
3869
14117
29361
13587
7946
23870
16393
19047
12866
18494
13902
20993
11123
16110
29883
21383
957
26040
7838
29531
25356
17839
22097
20927
4774
17615
25708
25917
32256
29573
24377
21574
13782
21362
26216
4633
10618
31596
18180
17126
2669
15557
7078
11059
3628
11728
15593
11904
588
15778
5661
8486
26313
13590
12864
29061
668
18708
5418
27742
9867
8722
13575
8318
4677
31962
10250
9629
12206
18574
23136
19077
6264
26090
24675
28279
6643
27594
14609
2506
11046
5356
5308
10709
2334
15094
29698
25615
28038
699
13056
1141
4984
7610
21699
31532
32403
17639
8959
19816
14414
20655
30212
3468
30603
4662
14573
7827
26224
20963
32283
18094
31346
5918
14306
21806
4786
7512
27009
24485
20621
6732
25688
23112
24174
14725
25941
3992
6375
28961
9904
15170
19969
5076
14808
19523
1744
17456
15789
4687
3914
11555
17647
23156
12377
9153
246
16123
20526
5699
1188
11919
27865
27728
13209
28321
9494
15484
12709
7434
17258
31503
26243
29938
32623
1543
27076
23281
26988
12896
27401
29813
13353
16018
27253
20068
20738
20060
21858
22274
4665
21440
23379
12052
18321
2383
3882
5702
2328
24998
10396
30410
9284
4153
31201
21570
24385
3919
28080
8672
1674
18254
8554
17355
30903
15161
28566
16325
9365
24183
32397
24844
11644
30678
10102
21373
10717
13775
18805
31231
12315
22540
23840
1055
9628
4647
23603
1784
1055
2997
20868
7510
2384
8579
9529
21275
1177
19487
31032
24545
14140
20378
10719
29920
31391
6285
18166
8722
8422
27226
6369
5782
17351
17076
1562
16467
30106
5730
27871
3805
2224
19263
17704
23964
24806
4998
7900
18731
890
3660
20548
29694
22813
20814
26816
32328
22089
16365
15289
13595
32212
21367
6102
15569
29126
14504
32371
15020
1640
26225
28495
16825
2973
4599
7300
1786
16501
9183
6845
8387
9472
4809
24995
21861
7776
18202
12440
15626
8482
27647
11176
15072
21967
20911
17596
4474
27581
17648
17681
5747
3627
32732
2793
18772
12173
6117
20353
20919
7973
3351
2370
10413
7379
24221
15931
29022
24366
18567
23247
17647
16339
3786
24747
30121
510
31112
508
3415
26455
26258
31966
2799
1806
5164
19223
9077
6953
2320
31237
2589
14365
15797
16085
944
8860
27344
6902
18736
14255
8476
9421
32191
6916
3670
18603
15293
8073
5004
5628
32049
7738
4248
27841
25450
12086
2280
8000
8678
31001
1408
23545
4210
2694
22593
29661
10387
29187
9323
20667
29221
2058
20577
12283
9026
8028
17580
30094
30565
3993
7235
11045
463
19982
10761
32673
32554
2254
30616
23243
27245
30724
8509
22854
22783
22919
13123
17602
25119
19119
27765
23665
5507
29800
2526
447
17727
15748
32723
7486
9961
30550
17460
20447
4091
14460
3566
17512
20856
23036
11716
13602
30419
19091
25680
31186
27660
11337
22852
12779
20252
28745
6134
24322
28819
25840
13596
898
18304
27172
467
6561
23697
16359
28647
30355
28795
9003
2894
28157
24988
11496
11509
18860
5343
10093
19136
27015
26081
