3139
25455
11293
20847
26009
22060
4334
16420
17731
10772
22982
16437
15491
18482
13581
18874
6439
25840
27674
3326
25947
20629
422
26406
6593
12557
5248
2579
13764
2281
23171
23433
12841
12198
18374
20368
486
7986
13842
16922
5432
15020
8345
5095
4848
29291
18404
3750
15373
26947
21006
21597
11664
32515
15152
24074
29836
25666
10780
19851
10365
7004
32078
5819
32730
2743
9247
17374
4846
1099
6204
22847
16611
26209
2903
7191
27424
14746
7452
16561
31445
28724
11623
17356
25811
10889
7860
29505
8098
9432
7383
27109
16333
12872
15341
689
11905
26922
914
1824
11862
25727
14932
7385
8813
16058
1384
13966
19387
10695
12444
3108
28836
18507
12941
24084
8908
11310
16666
2065
5930
7767
2584
9963
17502
5046
25671
21939
15172
29576
3205
17952
28105
4822
17218
14385
22525
2367
24116
5396
16234
17144
8780
12615
31909
29713
31208
31229
802
20730
23370
4547
6988
12357
29513
8291
725
31149
26694
23048
26443
1624
18786
420
28397
22105
32238
27279
17340
16249
18724
15729
21717
31031
13844
1121
16893
10765
32736
16974
9598
23029
18988
6558
12338
28204
15825
17942
19421
4662
24017
28154
14271
12834
10384
3701
21354
27151
22849
1850
3026
3823
23966
2412
7843
13451
21468
28092
10199
21704
9438
13777
11655
31784
3753
15596
7681
8083
13080
23500
29724
32600
32464
975
30152
15215
31863
5467
16617
32001
26657
30076
6758
22825
5899
9934
13180
20733
1932
27038
22873
4808
11592
10060
17126
24730
19879
11507
28900
16387
134
31052
21562
22299
10540
8656
11917
6853
31615
4893
24850
12853
24951
12443
7584
13232
21716
5983
11786
7827
268
2128
17835
13975
16776
15752
4418
9299
20495
12029
30977
32515
14211
2656
18656
9095
24267
25157
13111
31919
16400
22661
24972
8373
8236
18400
1961
26635
23135
12519
11506
24919
5188
28186
8182
18109
28164
29517
18500
22620
714
7248
19072
16411
19831
20174
12982
25253
17814
29558
6381
16818
18578
2649
29696
21385
8998
24211
3753
29634
20246
7470
21215
20817
14621
21315
24418
32192
8998
5986
7060
444
30399
25140
15754
6867
7114
23135
30307
1660
10101
6058
14552
32344
30573
8546
19989
18871
3407
11260
11463
2142
15968
23035
18039
6792
2941
1045
16150
18986
13653
19601
17113
6523
24789
499
28231
23220
24548
5339
31888
29972
29265
9515
12320
31528
4873
27240
10612
30281
9614
31587
8236
2918
6052
14616
12898
23812
19278
24790
15931
20098
23800
2464
31163
3234
6646
4308
15582
32581
15149
14858
12772
2166
14352
1599
24556
13482
17871
1587
17348
16454
22218
11279
27392
5730
11852
24651
17737
11469
23670
24015
8184
24913
13945
6488
32740
15416
7945
14366
19831
15374
13070
22964
1800
3753
11932
14639
28004
23399
7717
27018
24238
695
12269
12617
21354
30427
14783
18781
12756
4588
18143
840
27510
3358
16959
6785
6393
32069
4341
13594
2108
30872
12525
22432
28835
18869
12251
20547
16818
21478
3700
23862
16346
3235
25566
4697
25490
11864
21861
16918
11946
2152
13935
28040
27612
4209
25778
32739
3237
6354
13476
22800
6483
20586
563
27543
26462
28579
14775
29122
2555
13999
27941
32256
12527
8466
18821
27271
27041
29281
166
27709
30324
73
31504
19673
12371
24018
26170
4165
9870
19429
29437
2375
28900
4877
22601
8545
26593
10874
28183
22518
14186
20555
29854
15533
32662
30477
23498
26907
30655
11390
7914
15772
18393
23959
2217
25985
3075
7114
29503
26225
13916
18313
22760
16137
17176
17415
18581
22726
29395
6210
4834
20773
32548
8513
17225
24072
32118
14746
14741
20828
25619
31288
30617
32761
25986
30811
30497
4041
5651
9440
7209
28973
4024
12483
5965
1948
2070
6882
19585
17806
3292
19204
4610
16280
23124
24089
23437
31448
56
1988
9678
31379
18630
11542
13851
20765
5654
7325
610
14329
10668
1949
21856
29506
2634
8349
788
1097
31751
805
16756
28544
16037
18631
31070
6551
1568
28508
9169
32740
24963
29840
1885
20488
1023
19105
27096
8912
9278
2659
2643
24153
26101
1672
30540
888
441
9246
5414
27224
7955
7257
26838
12901
5334
2963
31454
26985
944
29073
26239
11765
32512
1800
26922
20739
14311
3167
1593
15065
24226
30135
4828
5937
11799
6185
15958
3222
21933
15438
27241
785
13665
14853
26638
15877
8215
368
27754
19800
6189
13632
20990
6611
14934
14899
31262
4300
19110
24538
25252
13058
6121
1696
17381
2760
10553
26376
19172
19814
27088
24118
17350
11196
18202
25521
18566
5672
29966
3175
18410
30634
19647
16114
30902
11334
31022
32025
3359
13994
26211
26266
14978
30993
9916
22823
26966
30055
17028
20910
8544
22702
9671
29405
1573
21920
8293
21734
30629
4758
11366
639
11078
11944
28301
18221
20751
8726
9520
12995
6422
32231
31047
30245
11580
20175
26050
32082
29463
10070
10528
27298
10800
5431
30013
22348
14959
1542
20843
32042
18131
24342
25285
11713
22630
19610
3776
14972
13681
3082
11267
12856
14572
13769
13689
6149
15928
18948
13220
30507
29969
1245
20532
30828
12734
15817
18392
23689
3466
22070
11860
8
27512
31602
14548
19507
13619
16328
639
14692
25668
20204
32592
18048
11143
16793
4385
2498
21728
21624
29449
16058
10026
1604
28392
30101
26736
24876
4416
18334
20576
29560
20295
13573
32508
15216
21306
4063
19347
2681
25331
6255
32752
9090
5310
11940
21457
6302
18025
15586
15515
11250
2714
16390
25931
14290
101
4260
25264
25127
18718
20882
30680
7956
4204
10155
32456
18137
23199
7885
18799
17143
3396
24612
3805
5781
26102
7595
14513
17954
21367
22255
9424
25148
25855
23319
12125
14800
17363
11297
6373
30595
27418
10094
7385
11857
4588
6017
19522
6516
31661
4868
176
5000
8857
19723
31603
2284
28831
15005
1294
26987
31347
12657
8425
23836
28895
25589
10566
16518
15450
24212
26486
11272
30427
27193
31821
2681
14319
30735
11475
779
26378
31372
26428
14965
2074
20397
5147
12113
13922
8323
2002
13762
16774
23022
10317
22107
8418
8873
6896
5180
12576
29318
3789
24190
28682
12027
30491
12498
10908
28894
18915
10084
20830
22381
5885
2566
26353
3217
2875
4746
15591
24164
13284
29295
29400
4592
5732
23489
27569
21306
28737
4410
11600
26239
13137
16813
24142
32445
4651
12965
22044
23925
12507
32329
29522
8111
19930
26754
11331
23616
30525
3936
3541
30536
8236
31418
7312
20222
10902
20245
19444
9648
14627
10183
16
27909
23914
23645
19792
22150
30309
13625
27287
19804
21281
21376
2445
15707
28090
20531
2363
19264
21127
22171
14037
25143
1938
15851
4310
15009
2123
26145
16466
15891
10621
23597
15496
27810
31104
2389
19640
10078
28849
29144
23604
1052
1567
18129
21688
3705
31879
20319
29438
6683
31619
27907
18830
2618
18686
16201
26068
12895
14059
10923
19316
13420
6454
18098
14818
32733
22523
30558
28717
22093
29175
13768
25371
31036
828
19462
6523
25871
9256
2127
8887
15704
13463
11103
23465
20056
26456
5661
30127
18371
8670
31356
29698
5314
1080
5023
4931
30014
11588
10560
20311
15452
3871
25170
31605
22596
26591
10981
8317
1831
12933
12619
5516
23936
9261
15993
1741
410
2440
28079
24210
16466
6284
1884
17571
24350
2666
828
10197
20302
4545
30147
1503
9874
273
27838
25962
189
13682
32568
13927
11976
6534
5274
3237
22298
21676
10007
26787
27398
31350
1351
675
5526
20062
22290
19455
1927
28596
27088
6848
17556
475
1966
13165
22008
9397
24148
9505
1582
20828
14533
11232
2555
28435
4230
3371
15022
13436
14850
8914
17831
10507
12333
2058
29974
23226
17256
7359
30213
7166
12197
21292
16281
24058
24011
31656
32660
31475
21596
707
12319
1285
6997
21905
15047
27924
5973
24646
19653
5637
8194
23299
16514
10285
21928
22768
16474
14601
31268
19851
1696
6960
20737
31808
24291
27271
19168
1593
19568
10420
29
2679
31256
32213
16047
3106
22324
29041
12112
4893
1510
12206
21983
15070
32417
11973
28930
9085
3307
18612
32015
30986
2401
7475
24109
1316
29948
20456
30134
32455
22932
30430
9952
3174
5026
19764
3741
11322
26954
32274
29375
30425
4761
7137
11360
28682
5899
6076
4481
23000
9296
19745
8689
15845
16975
30189
31601
8449
2156
6791
22805
5371
14342
21083
8685
7351
24644
26762
19173
5761
28434
14559
4074
8353
21350
22790
18510
11312
5320
25080
23150
12842
1041
28090
4754
16068
26995
7495
24852
18175
21433
15051
17349
31869
27856
19473
24204
5011
30599
10559
1872
12193
23187
27585
18712
27038
23766
18819
8817
9463
30433
12387
785
9882
23991
13798
19641
8781
10963
12073
23392
12869
17773
1307
22669
27892
28922
6378
24069
3362
9458
19643
11174
24639
4565
1182
29843
28408
30576
13249
1937
5128
12381
18916
22193
30033
5833
5388
8752
4907
9849
27516
19099
25084
15
12769
3638
8713
12682
4557
13727
27019
26637
29798
29615
5382
28385
5472
31905
4566
8124
16936
6262
14090
10308
6498
13463
8310
18639
24214
14525
16388
28781
13862
8974
6475
23080
23940
12169
23395
3978
13217
3747
19703
29792
9641
28466
16027
16318
21485
24459
30560
1603
801
18919
20390
14750
11719
4108
28210
16721
18923
2601
23425
4277
5905
27905
24411
24127
2156
23371
23723
24577
8016
9817
8077
12660
18922
505
20905
18036
6703
12185
2240
3980
26898
25774
9092
13172
14842
28758
26797
472
29299
25659
7241
859
14883
17595
32595
19164
5889
1095
28040
27640
6593
19977
3446
15056
11922
25546
18134
14604
26124
4882
29467
21536
19044
1425
31819
22733
5347
28861
24078
16363
22422
26813
15621
14439
28486
23174
2140
4744
20906
28996
22947
28790
3036
27387
1753
24572
1290
8302
6858
16781
22894
17472
10140
8325
24960
7513
10148
24754
14698
16523
24702
25875
23740
3445
31836
5087
10849
29352
19870
23497
25810
15625
28835
7811
649
30327
16351
9345
25273
6061
20014
32255
14908
4457
23400
30021
19660
28878
30518
30250
18039
8966
17956
3799
18765
7213
7415
28109
860
25962
26176
298
24798
22111
1585
6951
11952
32196
12464
16358
16646
32078
26026
107
29278
23766
1962
1768
3762
6327
16554
14397
32498
28536
10537
3775
18609
12971
25981
4664
13855
7956
11627
4400
14903
14
29173
32619
25913
8747
5491
7603
32091
22811
27109
20184
4027
7375
27016
15860
3481
477
23975
14835
18883
4391
26548
27219
27216
17080
8343
16681
8849
8174
16966
20069
18757
20702
3990
22614
7948
6388
28241
23921
22815
1754
26504
25422
17469
23451
554
14067
5097
27913
11222
597
12754
1884
9198
23324
8595
4635
7405
11943
19612
31808
2042
12112
19056
13207
16061
9969
30994
11111
32625
21159
31161
13908
28474
11221
26059
14212
5817
17004
20489
28417
3294
3178
26119
25950
17406
20129
17888
15006
11558
698
23591
23633
9646
24185
24097
26368
25361
24643
13361
14027
20732
1245
26771
27473
5540
2678
28237
25296
12381
25832
21603
28813
26217
18235
14667
21111
29197
26218
4768
10759
10218
22890
7451
31850
1675
14953
2238
32226
25659
27988
13650
11370
12057
12187
4884
32153
29550
21816
31660
9160
7229
22254
5982
11895
8732
5582
8836
2541
7235
30720
10044
8735
26595
17088
32606
11475
22969
21927
12977
24325
11746
11052
1374
4490
10737
17002
19108
6387
9535
22052
20430
21684
27522
1286
29538
14726
11681
20269
15516
23305
29895
3306
1818
14510
19383
17091
5849
20948
4703
30395
10336
17713
12207
27348
20795
32628
5547
24785
17579
15656
19391
19264
20636
25564
29523
4024
9943
30337
31392
15968
18041
10515
29122
25264
6564
22396
13838
20860
7028
25525
26533
6190
6709
16174
23881
29011
27091
9072
2672
25177
6801
15873
2967
26262
2046
21383
19673
19341
21542
7729
32448
8813
8965
27475
19803
27355
10817
15440
3473
23281
26904
28349
21684
26759
7318
12227
11866
30641
17420
16069
25704
21128
18879
17219
3439
20014
9181
14847
21820
16652
437
15710
13226
11870
22822
11536
1467
19186
26712
30963
15591
16172
32683
4917
6324
19022
10221
19898
7815
10998
30928
9917
17338
28905
13211
18617
32238
7182
30239
16778
11683
11454
6637
13519
5894
2363
5062
3476
23817
23677
26451
29486
12985
21045
790
1381
14029
21516
6305
9177
11642
11307
17670
17566
3215
12545
7566
7722
3517
24128
29870
10353
15158
32553
27446
14670
10875
19978
8652
16421
22894
11525
7833
25799
25007
23570
15170
3477
30245
20551
12058
4329
24283
4184
2454
5553
26382
14938
12545
26461
29060
5836
14704
16636
10015
23767
10233
21409
29617
3029
30240
3084
17682
32273
27026
23430
16496
6349
5142
2061
25063
15754
4032
18353
14929
24707
19303
11070
16224
26747
31578
7195
25066
15288
591
29042
24195
7760
26268
24721
31825
17827
10154
19601
11804
17705
1958
14645
18853
14446
7545
25876
18745
20058
17147
20219
19333
6582
13155
10893
17836
19180
28163
2092
7063
14094
12594
13341
4749
20506
8585
4326
20995
29309
29010
28923
26293
11221
7229
13210
31733
24315
2901
10484
16195
26945
13619
397
8735
11512
3697
19685
28187
9526
24162
19288
24372
26326
19456
5955
14434
12991
14118
26984
1646
32106
12800
31892
1284
3998
11967
21631
23049
9342
13713
27635
6958
10438
14032
3632
20934
32594
19833
24464
28885
28384
1505
22887
29033
7446
31907
15661
2349
15047
27101
17119
12091
17778
27804
1698
25394
523
10900
31146
27272
5374
6165
23130
30754
23410
31802
30636
29218
27082
1380
17364
18945
21362
486
31264
6877
8152
4354
23587
532
4280
24597
18962
26129
7581
18446
14958
8038
18597
24356
21731
14363
12420
21193
13425
13638
971
7641
5321
7900
14699
28440
28410
14791
12916
21467
18764
10297
10531
31493
15980
25663
4380
9269
32714
18585
19700
3902
22336
7113
23794
32728
27636
20842
27415
10645
20095
30147
22619
6166
4175
30620
12090
26494
27209
17488
8047
24871
14003
27172
26368
20628
16978
13527
19578
9383
14543
30843
3710
12564
12384
32387
27772
9238
6308
18716
11455
1121
4302
8385
17322
19287
26885
8201
65
28542
21259
12740
25067
29490
1565
13639
31605
19351
23067
15620
1883
13266
7657
7006
4419
16505
11541
12731
22731
18247
2234
13786
20868
28437
30628
24935
25662
31749
29108
16332
21895
11265
23174
3659
30062
14180
20306
25161
31885
18934
3088
2541
14918
2078
11232
23274
30796
29779
18600
25497
14181
18644
15871
12875
10607
6553
4938
9949
3233
21129
20772
653
19476
26093
17924
10763
2434
16165
32281
19924
29773
19865
29305
27835
4547
15347
13179
25800
23200
10124
4705
1606
20948
27683
3643
23832
30855
22485
2056
9292
17243
23369
541
6131
29937
2604
28363
6447
430
32733
21052
22669
24767
31849
15262
31381
28250
19897
22915
27296
17223
22794
11656
20458
9632
22686
9013
22760
30421
8625
3621
20700
17138
1711
21351
13222
21797
10660
16931
13277
30075
21236
24449
26398
13290
8268
10694
3236
25748
8152
5825
8729
12618
11191
20837
15020
25679
6572
31415
19556
20575
4886
29163
26548
31216
10530
26569
3407
26040
31039
16726
5693
12399
30162
3505
25135
21462
10027
4923
16400
15608
30904
14330
17628
6064
26233
18752
1205
29547
7860
26247
25140
9519
27626
5024
26621
2781
31497
13837
24726
5043
20963
427
8313
12820
2527
6292
13927
6796
8943
25155
30208
29711
706
24057
4241
23937
29754
29792
12333
27772
15136
3182
18687
2381
4119
26509
5342
19519
6350
2297
27938
16413
12410
11369
30390
11762
5252
4081
21615
22035
18814
5415
21404
14943
19548
32133
18143
24006
25569
17934
827
7432
9815
26164
13165
1215
1923
30202
30080
18592
728
32598
30364
16382
13803
32473
287
2959
32551
22417
12526
18547
29890
15919
16910
29810
18415
24421
11630
26502
26710
17810
2055
1689
31681
16801
22567
5007
32280
23342
21770
16007
7567
3051
17579
23646
10014
19011
27609
26229
5938
10045
17549
10165
8866
930
28283
15056
19428
8290
3559
15817
22657
3636
3258
24246
15046
16509
29141
9669
17340
18291
17061
8317
12635
30082
8952
21062
27899
29679
9999
3628
3595
2747
3060
7648
29957
8138
18958
23039
4769
12612
13810
6039
12106
20284
9084
3816
18126
22671
16159
8039
19545
32527
4473
5385
27300
22241
24874
21181
5226
29988
26343
1594
31004
25043
1994
18684
12757
24813
2540
21129
14992
22227
30518
8185
2969
19441
8820
13493
26433
21408
683
22655
12246
23115
22701
30387
22994
7889
21226
716
20051
23339
9097
1577
20939
24655
15544
15122
17145
10580
10048
22774
17944
10710
10076
30198
12374
23452
9163
8616
18311
20344
804
7444
10779
17775
29546
21507
29517
4122
20448
31610
28574
18252
6430
31105
30082
3574
13157
31272
13913
28487
24368
21964
7072
5911
8203
11415
1129
27013
1448
23366
30472
15839
2864
11567
6928
16579
215
28546
3966
16772
13235
18895
28979
28367
18382
32712
9640
18063
30842
73
15837
15629
13028
26005
1426
24412
16108
19171
4794
29940
27188
6937
26925
25757
26999
15575
1693
24719
25629
16311
27339
7639
24076
28371
28666
6908
29632
27784
1956
14819
7326
15226
12141
12528
26501
22744
12885
5998
26023
19426
2609
4401
14231
20136
30044
23929
28834
29716
5290
19738
17507
28458
9629
25562
12946
24463
11484
10523
9501
18248
9440
27578
13434
3525
1265
32054
1595
13342
13393
10261
31203
7836
15799
25987
6136
6011
22270
5693
30553
28398
4383
17069
3282
23652
17501
9814
6382
1290
3263
2675
10252
19345
27331
13275
22709
19761
23633
26664
23597
12270
494
19992
25928
9754
9266
11572
31103
19227
11644
20655
22595
15726
27620
4496
27794
6636
12145
19476
31943
15436
6285
17485
3254
26858
10933
15888
9720
17350
30581
19470
31364
14544
30100
6721
5503
14691
22668
14218
3670
29455
31804
8856
29193
25499
14561
7691
22218
28234
13123
4057
19910
22110
32044
28657
10051
17115
6686
2591
15595
12173
15429
5936
13927
28492
19883
29014
31792
9087
6571
26574
19618
19679
10920
30143
10067
22910
12287
24678
674
21511
57
112
32659
6215
2950
15015
4058
12524
21095
27601
16949
17037
13482
19413
10495
10219
11419
3104
3843
9079
19065
13639
28302
18964
1063
2030
24264
2845
11556
25832
27459
31146
10941
160
2517
15119
14465
26039
8867
16038
20726
2798
24191
8911
3722
71
12148
27444
6348
30567
18334
27730
29148
11071
29247
4149
14368
27371
784
22658
12345
19418
20437
16827
11062
18224
26676
27583
7431
18024
32711
11152
30516
25406
15984
27225
7119
24268
27373
30128
31911
5107
9132
9496
15038
26876
6624
30922
23037
1151
724
5557
23847
18820
13183
17091
24076
24297
6746
19294
30207
17924
2926
27443
2697
17544
4785
10037
21087
9645
16530
14309
9874
5771
9427
26833
29702
8647
27543
4443
24869
3698
20668
2748
31700
9774
23914
18249
934
9875
9196
28404
9296
25041
28095
9493
13406
21142
4073
23403
19492
10034
22924
22109
18678
2041
20667
18054
4252
7400
12684
7025
10496
5772
25455
29601
30762
15904
22718
19925
16494
20726
3221
24458
11492
11032
4835
13504
537
1326
28353
32001
18180
18850
8963
10656
31292
17667
12557
16703
10088
13735
31209
3219
28918
32405
13718
108
25104
417
29858
2287
7371
25817
24571
6694
14498
18208
11010
10684
25892
10265
27617
30209
9449
1863
19998
15924
13514
32370
21361
20482
29521
23372
5843
3658
23663
31828
17880
21795
28013
29947
17470
24352
1317
15621
11718
4051
5234
28467
10818
18319
13029
23327
18416
9330
27578
28263
20486
21667
22282
14605
18830
24025
21314
4382
7796
32285
29395
6546
5854
2512
29227
12404
7867
27375
18917
2115
2463
9622
12604
28823
18638
1475
9414
4615
18327
23133
17759
8523
25059
24949
9058
19870
10509
18891
18976
28262
27380
28052
8074
13335
12111
10874
27697
24661
8001
31461
8049
18777
2862
13433
9192
11413
716
4064
22573
5275
13181
24009
32703
22075
220
3376
16444
26859
2965
26336
32468
7789
6779
8759
12796
32171
6612
14122
31591
17638
9463
4488
7730
22287
19994
2435
9567
6261
6245
17772
20100
32417
22603
26814
3268
22398
28185
13406
14335
3006
3791
31777
15430
24696
3888
5519
23954
31766
25877
9191
25525
12910
21254
25955
17040
23599
29195
26044
4743
15743
3520
14833
27954
16354
1704
10565
597
862
11971
26502
30995
2781
21603
17557
29022
2002
28475
29987
14770
2335
9145
22713
3331
4407
4246
24827
27892
22399
6827
32301
27721
14587
11014
13558
32159
7206
4925
16740
6746
19489
3074
27441
21984
3856
504
28485
12549
31682
9413
8827
16837
21136
27753
12712
825
23943
2254
8922
25028
7113
28575
31709
22414
15408
31838
12804
11571
11061
22193
18213
12988
14352
4861
14310
1230
5409
16694
7991
12833
14223
24054
13088
21812
23087
22988
32445
30271
10151
10966
32135
18794
20435
7314
31700
7484
3175
20977
24738
3414
22742
11693
17552
19809
24947
5341
31277
8261
28118
16327
27509
20379
19074
3317
28825
14182
30149
2699
1023
14845
5087
10711
30602
12364
28262
20778
3867
10812
744
16358
9304
4976
25811
30937
14252
4146
30354
9929
4750
9901
15865
12112
24327
2140
22499
26603
22638
4034
20249
8525
31095
18012
23158
31993
19308
1748
17993
16655
15033
3959
3323
7782
5294
6377
25330
7388
4737
17687
14772
8682
5522
31342
32336
17788
30963
32587
5882
26879
7208
27058
25589
17595
2859
14146
18358
24419
26548
8552
31302
9194
30646
468
11240
2457
32045
23337
15100
607
15127
23033
291
9064
19392
25072
31652
15344
11331
31567
21262
20058
8526
13468
1567
8060
22821
19608
15333
20542
28394
14450
291
13667
13083
23098
29942
24998
23900
31640
10424
5641
2935
24766
14117
3178
12705
1947
22204
20567
24575
26450
27496
6691
360
17386
23392
24633
30573
27207
11084
4785
14230
26713
9641
13601
19951
5523
4462
19126
26819
32671
15344
18563
20904
3920
23043
536
30651
31192
1122
17495
28461
21051
21329
4739
2559
20227
23936
14746
28169
6198
7731
11749
19521
12677
1696
26317
7482
21702
16024
11504
1771
20644
22634
3700
20402
16277
31749
28059
665
11021
19804
23960
10455
28402
4623
16802
15514
29007
23111
25158
14595
588
12513
27905
27506
30814
5840
4622
27141
23739
19900
13437
21339
15377
13807
24709
15262
28535
17266
31771
27328
29092
20083
26051
20484
5214
17130
30119
20161
10806
29565
5350
18531
30835
5024
24366
1970
1356
7424
653
29015
5722
9250
20868
7579
29516
24647
15198
16243
16605
27284
7871
31930
2051
30831
10880
7101
15721
5420
16570
10748
23840
7913
4129
47
28306
2742
22420
18312
1207
13306
2034
25656
3723
15122
14382
26932
3007
14138
8102
31033
31150
16305
2736
14605
3220
4120
32118
14089
2298
19483
30981
27604
20853
9812
5792
14449
31888
28268
27994
1404
1799
19076
30180
26544
30262
8147
24739
28077
32464
28304
4613
31480
980
9490
14614
21572
445
11830
13390
16624
14842
16129
14509
26064
12957
10118
28427
15664
24151
11018
31657
20502
164
9063
9227
5320
8771
29614
1802
5774
10729
3600
6949
19129
27958
4351
26392
14052
19944
16272
10416
19578
14159
22820
24029
7545
4097
5191
25609
20085
29646
16600
8616
27103
18934
21867
28176
30855
2970
27627
11147
864
20081
29060
18347
25219
26556
3519
5598
32119
15228
1263
14402
24752
3042
6605
2747
19541
23815
12895
17474
8263
16605
17438
17024
18782
8038
19287
13211
5110
20259
20946
4688
1962
4560
18610
10306
12383
18766
14748
2705
30853
30945
4891
17583
30873
26267
5187
9583
24558
28952
7061
25183
23214
28012
23843
1368
6427
8538
17397
22611
23579
11719
682
17278
10996
32109
5986
20880
5716
3028
18140
20057
11412
6270
21212
13213
829
6754
28624
22562
31180
1949
15794
5384
6578
17763
18480
21849
14239
21563
21003
17377
14848
3180
28605
2880
10439
32434
13662
23613
27242
19766
31688
11869
21038
4285
250
28341
25509
7712
26554
4348
28533
16380
23167
14052
27996
14506
21901
25002
14193
8306
23650
25068
2733
29691
7761
31164
28841
26374
20077
25842
30377
20316
12968
15302
21978
15365
11836
25502
28888
3259
19274
548
19059
7583
1985
9884
22963
23338
27010
7541
24346
21093
7618
8733
7976
4445
10159
25370
9765
27601
25174
3159
31002
30767
22980
19387
22561
22719
16235
1024
30174
9501
32200
8643
18510
2028
12099
18135
22207
25801
31831
16351
10528
6782
9458
30748
15483
13688
14623
24451
8384
9852
17634
30483
9156
20885
29539
30565
11657
2385
27983
17797
12736
18988
30332
10752
23180
19021
3788
32318
20617
12656
6739
17426
17421
3364
21692
23440
7086
21814
5096
19231
27652
5229
7641
19919
7344
2423
5583
7148
24220
21540
17584
8659
22405
722
16557
6404
9911
5161
14371
14201
10008
16648
25535
26934
4712
8894
25574
18466
27079
2430
3412
17941
18296
5901
26883
15666
32228
29118
27470
23159
10210
9120
9814
5778
3637
31222
31653
12534
1622
30951
4369
24879
11893
14199
3299
12914
10938
14262
23865
15737
18384
3895
3753
13454
9892
29636
30247
30181
21866
80
12841
6190
31202
17965
18185
9579
28889
32384
23210
30719
1778
28657
21342
28168
11942
23719
24071
26351
22410
3187
8061
16190
19152
18251
5424
16049
12561
21499
26895
11407
9546
20247
15528
32314
31012
28212
12176
21509
3704
855
9477
14407
27154
21678
3282
21678
25525
7294
13171
4565
5984
17757
23930
21784
31696
13985
12849
20647
16966
17688
14721
6617
25482
7162
28946
31171
32304
12827
15540
11274
27162
8037
13822
32757
9534
26246
7988
4038
32169
1766
32110
587
7364
27356
7671
2736
22487
1569
2804
6807
27083
14469
13126
31338
31284
18656
18865
15344
5519
3148
7997
15135
31431
3473
31964
8498
25087
18657
16462
7675
8331
20422
16450
19321
20031
26968
15294
28589
20461
691
22720
4266
27433
936
30246
3820
18255
23475
21707
14826
32712
23341
23539
4846
11144
11459
31977
12837
32219
807
31206
498
25698
20229
5173
17544
18008
4409
26005
6072
18714
7487
26847
27399
15847
24555
30184
7172
7396
32346
13481
11481
12643
24872
19357
18719
23396
32739
19819
3319
2652
192
10693
16982
21814
141
9616
2208
21400
5863
7749
6777
7271
27309
7319
9688
3469
27317
31318
27228
16634
32445
8083
4580
21224
17572
6917
30554
23908
11738
6571
20431
19722
4373
435
27085
29456
1093
13467
30440
30854
4811
15510
5015
5851
9189
26929
322
14756
9581
7990
18076
28057
20164
24528
10803
16608
4105
19185
15174
30863
398
8433
23766
16236
26508
1912
1791
12791
7701
5533
12937
27562
331
27471
8891
31103
9680
22516
367
21939
30077
21585
364
20681
1111
21418
31471
3027
12734
12330
13963
26605
27112
13957
23091
3850
7054
5339
11414
31219
13797
12512
8875
6028
17104
10554
27532
31065
29012
1578
28295
10562
9292
23919
28530
3219
22878
28007
19776
30791
31789
29560
3794
23174
31184
16814
12815
7532
10372
22437
28983
9996
22429
682
29300
6837
7107
18717
5555
16244
11098
9497
21681
12249
24386
21080
26969
14078
11201
13136
11853
32454
9661
4514
28099
29539
26671
15797
4754
27
28116
20894
28556
2379
13094
6980
4367
18348
13450
29121
19671
26837
7371
31243
1046
6401
14279
7891
19399
23059
32104
16301
28479
19415
18646
23410
261
18827
4075
14818
28131
158
12008
22670
17981
25783
7270
7926
12706
9465
6543
7662
16545
1670
12941
24134
4318
18497
9027
681
30565
29657
29755
16582
9533
16387
25568
30126
31297
26630
28654
22909
31275
7293
4902
5693
6130
29016
2886
17927
19286
27941
15160
7275
9400
7566
32138
16147
21296
21794
31518
4514
20698
30296
23075
30946
10608
28624
22851
22815
3870
19933
11038
21454
12689
1345
9720
2163
2898
23351
7086
23745
6482
3767
28143
4098
12486
9973
12968
7609
26420
2859
31936
13190
16590
18328
7430
15947
6400
9160
28520
21133
31045
28183
2149
29725
21054
8305
22213
247
19205
16987
3463
17258
6847
11319
27163
28537
8304
4035
10961
3970
11540
27108
18834
9245
13291
16802
20174
31559
21780
22643
20661
704
30301
12220
29354
6577
24154
1941
30964
9618
1460
15053
17591
28235
4804
7213
19491
1433
13152
14593
25324
15796
18677
9429
26362
29487
6870
12925
9569
11807
724
15960
2963
24191
18447
28117
30933
14291
7180
2101
17391
28684
28167
19603
18728
26028
2186
26914
5233
28970
11582
30647
31713
26008
8962
9095
15969
1155
27194
23601
31401
26907
2921
14847
4715
11923
13315
30568
19917
21963
5500
9178
21277
11821
15013
29623
18112
17877
18232
20894
10092
9460
21937
5355
15000
22646
26464
385
7472
4066
6845
29895
19596
21122
7163
25584
15267
4037
992
3968
18556
3809
6355
4107
9702
444
9783
8256
3433
16141
24055
18471
19836
26558
30818
19879
2040
31638
1594
3659
13517
8468
10503
9798
15604
9374
9649
2228
16805
29403
1358
27938
25545
4701
14393
13905
8114
24707
28516
13879
4362
5533
8175
29511
13065
21586
25849
21234
28907
18495
13238
19822
6818
6113
5569
3766
4552
11701
23988
10450
17111
7325
2551
15192
16028
9094
18901
13363
2025
5192
22741
3491
27019
8653
9287
11653
26747
22902
28445
18901
9817
19386
26620
30321
18453
10257
26003
16415
13552
20496
15660
30930
16803
9685
26496
6441
7133
6565
26576
23353
2547
15060
10545
29324
21203
20453
17960
1385
25147
14835
28278
19286
32040
10064
24373
29916
6800
22891
8484
16522
13395
503
320
24893
9328
31561
30612
6558
25204
24578
28753
12523
13625
17903
11041
9467
11468
8237
9401
15740
30895
3217
16045
25728
28225
4166
6537
26680
21370
1976
21789
2558
16859
19889
11032
32409
13733
24002
6105
17341
7498
30181
1409
28370
32033
31584
11597
22774
31581
9965
8995
19525
26688
15383
16234
5720
5772
20455
23327
9227
6203
25280
4645
2692
13167
20872
32733
8561
9132
25096
10743
4752
31557
28310
3464
629
14612
29937
604
13960
26222
3180
26765
23629
20822
1871
21588
21992
14065
17274
11296
12256
29243
28235
27877
9251
759
16322
2231
20042
236
28899
5015
29983
20302
29020
12941
3420
9339
8296
247
22966
14824
3315
24608
19482
14426
255
25876
3127
13401
23622
22707
18236
20193
545
32261
11491
20060
24232
4813
15790
17357
18203
15969
20080
4174
14721
25272
25872
24252
16270
965
21130
26033
30922
14595
11830
1458
4080
23890
5709
6058
8084
28929
22953
32663
18953
25132
28364
22404
2178
12104
23588
18103
30071
6140
30094
22827
5707
20530
4888
27457
26667
26991
9483
32178
13369
26207
18729
1480
28394
11445
17715
3534
9900
18738
2734
14789
17869
14850
10215
1112
11160
13135
18997
18450
24769
4625
13694
26831
27395
28963
21756
12656
1031
5276
18753
14803
14216
8028
6009
26883
11445
18149
24048
26539
7894
31085
12756
5841
18739
10801
2619
24256
18993
14347
23655
27206
16831
8775
19785
8736
12016
32691
7237
31923
20713
27637
11061
30205
3838
24353
18352
17354
11288
9099
6540
6699
18778
24026
23201
5156
31748
23390
15312
5285
31383
6820
6981
13243
9530
16967
28664
3080
27996
31240
3706
31857
24731
23073
10990
12822
23268
25815
15445
3719
9180
15951
9488
15925
31615
5794
17567
4902
23047
31283
22191
30701
26384
31809
17236
3802
27641
28600
17555
20846
17805
8781
1315
17425
6371
19913
7284
4615
20354
13221
3057
9633
7881
5848
8579
4272
7823
2029
25430
22847
13062
14168
26847
32386
19941
16906
17694
18953
19142
11331
26144
16697
27340
32424
3529
19197
13194
14741
18384
23993
13600
4788
267
18816
31655
12495
9197
29318
12240
23010
24141
4056
10951
18293
29800
16970
350
5416
17706
6065
19047
32144
25513
20051
9313
22849
27123
27804
15960
5164
26889
275
26630
3372
6699
7820
27966
5083
13654
26782
16523
30890
4364
17495
14612
25393
28499
303
26562
25283
7168
3643
18341
27974
16437
4003
19860
16449
3881
26710
6932
22583
12327
3068
22652
29236
2522
11565
31318
19365
21191
7136
30215
5228
2843
26662
10675
18228
17319
7448
31579
23554
22057
10253
29512
2317
29389
16401
21933
1488
9971
24979
32648
1117
16691
12894
2761
21748
13982
25035
32182
26580
27975
22836
2446
8529
4099
20651
7276
13351
20332
7148
19055
30222
13356
17297
21016
25231
26232
16005
16371
16405
3802
24507
30074
6983
13364
19488
5942
3221
15106
3278
9767
31761
27103
4482
18534
22401
5963
14160
1289
28338
25771
10133
30535
27151
10897
9006
15581
3953
31294
3559
9135
18745
22629
20022
23219
9117
5426
21802
10763
13375
25995
25246
30321
8196
8598
22962
5080
13091
19579
14716
11088
16252
18795
3578
14379
13612
25057
27979
24670
10590
295
21791
11306
16227
18717
31853
24827
10246
25654
28004
912
11033
14531
31651
17756
28500
24948
27308
24876
29792
3867
22678
11019
29486
14260
16643
22370
6285
13987
11346
15716
19964
16956
24342
6313
1212
23176
7622
3609
14122
5446
22710
30732
5196
27441
21573
15792
2474
27265
8536
14762
8031
29364
31240
29696
23151
23950
22168
13110
6491
14687
20138
10423
7923
30852
6834
15479
16236
14896
18858
15319
25522
4205
32520
28617
22271
26461
19693
24116
4781
29126
32415
15002
31817
16077
26425
18936
18920
23810
2209
15853
190
11933
9915
19231
16876
21255
6876
32475
22938
18845
31618
6139
17478
12720
27714
26381
7771
19408
10753
31153
12806
8266
10087
5443
5957
28399
19857
17594
6721
19479
13574
32208
23517
3814
27373
8548
24719
29902
5757
23324
367
7765
4788
9294
29581
18713
20556
28193
22920
27409
5099
14063
4956
4885
25754
3822
16508
12961
15992
20496
10273
13526
23983
3367
31713
1729
13736
31821
10371
29920
26747
24707
10514
482
21162
13976
4144
6831
32526
10573
15277
19368
5905
4278
26200
23344
8990
227
3093
28011
12118
11200
21552
5445
10373
6714
30193
30391
1364
163
19313
24134
4032
12888
1707
29132
25290
30881
15574
24186
28784
20696
15347
10270
9181
21966
24226
32162
29661
22634
21049
14037
31123
27539
791
24431
24430
26448
9014
29519
15449
10030
32512
12294
12082
2019
5220
8089
20094
26672
8232
16515
16475
12556
5505
28410
3765
10494
13281
29555
3005
5835
12048
23144
23191
30545
7550
31065
28755
19123
8408
17681
8479
15542
31961
23850
3515
11371
4195
28883
1325
22287
25806
24785
11957
10799
18304
17092
4099
271
8637
10668
17320
20813
705
22443
29643
2754
4108
15629
27933
11945
20478
26757
24079
25091
675
19641
5698
32570
31952
32513
23102
27396
14703
21356
8040
12426
5399
31237
17454
10442
26592
340
6277
12601
29045
25127
19093
13741
19306
30866
2994
4475
21968
3636
399
3036
20999
22972
22446
29590
8148
6060
1307
7640
20659
8285
6746
19557
1391
8003
11166
16116
18927
20339
11068
29655
25427
24930
18526
23516
17472
28144
9724
1393
7031
6821
32264
779
12461
21306
1257
4296
919
15451
8491
15699
24900
17323
19317
6664
25519
28937
10939
13912
3989
23826
16564
27247
1156
28902
14991
13589
29493
21295
14818
12498
19995
9824
10723
25686
26684
31803
29914
29207
30272
8854
11734
27452
9671
11614
671
18874
16128
25052
2541
21949
1144
26423
16855
31305
17711
24635
21134
19745
21745
21080
26955
19944
24291
32238
16262
8326
18013
3016
8809
18125
2551
13286
3716
7517
23783
16767
13250
8132
27274
6214
30108
14314
30784
7917
15244
7341
22909
13031
9669
968
27165
2419
31265
11001
760
8662
23899
31843
7351
11495
11390
21041
5350
3537
2717
7548
18762
22549
30405
29806
32116
28366
32304
19368
16022
10553
24251
24290
14742
8308
11674
3281
14177
2694
22091
10830
13186
18080
1480
4276
16627
32419
22017
27530
12594
481
19849
2402
12696
15656
1936
13312
21223
29693
6161
21439
12066
7973
76
25137
8609
5226
18295
28678
17764
23451
2993
16943
11688
21717
7991
19011
3256
5121
1498
32289
15622
5534
26289
21207
24698
12481
17931
24258
2570
27225
7079
26359
9611
3512
6440
23522
4550
11855
13507
2349
8399
30393
19515
31971
29330
26876
29711
27094
23983
29707
18162
2366
23176
655
18811
16290
9367
26342
13854
2300
1542
18540
17755
28696
377
30202
17973
5437
20015
16813
6886
2063
23113
18921
28113
30900
18281
21405
12984
1078
5503
6600
18479
8232
28640
13884
19792
27021
20633
1954
32689
23285
28162
14526
13715
11753
9878
19700
18524
27529
24321
22027
840
28788
1659
14130
27227
26600
13653
6464
28058
555
6609
29760
23674
27177
10039
21037
11673
15966
15141
12026
28332
4342
11559
6613
28856
13107
31879
31661
1158
20496
4199
9970
23377
6692
15884
5276
24513
4296
2429
29294
6941
8316
21581
26236
31420
8839
28341
11243
2492
32734
16102
27896
29431
31559
29340
32315
24371
26302
28407
24365
921
18456
29319
9193
29801
12518
7589
11311
4075
19868
21770
19374
5545
28659
12954
18307
15835
6283
30849
19709
25891
17365
14977
17827
8314
32304
12682
11384
19818
850
28044
18557
29311
27882
22921
28792
1016
13443
17902
15348
24769
3244
27939
17801
7078
21846
9825
25181
25793
12157
15044
29419
10036
29707
4257
12547
12062
4601
8473
7954
27591
6071
27630
31908
8734
27598
23958
25639
9062
30916
23438
30194
23596
20543
27377
13446
20348
2414
9545
30227
21076
24229
28581
3902
7001
20039
10220
6945
31433
17129
15472
1171
20145
1716
25030
13482
1888
1547
23254
2687
20507
9582
1838
49
12306
11935
11164
8493
14227
6403
10491
13740
3454
12618
5453
18301
28921
25683
27402
25604
868
12617
17080
16259
28304
1811
19132
7576
15147
4331
29040
8967
27519
13900
30069
29882
11869
21010
20555
18438
15955
25821
12062
18480
16677
18102
28131
30000
15227
7157
18596
24500
27864
4449
14104
26216
10187
9114
9847
22645
31337
30132
1420
8519
15098
31525
22284
24980
19699
30945
15910
6554
12837
8643
14683
18600
15411
21039
32656
9695
29257
12022
13154
22074
32523
11129
24761
17356
15052
15122
30880
31305
9729
12719
16212
11464
26613
6080
24730
18631
9662
30036
7766
14960
17775
22654
19802
17947
29071
6910
5244
6931
28874
11037
8683
925
9703
23513
19139
22070
19450
66
18654
3101
17115
22052
2798
8465
32726
998
19144
8284
30372
11698
24067
784
3738
26071
29890
17297
30753
31851
15054
19027
30310
29236
3816
6117
29011
4809
17501
20527
25533
31220
8922
2808
31199
2139
6274
3499
29703
2911
21054
21082
8591
7237
11860
3
2063
31379
15676
14354
2769
26045
17583
23848
9861
14849
30976
14107
5430
21648
24751
6206
28285
750
5692
26594
6133
411
23609
13852
6638
19955
14243
15561
11366
20307
1138
29136
4149
7037
14447
3751
2183
23102
18502
12569
2191
3150
25308
31046
27002
14711
30434
18667
15522
18937
13995
2019
3589
3886
3642
4590
10997
16234
16288
12722
16657
26917
6533
19711
26995
8540
31748
9815
29739
28980
8124
22446
2028
18145
21283
27246
27142
28102
8734
12478
660
20957
7119
17412
28919
4698
10926
19624
17539
10123
13020
30492
11639
8195
27316
14873
14899
14583
8610
21035
29861
21992
26936
5743
29701
7042
21630
2715
14018
12741
16778
21056
22716
29026
24913
26956
31155
104
29117
17875
26623
8735
24064
18191
25474
15924
14631
5541
3292
25367
18162
22825
21725
18338
1763
26341
64
4091
30101
19926
5014
22971
30799
25592
15232
21328
9945
14532
1313
25248
26510
4342
31443
7918
4531
20371
31001
8706
2567
28715
20438
29828
3483
30299
956
6570
7908
30359
17414
32275
18703
7206
26730
19954
11668
20590
2889
30318
4110
26482
5162
22089
21578
30105
18022
25024
8862
12977
10276
15795
9852
3635
21896
5638
6982
22729
5160
13127
7012
9997
15040
5009
26005
20884
16678
2736
3202
13867
3200
11653
17561
7776
19380
3244
17432
28485
30752
605
26984
1648
20108
6032
7085
26694
21596
17509
6555
9082
15626
4034
10891
3536
17364
21054
26062
15911
19890
8254
1089
26550
26507
8029
28705
31382
29864
19218
1825
11648
8553
27789
17082
21721
28215
18913
15043
10987
26297
20584
13889
28022
22859
15971
16000
29799
8876
4066
26723
9703
25078
13028
18424
27543
10452
18110
16975
3354
31727
27329
12685
5077
14249
24599
3900
7154
11534
750
6373
13995
2823
24281
8929
16837
26577
25202
3436
22618
32430
30277
4091
16604
30171
31465
20176
31831
16577
29296
28363
23286
29295
22786
7043
14793
5192
28868
13205
19909
21753
1278
3900
8205
9135
26750
5410
8048
2950
13111
4470
27442
25412
814
831
15119
9543
17559
21488
2173
956
17722
11580
23858
3346
5916
24875
27366
29870
1628
6254
20570
21473
9819
15088
12185
30487
14879
18093
31101
2897
31738
2247
4726
16341
2150
27862
13447
12323
28724
22144
12945
10796
13798
14667
212
9407
14937
25262
9907
31300
23719
10862
32183
15276
20811
32040
25047
12200
29830
29993
14071
21017
7170
30086
26542
26568
11190
31594
16716
31320
29193
6570
20764
20601
3898
21151
9958
13918
27647
17460
8376
10864
876
23102
9190
16964
1047
31500
26448
23498
3194
25151
13027
28360
1688
7644
14435
4743
26340
24992
26983
3021
21086
9364
28325
30474
28671
15585
9327
25302
26967
28132
16510
28315
24181
7301
1263
16783
20743
7621
9355
28134
19138
21399
15435
5189
17156
3057
1563
23417
1976
22050
10463
4201
11643
16998
18868
585
19196
16312
17016
28433
937
3047
8588
5166
9608
27116
22232
14199
24162
4731
12816
15458
19495
4824
5686
6520
27790
3564
1633
16902
12284
5016
28604
22550
13223
585
21713
15005
26363
9933
15880
17398
8253
3685
4970
19599
25710
16155
17323
17891
26226
19029
23656
424
369
28075
30637
31049
12926
13814
8890
10646
21878
22697
8711
22203
10539
14181
13957
19566
24258
16839
18471
28269
14426
10629
6561
11560
31471
7353
26992
12986
14205
31356
9242
23582
12136
13751
2999
21152
22555
23094
30896
22929
16879
26622
6087
9279
26191
30945
18775
18469
8475
25679
1501
8030
22857
21871
27576
12128
7378
1902
23085
26598
13260
7192
15790
20014
28371
16549
29020
26725
13486
5333
22986
32096
4912
2111
7428
31884
22363
8677
7120
8744
28876
26125
4147
11185
9299
20044
30007
12446
20961
2020
7148
29518
20903
27728
4525
15935
11388
26652
15268
8576
13183
17402
19345
9321
15102
1043
29126
16265
31895
20891
28790
13024
25757
8872
29744
3150
20158
5188
21927
29260
30178
10944
10420
1754
6997
27724
15518
30392
10537
2501
29080
2265
21462
2510
1931
16917
32548
10786
18966
28958
27211
27433
15828
14005
26456
31177
13021
24094
8658
27518
24719
6609
14494
173
28302
30834
12064
24885
3849
9731
31139
1864
3647
19801
10491
19577
31554
11724
31080
19733
19963
14643
18622
5559
11887
19984
14275
20247
16704
25095
31449
23587
7543
12437
7645
7761
20352
16894
16206
21555
3446
24199
1714
17996
162
16870
23093
13858
18494
8951
6036
17300
6526
25520
21561
15470
8401
32087
26792
2619
2148
31986
19225
12890
18407
9216
32102
7252
8597
358
4648
4717
28782
5804
3357
12409
11207
23913
8910
13553
17413
16636
7022
26694
15526
24701
23812
3701
10113
11508
24781
5852
25934
14280
6107
32332
20328
17786
771
5983
11986
30866
502
11532
9336
10458
7598
13176
26296
15051
21004
31503
30753
2885
6847
6612
15227
17283
18279
32501
2311
10573
23290
25763
10504
16239
31335
5152
22401
19051
11898
12314
13633
3435
32000
31031
18973
21369
7467
16625
31869
6386
19256
32420
8730
26936
32590
15077
3589
17576
2986
17686
16364
8908
26105
26423
6297
25809
8197
3071
14267
19515
21396
2860
26345
18903
1421
4119
13796
14577
17501
20107
11292
23240
1433
31191
13174
9791
1765
12834
8269
16341
13844
23551
31415
11735
25745
5698
27913
7381
18941
16913
31645
18514
6681
20798
27090
23487
12775
20180
28757
24491
8204
21999
10399
1844
3193
27345
20927
29121
17226
27187
21082
13555
26350
729
7152
17112
3465
28009
21344
98
19862
22141
25263
8216
32209
12023
22533
5388
11348
22165
13816
12813
4352
21701
6413
18717
32542
5050
22140
24358
6726
20927
30772
18408
21120
15563
14879
15926
27562
27734
27815
19554
5146
11628
24697
6390
20100
21760
16265
27556
13085
3202
30550
32384
19456
19636
6255
28525
4305
31417
20278
26069
17825
23406
23012
16542
16658
20734
8141
24665
23996
5809
19942
25020
6863
28421
7300
23634
12281
30720
8806
31089
6282
6596
22774
30573
22998
17252
13772
27915
2266
27126
32116
24888
21283
32234
13169
2811
3820
19098
19329
19881
5767
29729
35
17752
29438
1905
29271
30613
6649
20640
30373
31834
17122
27523
13152
13114
5960
17022
29740
22751
17025
28570
22206
4278
9364
13272
13539
14057
11350
30918
28612
3726
7378
4175
104
8222
16878
9943
29050
23592
22604
7048
9805
22086
11375
13030
4893
11345
13599
22442
19096
28113
11534
24013
1180
6071
28603
31715
579
30799
7575
28330
29469
3952
19303
31459
16316
16118
16617
16736
23926
24433
2746
6495
3942
3359
25463
25878
14516
16664
14370
5263
9238
2761
19400
19126
25751
32163
15969
22705
13208
10004
31480
879
28692
8375
20748
18308
9000
4808
15669
3892
11730
15066
9483
3789
1017
19148
2627
15163
6317
13305
31003
3798
24497
12975
13817
4222
2102
11747
28238
20714
21738
16162
28865
21053
13617
30411
12426
3546
946
12412
6171
3194
3606
3018
28422
17532
18956
23861
22299
12924
23441
11098
9424
24614
20590
3179
5863
19788
13570
30685
12618
28471
26177
24672
16186
14907
17661
10772
16552
27022
11877
20730
18147
31067
24011
21417
1140
1809
7082
13890
5190
3073
24039
12709
15371
9768
15703
25317
11738
25417
25730
3834
3357
16960
23462
20150
15018
24210
22015
14075
11312
31304
25670
20778
21205
23038
12408
30686
21789
10039
9944
27611
8206
19699
12343
13633
5010
644
24947
9478
19996
30877
17470
2722
23438
23724
7456
29196
19291
9833
21183
32230
29160
25519
23135
12788
22841
30348
19877
16851
9417
31124
3488
14312
27833
15994
5898
2198
21549
6881
27594
26036
24308
30575
13758
26174
19047
21795
1720
22090
28051
15593
22982
17214
25754
19820
14775
6209
2902
23340
12506
24303
2880
22224
26121
30801
144
28093
2790
25100
31398
6375
32613
23512
23465
3559
20107
308
23406
17999
26741
11097
12699
4410
15771
12140
11020
25383
8022
19703
11893
22535
2464
24730
29769
7060
14875
12030
30171
11237
14422
23563
22468
10815
13131
25179
21380
11823
22572
7918
25708
20181
1631
17695
15291
22147
1223
20182
16391
21639
7237
15616
7134
324
15230
15420
8110
10376
2015
471
31458
3609
32735
29947
4174
145
4740
30755
27085
3692
20521
26322
3880
4448
6270
7045
17466
1005
27088
4582
29266
21812
13707
31042
16601
12044
24061
19261
8501
25171
16732
15045
20972
28034
30219
3908
7437
20868
7193
16410
21964
10441
26635
25674
22892
13462
19163
19059
5986
21663
23360
19715
25783
7383
25648
13991
7854
32135
15523
19206
24743
12701
19611
18350
20803
26439
25441
29006
19145
22209
17169
295
25288
15212
1368
1725
5374
25375
15741
4562
5497
18369
31646
14484
3580
26392
5437
19990
19108
19676
22267
23805
6603
784
930
14972
25389
23698
17513
17794
14921
19952
28276
9777
28683
18557
16795
8595
26535
19364
1132
21896
13000
8317
8563
28931
14570
29598
10681
15478
28164
16692
24714
1675
23659
18258
13435
18709
1523
29320
18860
6726
24663
30904
31051
15906
28891
5669
27225
27699
19247
8397
10161
7551
30615
26105
22342
30391
1097
1554
30380
8881
17942
17078
16602
12568
3149
29451
8494
19811
19421
4691
22449
25091
1465
7361
12957
31713
27777
11915
284
519
3422
6465
9043
5533
46
25437
23455
11800
25313
26139
17694
17838
9250
32139
4978
10765
24890
32484
32705
17740
23346
26907
1792
29474
18232
948
23922
13910
32325
24537
15211
25206
20476
28585
26458
3532
31956
10194
8454
24462
7033
24418
21016
3669
28016
25050
10202
8912
26362
26500
31294
21178
28220
26631
9250
2057
5532
31545
12498
26729
21870
15412
719
28904
2256
25260
22479
31219
12754
1664
19972
14209
18651
16782
20129
2446
6984
9164
411
12491
32085
11669
11948
15252
21313
17472
12190
16162
13741
21751
22470
12546
13638
6598
29903
29893
419
13555
19641
29178
30576
5774
15648
18009
22989
24648
24514
26689
15089
15241
22588
19813
22547
21948
12052
27074
27786
30446
24060
6868
16435
26263
29013
21257
29971
4791
25331
6518
22589
11557
4640
12744
14838
13092
31971
126
4376
4920
7810
32598
28084
25912
5957
22021
32507
26787
381
27435
12383
15671
6085
390
8693
2496
4232
13670
30
1327
21187
28257
32358
5611
26636
6471
31148
31596
20436
15961
1412
13829
6121
18357
26841
8449
24126
3093
19927
29426
8175
29113
10503
6214
31104
15778
7100
7195
15462
25345
21935
4949
32200
26351
14822
15853
646
11358
19162
21131
11387
15440
8664
10328
19711
24135
30120
13069
176
5372
29805
1361
30835
21331
29900
19777
21429
32143
16976
32592
28663
2754
2317
9041
20873
23176
9348
30674
2453
4853
21959
24492
15712
6860
9438
19928
13005
1010
29032
9092
1571
31266
30341
13414
27919
2529
17908
25937
10989
21429
32377
6406
6723
32658
16770
24396
28558
1173
11273
6723
6466
6389
22204
3573
24844
24118
8540
3630
12890
7583
19811
16014
10781
10479
11241
6364
21453
13132
25288
11677
14254
13948
3327
21221
7763
14423
14932
13678
11616
1148
4670
32743
16788
11844
7681
3214
10758
28404
32283
21761
10414
13367
3807
5201
23592
29387
16480
20313
30389
4474
9616
14158
26243
76
32425
6807
21294
20475
17100
22494
5254
23975
27880
1895
1683
26315
4062
20128
24278
6512
30179
4602
26322
29856
20261
30968
16331
3358
13233
30853
5070
2644
31892
22411
22513
28557
14400
25025
988
1380
15922
15557
25224
30588
9682
4970
24647
31346
9371
2899
31237
3600
6011
14529
12749
12228
15229
1193
11407
4432
22949
14602
23840
10178
27163
10109
24706
9895
29325
7694
28518
15228
9166
7754
2287
7525
31427
2713
15033
17698
26751
15822
10778
24894
17837
16637
17063
23177
5422
5004
11770
31945
23044
14733
30899
6061
1135
1099
2237
11266
14933
18723
18643
31017
32487
31382
11586
32457
32130
22428
30192
18113
31699
9530
20893
2913
14143
9814
18025
3545
12674
17867
918
12529
12438
9913
144
11259
30166
3870
3370
27142
28771
24747
14123
26965
28359
5072
10505
12048
5080
26906
26100
9016
4831
17598
1814
26848
30458
26742
24090
1691
31167
32651
8427
29489
11554
12595
702
23190
31897
11550
24146
12060
18814
26188
21878
23271
9908
28705
2509
9633
30605
12731
21198
8816
30187
25475
5390
14885
25510
2818
7874
9655
27438
26871
11647
27887
29554
3494
325
15716
27392
1906
8380
11690
20077
24494
12989
16583
28151
22961
4372
15846
13929
10280
30853
12368
319
3249
31245
9111
12299
5541
4457
28692
5911
28212
1245
11156
31564
29880
29230
4687
10066
2883
11504
31770
23545
22138
21000
12765
8152
24231
13417
14150
12852
18185
1825
23743
9507
3951
26777
11678
25328
5125
13080
3740
8898
16237
13962
8329
4217
8977
16256
15166
11225
27064
3959
5330
8938
22616
10845
26897
11166
20779
7505
13609
8373
3333
8875
23463
26078
32485
18236
17570
22303
5578
29911
20022
18294
20680
1551
8501
21185
22874
18243
15896
1755
6138
2264
22076
10248
30447
9926
17739
5267
18279
10582
16119
2997
31941
25386
1263
23481
12860
12413
14603
15198
11933
15276
8138
21117
23149
27381
26367
13803
23611
23423
17607
23201
20272
3483
702
17434
18408
9802
18803
29181
7040
27135
16409
20732
7409
21670
21631
13052
17564
29412
16194
4726
30246
24737
6209
9501
22661
4292
3921
449
29787
16957
7474
23923
3203
17993
16578
9194
25834
31729
7281
28453
27553
9428
2037
8786
30768
30503
27199
11247
5420
4346
28589
13103
2060
12477
28801
13471
2872
22274
7058
21001
28259
13701
14657
22936
4379
3945
6831
18494
27550
28356
2349
19283
6640
21342
18932
1407
7466
16054
2583
6873
18197
16710
18101
18512
1015
27912
1395
2635
30381
20793
28969
5772
6906
25437
11996
11610
25119
31107
32493
1503
32172
14794
32399
22991
19605
8996
7550
21578
7816
4954
7151
26628
16766
28241
9410
20643
3473
19083
22527
17256
25357
18160
22912
4882
20169
28111
14315
19199
18616
18720
16356
1429
16571
3084
3968
480
28089
30127
32252
15484
4850
20764
11183
4022
12176
13985
20029
7918
19583
29261
3342
4416
23679
13232
510
24419
25208
27362
12886
14544
21005
30407
5116
17447
24179
2192
29414
16079
11140
24709
19156
16349
5391
18434
26943
8760
115
27840
27532
23034
27756
342
28038
14617
13100
18176
31755
26438
12974
25758
8197
4373
20295
12032
5533
4703
1150
18016
939
8165
30749
11568
18288
13365
17288
15383
10375
17362
26446
5942
2329
31887
7422
2223
26193
5180
31548
25704
15631
27268
8211
22796
9953
534
21901
21075
17199
5379
25729
20612
16565
18535
2477
22840
6966
17228
16644
25952
24943
11467
23369
28809
5963
21876
4573
3423
2133
4081
3286
9072
7794
31973
3920
14899
4304
19994
15880
30025
32538
17628
13351
9730
19694
28576
23131
5667
20880
27370
13356
28647
12256
10605
6030
26435
27273
1907
690
2158
2172
11647
1058
20385
23965
1585
26893
28188
19387
19307
9695
24681
4038
28338
11541
14820
28476
24791
10320
18811
23013
31958
18344
31667
21440
6654
6978
7659
15165
2386
11045
26341
16300
560
16713
26754
7158
16944
6641
20173
27019
25679
28219
4155
8091
13133
3318
29490
4745
31571
30131
3271
1949
7897
10783
7372
12537
29383
10640
27402
9678
9690
19165
2507
10959
14154
26739
8604
24294
16554
4773
10832
8230
5903
15428
13640
15618
1908
5488
11506
17852
12893
2221
11664
4640
19131
3642
23355
20337
15376
18846
22823
10916
31699
9603
17960
27340
2582
25031
25205
4054
25958
18385
17069
18806
30195
31009
13335
23137
13297
3115
13870
15293
3389
27494
11613
5333
20036
10912
13063
23314
4641
18068
9930
11815
32261
702
25861
17547
19420
22894
18071
31788
26669
12828
19946
25442
10050
20987
9521
20001
21898
15056
20973
19316
10043
27653
16822
3878
19259
14841
5176
9154
9537
12187
18044
30911
29496
11831
9065
8436
25060
16272
7562
21842
21703
20014
30225
4049
25926
14329
21788
21163
23816
28423
14136
28617
12191
7347
21539
25722
14186
31471
25303
7531
14777
22491
24259
14036
30259
30614
12892
3311
17781
18515
27348
12462
2812
7344
22825
5293
32325
24644
17506
1638
3890
31351
4374
18340
27056
21399
557
23610
23703
12328
30442
24564
10194
22139
18986
30926
30143
12930
14054
14692
984
27618
26111
1962
16020
8778
2363
23517
21640
17411
10122
27577
1234
13001
32399
5613
11447
10970
7515
8652
22667
8268
7292
10053
23505
1699
5942
13077
13476
13987
18960
31547
15958
26211
31379
14252
30550
26531
3150
29513
24151
8287
26397
26894
10926
29093
4779
16780
25596
163
11062
17561
7438
5636
5010
21318
22017
1917
2161
15889
18858
24482
30945
19292
10805
14335
18454
542
4363
31076
23658
3289
9722
30336
8098
18636
16784
5297
21619
21865
3783
30491
25925
14345
28648
24568
4150
26591
10921
15406
5218
22058
8088
3367
17506
18095
4285
9437
8722
3175
15227
26676
26519
32373
18872
2957
8609
14682
24126
32152
16110
108
16480
29801
14608
21381
27360
20687
14959
3320
528
19425
26001
7113
30008
8921
8601
11805
20280
13606
4110
24559
31342
18620
4062
16901
31706
26799
29091
19746
27008
4608
16676
5502
8206
8887
18463
21107
31679
16177
11846
3705
6271
8636
23175
4948
23888
2145
31120
26252
22252
13569
19859
27166
9644
13220
11078
30065
680
23309
18479
31371
8224
15250
15902
2949
26907
28714
26619
21564
25677
1480
31681
23626
15934
27879
1483
9525
16041
10598
10575
30949
11554
13463
18984
31836
26876
17811
984
23201
14442
29648
4557
7165
4836
26613
3299
32106
27341
3820
8747
23625
14930
825
9963
2643
22421
8331
11749
7634
21515
30097
476
4625
27426
2063
10581
19473
17448
7985
22427
22397
2920
2079
28421
28640
9878
2257
30843
10774
2157
29989
13367
20993
26518
6703
10185
20605
23756
29648
19806
11669
11326
24714
18497
759
15924
18322
17058
29349
2806
25895
22679
30190
32234
12579
13408
6301
5116
5072
16367
29808
14658
23804
4008
203
10720
12624
27237
2734
23082
25053
4797
26853
10761
25080
13702
16510
26528
20296
8600
28032
25903
16413
11476
25562
9783
19459
27237
7322
26591
664
5702
25439
2198
17562
23044
6161
4858
13124
20166
14543
28664
10715
24714
18473
1077
30084
30385
25488
15533
16216
1470
7690
20123
23738
28251
29483
11928
31208
19869
26176
774
21201
8840
8653
5551
28199
27862
11066
2218
3764
10484
32457
21119
20209
19790
10187
17802
6869
11468
10516
9893
31723
25244
18860
5889
27559
11059
6599
21845
8186
20110
17399
6715
1572
32702
32417
5078
24522
21923
12718
17593
13896
16632
9346
18948
6216
9103
18482
19664
21908
27870
29169
8910
11560
24507
6604
25130
8588
25956
29080
27830
26464
4546
26664
13892
8760
15599
27843
19027
25515
22005
1748
21743
8359
21209
5604
13010
4359
25048
19910
19663
11624
16368
17169
17009
16184
22690
7124
10207
14095
4855
14468
23298
15683
28609
26937
13290
12471
23843
794
5230
2035
25427
27158
6931
18554
3743
25302
32048
2135
15022
16623
19535
11770
8969
17755
10965
25154
23769
16682
13286
26843
7667
20597
6787
21194
29969
16788
17397
16198
22370
31888
24943
7882
10054
32475
19695
11368
6226
16191
11621
4448
5275
3605
9751
26353
1841
17847
5444
2671
12265
24376
9735
30614
25696
16210
14719
7454
25148
20383
27437
24463
5813
14348
13469
15959
32597
19596
29769
20250
2043
777
23482
841
2598
1440
2288
27638
20848
13581
20228
28647
18777
12132
29196
10217
14406
12035
23103
21862
11210
21956
602
10042
31267
14455
9538
16579
32008
16015
28394
14135
27042
10779
13431
31035
27096
23544
30626
21681
23247
10309
14686
3793
21681
20248
24507
17019
24494
28015
13067
30923
31297
31338
13891
12271
21685
9399
24228
17461
26087
9293
28314
28520
15693
21597
30692
21085
13879
10629
18677
15561
28757
22600
18842
10069
12666
16315
2782
5109
5279
27776
3627
18549
10795
18424
1969
5973
28018
18357
8203
10966
13179
12590
31008
1621
30470
17847
31304
12760
9677
27312
10161
17383
21259
8700
2304
15773
29499
26293
25403
27902
1314
16925
18918
18827
19471
11480
19308
32532
32610
4185
15553
6862
4939
31899
26694
3749
32468
26129
9197
32467
8994
32735
4765
3506
14327
1610
5336
6606
24956
3437
11419
8767
21310
10286
22661
17718
9334
31601
10812
3285
14733
4492
7181
32324
26335
506
27090
7937
12480
16723
28953
25719
19644
11643
23682
16851
18467
10778
7785
18451
30662
24909
32453
3167
5371
31900
16464
18589
11239
27179
8425
27200
16124
564
14646
864
17344
8372
32653
21008
23760
1893
29205
20972
29989
7149
11304
3057
8343
22101
27388
6290
26015
29628
17795
2055
21601
16717
7055
9449
3818
4974
58
17660
9910
15674
9093
7244
29557
7218
32575
18043
18190
3119
19241
31321
8933
22428
31831
7093
21082
30689
21465
8051
3730
14882
16539
30175
3961
7210
6282
28481
11783
30114
27896
20146
31683
16775
32322
32557
29574
7131
4784
7913
10114
18330
13468
21734
4226
20719
7127
9414
25203
8104
17992
13535
2596
3560
982
14990
14410
22299
31113
206
7623
29487
24555
15625
15660
12802
181
9774
30076
11030
14247
515
10803
21900
31416
7357
11398
23632
11631
24270
18925
657
17297
29950
9183
11380
30460
16061
13532
24585
5331
30391
9905
21118
9691
18858
24056
21906
30245
20340
24286
14669
16366
6769
28457
30190
32195
20739
6521
12838
10217
1394
30157
31107
24827
16375
23370
14127
21973
28435
24376
18650
21681
12837
17742
15861
24464
12860
17711
5921
15836
32042
18740
6631
20811
5850
2668
3241
12806
13539
11745
28376
22027
22620
18205
360
18383
14835
25581
13185
12328
15417
1381
18296
14187
22592
10788
17405
465
14440
19930
1430
19232
30070
519
1100
25991
10726
1029
8611
8137
20355
29768
4816
22174
6964
4837
15143
13654
19225
9553
2771
27071
6870
26987
13769
20297
21039
14781
22271
21864
8662
18175
21464
9530
17024
2781
5091
19050
2622
22523
24774
25428
27659
11061
629
7273
5537
8747
27560
31445
8082
15101
2699
14944
915
16723
4535
17042
19739
3233
19809
30491
14381
29609
22737
26482
12913
6465
18454
8635
29322
30294
6649
11502
6564
17713
1583
28214
4940
12793
31699
32151
10117
29817
25619
11732
29464
14116
32041
19344
14891
28502
24973
22451
18709
2781
3944
16655
22385
5816
1100
24900
8561
17182
16675
16608
11126
26819
19046
26315
25565
29526
30864
14051
5915
21838
11473
9187
27148
26854
15878
14473
20104
25190
12777
15352
9784
14245
5765
30043
1959
8396
4078
21195
22940
5724
28206
30579
14504
28787
24450
29937
23291
2891
4807
13312
26235
5379
24111
20564
27928
26786
15928
27590
857
6745
16607
15537
9531
6408
12560
23452
23868
2308
5730
5145
25011
15384
23809
15596
7266
27337
14827
23408
20558
4830
8032
5687
20943
7968
21907
15089
1251
15455
2982
23439
5575
32693
29909
18088
8137
16911
17906
24347
13912
21736
10001
5878
1117
29784
28036
4502
30158
6734
12810
12560
8063
5913
5955
4816
22844
4910
21607
16256
15894
24101
22584
4652
1786
12036
6197
6819
29576
14784
24593
32544
13601
15873
13667
8489
4162
29478
9119
2488
10257
30089
1093
24729
10294
6404
5976
29459
16620
17588
18
3530
10584
15356
31190
11748
7193
30925
22886
19819
544
31525
11862
20210
16322
12758
6337
19580
22539
24713
10042
19865
23126
9986
20741
10450
19994
3494
24712
5191
4359
15162
25084
10647
23378
14317
27240
24832
24141
24985
19152
18376
12602
30022
937
30171
97
20976
3217
1717
12896
22666
17469
6530
30659
3394
7347
7300
30932
24071
22457
26550
5556
12872
26509
27311
27819
10239
18390
29128
6845
8687
25307
18049
27262
2857
22259
12065
25895
29653
12348
4509
31208
27439
27280
15803
12160
15056
20405
8823
5132
26415
1492
29350
24348
6503
25133
31961
31244
22075
21512
14980
25234
9815
31727
23136
7059
5080
17178
18957
8251
8463
1835
764
3404
7298
11804
7820
29878
30260
13941
30067
3945
31271
6082
20064
16743
5150
1860
24543
9245
167
29927
10620
2803
3929
21620
26667
13858
23131
1800
10727
10181
5926
30917
17562
20276
25739
18119
13373
32397
14839
345
9280
24211
23542
24169
10284
21692
31222
28730
26503
3973
22862
13401
16632
11529
12670
3794
10411
12242
7608
1443
17911
13807
18336
20593
5182
9798
12113
4218
2837
18476
13472
17611
4517
31027
17828
20147
16721
30019
22134
6775
15258
25837
1589
16455
5951
9723
5453
12657
10408
588
4345
17877
10628
18655
22535
15769
946
32045
23772
2846
17245
4284
18615
31026
29804
23281
25658
391
28441
17190
26918
26467
22495
20732
8550
27290
22170
5874
30543
9914
18666
11063
23334
29317
29656
8893
8674
21412
30908
17039
16692
23193
4446
23396
3269
31478
22363
884
22719
13260
6858
8842
9614
7271
3104
1115
14568
10552
15697
25878
18442
15635
15928
11324
5957
23195
22585
18866
12986
2554
11557
26901
9314
18133
15709
28493
19281
2686
6459
30309
14395
18028
16813
15257
13111
25321
31779
13233
20163
5643
7596
14734
11272
9957
4443
2819
21600
28926
7664
2022
19478
15363
11956
26470
17005
15288
9125
22430
739
19508
27859
15211
2998
15950
29962
31355
28072
18515
8113
6055
22783
28410
24050
387
31697
31385
7964
20787
5502
19608
8261
27520
25470
10534
24371
14379
19293
18732
13437
25472
26115
18559
22765
24111
20537
17498
23081
3928
25705
15883
17042
27877
16805
5612
30829
28188
17387
12949
6209
3188
20904
10320
20095
18088
8826
29902
29800
23051
25402
8984
29740
9755
23354
27591
14415
28248
30411
9592
10833
28247
23299
6523
1166
29714
26301
4299
31587
29826
17632
11587
402
20080
29669
25358
11240
12168
26259
9824
30749
20399
8717
8547
31483
30358
32015
1653
14786
32655
25717
21136
13004
20384
18685
5129
22893
29142
6733
2430
2333
19932
29496
11530
13273
11468
23357
32698
20422
69
16720
10565
18456
8126
5086
16375
30002
28698
6667
19695
24590
10620
29246
24714
21728
12124
23007
19231
2294
11995
8799
19949
22499
30547
30585
22609
23516
16691
23224
9533
25954
22282
30778
19685
5666
21729
14515
7867
8985
29134
13492
22430
507
1990
27950
2126
1494
19891
27954
16420
12018
30662
14586
20480
12797
12815
11821
14722
31332
10571
14687
7805
11268
5629
1239
17576
26626
32192
1174
407
22775
7899
917
8938
19025
14870
5709
9925
20214
11980
5756
22656
15146
7490
3111
9631
30130
823
10203
16132
25657
1724
12857
23139
30452
25414
5298
10231
6018
11522
24462
20595
32534
24168
28979
3900
14295
25619
8868
15573
19847
6864
7496
23962
29027
29685
15853
2226
5451
13300
10508
15167
16931
32559
29774
27607
11641
10510
2384
29240
21096
31055
9635
5943
4540
23454
7192
24826
7510
11622
15162
28519
13011
7654
32027
31964
26984
21639
25684
22305
5904
20845
10823
25755
4330
15436
8871
2498
19164
5501
30779
725
6781
32081
9950
1484
8498
1445
22219
16526
8599
16822
32023
1892
17440
2103
25983
18349
3840
7073
2404
4820
5449
11467
22548
21888
8533
27578
21579
3850
24166
6842
11002
7476
17801
22445
10054
28696
20928
4004
10196
14942
16223
20652
31044
29106
23223
28139
14843
13173
8690
10731
11046
25011
15934
23349
4859
3158
6190
16162
5186
31385
2908
28398
7957
26815
32084
11022
24292
19972
23469
28867
18876
16084
17785
3568
13512
16187
25568
10025
4632
6557
13831
25612
15265
3495
21559
13780
28549
27525
28219
27691
24981
28501
2313
3136
1556
28892
16293
7706
31166
15224
2883
25644
11017
8790
22188
12585
10411
9445
24802
20505
14684
14219
13063
12973
8413
1174
11643
22991
13881
14709
28741
11390
12107
13352
8884
12505
17792
9461
24133
23417
6111
30813
16584
26884
28230
7502
27071
30207
16886
31642
26375
18660
12113
11944
21690
629
13539
22634
13395
10319
25504
8334
16147
15810
25708
13305
14244
24288
30433
22641
32509
4564
19788
26777
28805
17014
27128
19491
18811
7196
25008
16449
8085
13746
10111
1116
10983
17421
17850
16137
26375
18044
10304
12089
20335
24992
23553
32175
15138
23678
26557
17080
7059
29651
8718
5142
8898
30631
10409
12093
5288
26405
23777
5058
18389
32426
2413
8720
6488
27676
5482
4701
22495
7549
26788
22492
27167
24000
25873
17460
13430
13275
6558
32562
463
14365
4654
9914
29639
21442
26848
11012
15886
7877
31889
15109
12559
20469
28835
21802
22483
29515
23036
20556
11554
23163
15697
28897
11244
31689
17060
24175
16104
13086
16907
3399
21371
6491
3508
28783
5083
26093
7462
2016
3188
3746
32201
7921
16523
6586
11433
20244
29217
22082
15735
6848
8474
28317
29393
13486
1438
2404
11202
18248
2496
27760
19085
20575
1629
22068
30886
25884
18247
336
27650
29241
6819
1636
4496
19568
28560
4130
16648
9524
18442
5544
24035
14240
525
3852
2474
16813
15357
22584
19316
7591
22597
13816
20651
4066
25663
12625
11022
7337
26196
15637
12284
31351
22372
22964
23791
29802
19303
11093
25927
20724
3413
13861
19785
4308
12868
13551
13927
6724
26576
15854
16577
9332
448
10719
9709
30520
2791
29017
28915
21245
23879
29793
30620
5378
1405
24634
30957
27589
30041
10106
1262
12219
18892
16483
4528
13379
10247
7535
24973
9437
30177
5165
7858
17047
29049
9804
20443
5577
27677
24821
2654
26626
11371
18015
1387
6722
15286
30109
29330
11114
8876
1210
16261
752
22837
16647
9504
21463
28062
18868
10150
11231
9974
14494
27726
761
9912
19816
2046
24317
19883
20173
11094
24479
26631
5684
20464
18080
25817
31109
19174
20545
7336
1852
26773
28669
27481
18620
30113
17783
8528
32485
22842
23986
4056
3304
9373
5248
13509
1370
15325
10813
18776
3464
31715
25020
14434
2827
435
14978
16300
20380
30450
6962
16535
14121
1957
73
1024
27688
25916
779
30054
17963
31439
19646
6479
30388
13991
18965
17127
30795
3328
13039
19691
29647
6157
14914
22981
4106
31037
31313
24313
24455
24509
28966
32703
24744
22590
8508
31473
17395
18936
10876
12328
27821
17647
28522
35
24490
1397
6817
3176
5219
20720
6269
6701
23625
4061
22807
7288
21593
18709
28278
10630
5361
25167
23299
24426
5090
18919
9278
31734
27846
28126
32176
11230
916
9249
8224
21787
13681
26638
8458
24718
3017
4404
24141
18150
9631
26458
21028
25795
19233
14275
25431
23067
24448
20401
1459
30942
9470
40
16055
1749
1865
3828
25232
22224
24583
14574
7496
32000
27058
10618
7226
8866
21670
2900
27593
15581
12920
5773
23889
10990
11146
16336
2398
32642
13020
27882
16924
31075
11301
21129
2575
28503
14371
24388
25348
13126
6959
22492
2376
12442
29204
2242
28439
18923
10529
12505
3159
14812
27005
2428
22151
31552
28859
4035
29938
31874
1710
29442
1320
8771
1407
19603
942
23876
10236
1238
11509
22407
4659
2421
27273
31921
18496
14573
8331
25011
1891
10058
28513
20393
13654
8241
15788
30210
23005
2596
7802
2018
22174
3842
26558
18628
20787
11725
3325
19556
894
6576
4681
28124
26172
2625
11123
16909
27101
24835
23421
2368
12692
18479
10318
25613
1194
11956
13993
20349
27159
17788
25184
11371
8787
25073
9925
22064
29546
27072
27490
3199
31567
11228
2282
13453
31858
19143
6767
13685
22676
7181
28372
29660
11738
8465
11910
12496
18977
32011
2407
20470
26770
3154
267
18661
28022
215
8999
18381
5195
10226
18502
16732
17431
15714
10942
32226
32252
28559
27107
24499
6669
30993
19834
26829
18016
29558
23921
17338
31844
18240
8653
21432
24693
23854
7907
4120
16302
29885
25035
12004
8191
17389
12562
25284
5759
17480
13743
12322
22531
20769
12344
7565
14319
31514
3670
17243
2380
13545
29815
32403
5659
15707
4034
19210
8425
27288
17488
2251
9380
15018
2969
12476
18093
19769
5932
15487
12078
10904
2980
17815
15278
31750
26583
8140
16355
6445
27728
29392
18631
3823
5888
5922
5614
866
1840
14899
15638
6937
23994
3528
11264
17318
28025
1695
31870
1884
20478
28245
20174
20058
12932
19591
7718
12485
28454
27448
17296
15956
18000
31346
6904
24338
19572
5936
32387
12639
24574
14716
3107
2360
15241
19925
26985
29881
30803
32211
31130
27104
5358
27662
14852
404
21561
26427
14482
25574
2191
22680
22687
18838
7998
29067
23048
14041
59
23685
22149
21337
5652
29997
10553
894
4645
19387
29831
9964
16655
30625
14888
8269
870
32113
14714
2640
16042
19451
2075
15857
23161
5301
6327
3580
7682
865
9246
23500
445
6377
10394
26969
18778
11662
29567
3186
31223
24129
26883
10054
149
26961
32336
2601
7373
15943
6616
8853
25535
17679
19945
7023
28492
8280
8577
21132
3461
28476
23395
18292
1122
21028
874
26470
15800
14054
3614
23196
28517
12337
26245
14031
5069
23595
19004
15102
18059
7768
11205
30828
22880
12478
3875
3304
13679
20551
5284
21072
23725
2150
9727
10072
8083
25085
31134
13704
23318
31103
24637
22660
21208
16466
4276
2704
31648
28023
26129
31315
18952
24940
17386
11739
22901
337
5362
22242
32588
19787
6089
15440
7779
13862
28185
23809
20150
30270
8670
12231
11612
29087
5381
9395
26809
24939
3897
19344
23796
20092
24058
17329
21675
8011
15087
22765
16870
15632
27773
29159
842
5163
21656
13203
2448
29635
25049
32245
28981
4269
5841
9772
25714
12175
7070
4528
22894
14917
3515
5848
179
17539
541
18079
30686
17340
28027
935
5275
32323
26349
2686
23505
30129
30904
20257
31002
20614
29544
21438
19062
1811
30496
23742
21568
22423
10031
9731
12641
17832
15331
32110
21443
10452
26274
26277
10505
3721
15414
11283
30589
29490
6505
304
1865
5795
13778
6658
27627
28599
22766
23524
483
823
25971
2950
29870
8702
12000
7221
24824
21083
19801
1116
26382
26807
25522
15179
16786
4984
3018
17464
13426
24101
23834
27267
26650
28618
16781
4927
1257
2206
3218
18413
8930
739
2160
24202
24997
23310
28123
25293
15517
808
31172
9386
28538
1396
5493
4122
32482
14930
17628
12830
14691
5475
20263
3841
17581
19950
21906
11742
2814
26242
19581
32099
7389
22493
2754
30164
23307
25357
25413
7251
31927
20181
31949
19294
17905
5202
23570
25753
609
16094
21527
20430
6201
821
20665
27442
18280
20951
12168
20714
26897
26797
6871
5581
17211
10222
6927
25964
17610
11844
21065
8015
15790
43
5659
22914
26458
16026
23473
27729
20855
12518
10784
27471
1754
9699
1784
12189
32436
28748
4376
22376
11785
613
15815
24244
19812
27870
27648
13656
9928
17659
16908
30282
32745
13810
2391
9245
29852
16789
31868
3784
21901
29744
15266
18089
24368
4021
23307
16586
23802
29206
16362
4194
3280
15091
16245
22943
22208
29813
13372
24994
11503
17274
32185
24524
10194
25330
7720
29752
12961
28296
27289
26504
23561
16518
323
6117
7970
26354
31259
14145
14496
29693
1445
16095
23629
11679
28170
15382
24247
24699
11884
23122
10021
23048
5238
20059
32208
19954
8247
1754
2640
10942
5680
17945
5717
8622
30635
2314
26775
26084
21839
24459
19472
26313
12274
6632
5992
2480
23470
28577
18609
9911
6455
878
2388
19694
22891
26753
11851
4540
24363
3339
2193
28542
13162
11777
6615
30576
8067
14368
377
23249
8656
14895
13744
3906
4216
19588
23817
4720
24200
4553
23574
4338
14150
13568
27491
29813
25538
2245
18859
7446
11949
11219
24140
18959
14958
22218
24569
30102
32115
14128
21423
10242
22725
31669
30698
1584
31968
30139
28696
7973
4289
29717
17486
15604
20288
15119
2362
15586
3744
15791
17497
13001
26213
31803
24681
23482
26469
11259
17954
9190
6690
3136
27937
17343
14167
3238
31013
14426
20177
10389
14205
6936
20608
7182
4289
7301
11214
21924
17089
9856
31023
18888
30395
27037
25082
2890
2001
22983
14967
19741
3513
24106
569
12635
32695
14416
16046
2440
968
26249
25588
27675
15904
1425
16366
17210
13527
30061
7064
14534
7136
17814
1687
9111
7482
11353
277
23049
29034
3454
30667
3511
23592
21544
18015
5254
24921
9212
13297
17126
17981
9605
7665
15188
13034
29143
17715
22307
2041
24947
28997
3197
15487
17003
24064
30117
22591
14791
10077
23934
24093
21542
10122
30033
15062
2473
31549
6091
3055
14604
8265
15685
21227
24086
25199
1353
26817
1844
2678
31057
17805
20065
893
27857
28806
22856
27281
7800
11312
9389
15483
32435
13011
7945
5595
16244
5931
22132
14715
4401
7521
15816
20701
12591
8250
19716
6934
11520
22159
238
32223
32587
3325
32253
11498
27083
10205
23157
23410
12442
374
21460
11286
6832
30834
29549
21223
23462
17039
26195
7616
19136
22423
3192
22230
2859
2194
790
13711
2435
5946
11854
20888
29337
25007
1552
19506
1906
30316
10810
9164
29331
9338
516
26071
635
23523
27291
13014
28018
29290
14604
18612
641
8313
4964
1883
27586
19035
25877
9090
26074
27051
29340
31686
4291
11021
20577
17405
15823
5148
16607
31431
24297
17827
15876
23909
31518
11791
12763
19919
19549
16420
8808
24320
27259
496
21716
31637
10106
2045
11210
23190
267
12491
17696
13972
19281
13437
6842
31476
30952
23763
10923
23434
9254
31064
27294
2666
15777
25565
2677
32762
1009
10533
18991
2380
10423
10722
26383
4267
18142
18400
25594
21620
3616
29569
12578
40
18380
11625
30433
23486
6343
20602
2023
1342
9425
14339
16024
26763
30474
5684
18864
27008
21429
3798
11305
29759
22331
27193
29790
26566
1651
29805
28272
3780
13344
23732
21993
6826
24508
10552
19103
21764
29044
4858
3292
31498
30579
24075
17595
30578
18531
510
22741
28297
12081
13981
6173
20610
1041
14555
15113
26126
22211
23562
32755
2861
3604
15182
26302
3139
8359
8018
20412
22894
19189
27705
463
1047
26259
11224
23503
15047
18100
2082
13612
14140
15854
18915
12757
21181
12609
12210
3416
13482
23637
12576
8522
20311
11011
566
10985
7962
19479
27423
5120
24483
24916
18465
17163
11148
28857
17874
13980
14897
31491
11656
28669
12226
23411
22033
28951
13207
21713
3236
20882
16579
28593
2584
12094
25835
3573
18516
32178
24921
22419
19463
31027
25164
25753
13977
16599
16530
18542
13409
23529
345
25178
6936
11920
2115
5960
19597
8620
12216
22731
12699
513
15232
7520
24920
23191
22929
11763
18576
20064
9509
27812
25970
13596
24592
30922
27528
32634
22097
21560
25581
9856
8167
28096
7610
10796
13542
13558
705
25436
1993
6966
9342
11499
6666
9705
5450
10269
16112
30211
25042
8253
169
26832
16072
20868
23448
13809
16088
5949
17392
11938
9438
17703
10626
574
9814
12315
28115
11268
12819
10734
114
28187
3893
29849
5512
32212
26709
28823
10929
17712
5890
2703
19978
23970
17265
11315
23436
10261
11376
13416
9368
9777
11164
15015
13778
30938
18900
8611
12083
10234
30701
15660
25178
6017
16295
3923
11043
19882
224
24783
13947
28287
3848
14495
11123
4255
17109
30449
27283
20287
21560
5955
22384
15727
4239
24008
24704
7838
16668
29709
14638
2145
21942
14556
31274
20848
10174
18273
7171
29169
26965
31115
32759
14586
5324
27061
31498
31569
28764
14214
5973
8054
31256
5141
32673
10979
20511
22865
18740
13458
26902
12449
4075
24768
12502
3271
6281
18929
23905
31498
27983
31540
4123
3988
10445
24488
5943
28953
25335
19263
25455
18361
29819
194
1528
4904
1106
22805
19125
11276
5013
28605
17067
29862
31635
30879
21173
31925
4640
8970
6776
7319
26672
11768
18330
19378
22180
4497
10543
13842
19811
25073
6004
21843
6317
20267
960
4290
4268
26254
17591
10431
26444
31015
29377
29030
2125
19334
26811
8302
16279
29381
15596
12880
6605
711
17978
10924
13092
29118
413
13289
26742
21744
27605
25117
7826
23226
9048
7468
5079
9685
26255
30259
28673
28120
16961
27687
1602
2302
1104
25529
32149
17194
18083
22141
21327
9768
9827
32076
27638
5942
31594
31207
9815
28099
9208
17372
9427
26486
14504
23726
16634
7538
15523
3888
23899
24281
7700
15922
2457
5262
6876
1631
11458
4672
23942
14182
10717
30884
26237
26712
12994
3329
5500
11089
15663
10738
26439
9307
19991
11624
15257
1935
3901
2030
14173
17022
25346
20785
5920
21711
27259
1471
1479
7209
12743
21007
19325
5971
30368
3778
26864
25753
15663
21032
29373
32626
10021
15110
16680
353
16647
22678
18449
27161
14793
21456
11044
13028
14495
15848
25167
12613
17680
10264
633
3292
30028
26783
32369
19595
22207
12554
29732
16087
17638
22962
23060
16785
8802
1670
8453
11445
10315
2314
7673
25746
16326
9120
20575
22315
6618
4615
22664
26846
31103
31521
12890
5187
25592
12281
2120
16727
11107
23556
12930
6106
1935
2727
13928
20725
12557
9722
23109
19488
12938
21196
8506
27459
25692
19943
17272
31259
18010
11924
30386
9440
11249
12898
6867
16933
28276
30244
7916
29695
6580
16441
12912
25705
18129
16400
5795
8423
6479
26346
9296
22890
4716
15842
22970
1652
11953
23851
1238
14972
456
26778
23991
8852
17549
13668
9546
31305
2407
32040
7235
30411
2777
16944
26199
27982
18516
18676
11692
14511
25936
19167
6798
8795
32411
18006
29539
21101
27120
4087
30945
2838
5067
2334
21118
13122
28540
8110
7976
29816
11642
31502
32311
28674
11259
31345
9376
20303
21953
26715
21099
13205
25399
1889
15463
18618
12732
23600
15900
32629
9535
22736
26625
12977
18444
19754
15855
15410
7397
16584
14806
15482
22357
6621
26287
6638
28225
13701
10161
31541
15552
21837
32712
16609
9517
1526
27971
16977
27258
25462
11724
20949
13254
24128
32414
19476
28210
26053
11506
13995
241
7227
2746
12823
1951
30621
7058
17109
1748
29683
3572
13767
20216
15059
21675
9178
345
25640
29834
22758
27514
13362
23133
8662
11439
31438
19744
17928
23014
30712
20591
12279
5064
27022
2878
2327
17153
9814
1738
19712
28379
27203
22991
6095
25106
14324
5116
13257
4580
29566
32164
10818
31591
6763
32694
23486
27423
15619
18415
25429
25296
7370
32078
18780
4497
5193
6345
18753
4642
11281
13886
11959
25471
254
29100
3603
20405
24505
9379
23542
13557
14720
6137
10285
25831
22058
32191
32725
3648
26469
18291
15043
25751
24899
11383
14371
31349
15349
29890
20062
427
726
23510
29250
26088
21675
8178
22877
30090
14632
4488
7081
3253
28599
14065
6255
30370
7030
22624
8805
31034
28798
2069
14105
16100
18027
31443
17811
4763
13337
17555
18486
8771
6315
19834
13800
15165
13778
4873
3699
13625
16204
2452
1578
32587
938
12789
5327
834
4695
14209
27572
21301
726
10811
5921
21854
16715
10568
20214
25131
1085
4515
14993
2195
20378
1298
11250
27815
10491
23897
5661
29801
24874
24493
17088
14048
5858
17515
2838
24940
22229
26378
6155
1880
31987
12879
28065
4014
15082
7359
17810
13647
26601
18778
32055
19778
32170
8326
6824
18253
26287
30026
11557
7362
460
2748
3253
8604
32485
3517
15628
27594
30969
22243
30642
17611
29023
2231
8546
22907
4176
24097
11953
7213
20134
15648
15344
3321
27875
25022
23634
23640
23413
13636
25682
7150
30777
9642
13135
29094
17725
4433
16505
260
31946
6901
28401
32439
9890
31197
27948
8814
4742
6740
9113
27373
23547
8797
30339
26720
23374
11939
24376
239
10198
23471
8299
25490
3961
28509
6615
7463
10097
13969
32549
962
23120
27430
30224
27716
5954
13863
24519
24111
1683
8770
20882
14776
26481
4729
185
1054
31474
4379
9634
20027
8281
2803
6713
26969
1685
19135
14228
24134
5898
18660
14040
23211
32148
9055
6486
2201
29129
20991
23546
1125
9599
27345
31206
25782
31887
2780
602
2268
29144
14095
17879
8547
19846
18808
24196
9960
4244
16055
6096
13100
14735
30641
31065
28775
18077
17289
30989
4831
6335
17868
6286
4280
7251
3307
29147
3086
23261
27887
30510
9025
23046
29288
27168
7056
27621
422
19987
6634
21630
30252
22993
24064
26760
22114
11377
13215
2420
28554
18811
3645
8874
28149
8268
722
3094
17783
8891
5097
30179
32280
12028
1014
16774
14604
20677
8682
27647
486
7600
17413
27995
16392
12513
25835
12670
23646
2536
5883
3615
28492
21224
16860
23060
2788
20985
24152
2512
30045
2508
9326
29994
26560
19854
24482
10848
9445
19470
23960
29275
31902
22049
10977
27188
3890
25670
4629
22008
25869
8070
4386
4264
11957
29086
14563
15748
16640
24672
10997
7817
8581
14423
10694
13369
14160
19114
28398
2714
29658
16962
15299
22401
2104
21551
22567
19984
31378
20296
29605
19326
12247
20242
7357
16662
15791
5604
17019
32643
6321
21064
29775
18250
29399
21411
21528
17048
24110
29209
28290
19518
2002
11691
28050
10234
7962
18594
22911
4088
15632
24881
23492
15256
24612
20054
14451
17266
20513
17409
29132
1688
32351
632
18958
29978
13883
5370
6029
25552
12740
25506
7941
19795
26295
7311
26670
9293
8110
14402
16528
6899
13716
7495
24729
975
32092
10008
26349
12227
15858
5182
7677
27979
17010
8121
16347
3330
23705
18850
11341
3944
27513
4879
17696
24546
14960
12599
25790
16642
19546
31703
8963
19977
26374
6868
23629
13738
29415
14113
11986
4625
780
13027
25143
548
6482
11475
27998
26633
31449
21220
3711
28904
10420
18471
10618
18930
20709
8683
24683
9890
19336
16424
6783
31810
30798
1310
27911
5810
4141
12345
6859
27237
16214
24632
7585
18348
7016
142
28222
21303
18915
9736
32331
26584
27359
7857
6332
17803
7166
14579
7261
12724
10143
1534
17581
27815
13396
7022
29936
8301
2199
6183
14720
11462
14008
28804
29540
29802
17690
17842
25123
3988
9887
19542
32730
1985
5985
1654
25485
181
12707
21654
7611
29376
20231
8737
17205
23103
2561
12555
6704
101
29579
18613
7576
16700
20762
19473
19111
29414
30417
31494
27831
21033
4597
25366
23380
6187
30626
17214
24214
7545
19388
26397
11693
11854
5159
15705
15294
29715
3131
11583
18158
6178
19570
28585
23996
975
6756
28453
20115
25001
29942
29523
13727
17405
12494
7055
7393
5276
14602
27856
25214
12766
18481
30416
22877
23783
11625
21614
22512
23849
29163
2896
10578
32042
29365
3788
5267
17544
17022
27145
28240
4922
26607
21857
26758
536
19472
15114
5287
11422
27905
28406
19438
18413
10474
7671
29168
11026
13620
14375
17781
11403
5626
23175
13189
30983
10682
31718
24774
18286
7505
24837
23813
3617
23590
7160
13586
7555
20645
6863
22225
17336
2287
2422
31630
23981
5071
2778
3217
31064
10737
3405
13810
27969
30542
15916
7087
2369
6379
24767
25852
17545
8899
3168
4570
3303
16897
5600
20203
6981
20339
10278
15237
29043
26172
20505
22021
25894
21193
32705
614
23616
28166
19624
24338
7761
14545
28039
23543
24414
19375
15134
18398
26594
28349
14436
18424
32275
28138
26080
28090
29798
32100
25687
24299
341
16976
10919
17404
17504
21438
21235
28823
7250
18396
17152
31354
12997
8553
13279
12934
24808
12653
23757
13331
20864
16680
17751
32391
1069
6216
706
19751
5615
13151
25769
8493
29416
16019
21736
12826
21860
10392
28345
14413
13846
25051
4381
17877
4516
7168
28798
8580
10087
7567
27538
22596
5484
32234
10114
30894
30142
23939
14156
11481
24807
28235
21094
9840
31156
24686
24228
4360
26169
1853
20827
32432
23061
19051
11207
713
5623
14205
5802
28440
97
18300
24886
26393
15276
11501
26413
15766
23885
15875
8775
20601
10838
20242
27348
22239
32064
4423
11170
21869
14567
18839
3361
11495
27862
29685
23493
30462
3781
9928
11692
9578
28000
19100
2945
5945
16458
31255
8352
6247
31074
7727
13946
32686
15173
6811
32571
24223
6420
7815
29611
30706
887
28044
18514
28699
1761
13535
15840
27678
16150
16585
20684
4771
9195
9815
3130
9037
4941
13650
1058
6216
15493
18033
15023
1569
20666
14798
29925
11739
7352
14743
17031
30015
28656
5382
15672
14707
29887
18323
17120
12238
24051
104
12113
18667
3467
15893
22827
18940
6334
21125
22012
4193
19775
25392
18860
13178
7104
14739
17689
30905
2997
30685
30718
19963
7258
1516
14873
15896
14071
19063
12173
5048
5730
1165
3205
7785
18374
22846
15386
19951
10404
27032
28279
6107
1559
1237
21050
23392
16732
19154
32030
14177
7569
21187
18391
1742
6845
10790
8510
30513
529
16373
7342
28036
1902
4128
16302
11590
9255
9018
21200
30158
3847
13938
14809
2526
30102
8134
5921
21883
23192
17011
15933
9724
15831
10160
14812
10338
28962
3995
26863
8679
16022
3700
30477
5850
17436
2569
13333
21417
10291
11121
3861
3136
3056
6397
14442
1425
24130
3180
12073
32116
29819
6494
15806
17586
3084
14348
10707
16220
6544
26677
7028
16226
2317
92
32624
28000
21366
32048
26882
13243
3444
25932
14000
24557
21349
5408
32372
28189
13990
1839
1306
13043
4109
27772
17641
22442
23482
10558
18309
23655
528
2523
22292
5321
12798
17428
19104
21185
12419
6269
29116
13220
16753
10289
25451
17278
3441
21187
13373
27306
10567
12408
22459
22943
8791
31923
12549
26381
13416
1200
5818
5161
3241
28277
19992
11076
15857
27654
16741
11427
19019
11993
30093
32139
26034
12169
780
3483
22041
7630
5646
26207
5295
3245
14805
22817
5216
12012
29532
16130
20895
14281
28474
32586
3939
13292
18120
20477
25967
28313
8326
25775
983
14122
12219
32664
20416
6845
22364
6379
15719
26154
29743
4196
2917
1080
4656
7456
17201
3088
4404
28594
8934
5105
31948
14963
21574
7206
7020
5145
5375
9781
30925
26764
13358
19546
28559
27637
2338
27955
30243
17431
18274
16317
13032
23522
21489
25471
7060
5445
32720
16645
9174
19781
19397
20112
16186
26188
6491
3340
14924
19651
27946
20802
12032
10722
9816
11599
6225
14535
20320
3669
18729
29126
27666
25200
19073
1
26844
23276
25801
13624
3911
7861
22666
28642
9156
270
2634
10108
4265
4230
9648
4897
17015
4648
31720
7771
6494
15603
8521
8249
5123
18826
3637
2209
6016
10796
18241
30696
30892
32485
20630
29856
10910
6662
28824
13233
13932
10452
1477
9900
24632
21629
29663
17499
7534
28496
27725
16285
16455
556
5567
8304
31890
20025
22289
29520
10675
5847
18802
704
26092
18388
5573
20262
32475
19426
16711
14555
17220
10056
11634
4227
8721
10967
20258
410
14999
21280
24823
2896
16923
10212
5370
31639
25237
12236
2435
8314
30387
19546
1370
9136
18209
4640
16156
17521
11528
28976
13280
25480
15829
16851
20763
5546
25659
2430
30145
12294
2683
3073
3757
797
14819
32002
21059
14292
21396
26026
24404
711
18057
4766
17217
8673
26325
7729
11108
22570
18988
27352
17835
23519
19877
8670
5254
27336
10430
2648
14852
30918
12705
19548
32313
11436
13990
29806
5346
8015
4376
19259
26188
4321
21820
21898
24433
2170
17295
4207
3428
4600
24400
15809
2032
3593
20030
21711
28540
18566
26019
27471
562
18691
2193
10903
3169
4516
15212
9488
14367
16434
4264
8167
50
17773
21204
9477
18993
9892
4056
28994
27622
32132
27003
4821
8183
10798
20264
19471
11717
27532
1265
3658
18581
20964
7124
8476
27118
16301
16189
18896
11073
27810
31693
1814
25296
7958
25434
13561
1992
3975
12855
11538
8624
10869
22965
14075
18183
9332
5097
23815
28457
5249
25776
31024
7027
2194
11249
3665
7079
18545
11554
16790
29074
15049
12302
2096
6124
8321
7893
23885
12415
6730
17716
5191
23948
11380
5382
6939
19050
13574
5131
16670
10096
2061
22249
21995
7445
9780
11632
13472
31318
16789
25634
3914
8792
1231
16115
3741
32079
20569
4429
6633
28830
25110
5975
23369
8768
6953
29815
21534
2918
22538
31510
5563
7777
3801
8611
29282
963
10227
18650
14960
12993
17604
14150
22996
26844
26844
28164
27077
17601
14660
15051
2741
2157
17938
11049
6784
18068
4667
17679
6890
32580
19881
10384
23624
28614
30093
32486
16509
6597
20215
23222
10792
17841
28580
28053
27676
1126
18710
14026
19729
29705
27114
3925
29593
19507
26983
14129
20053
30034
12627
18391
19560
12108
6666
12291
31276
2917
3281
7354
22052
15714
8295
29580
29234
2030
25565
16919
13578
18494
19368
18124
20455
25841
29941
30454
15485
9274
13116
9719
22318
11584
7192
12757
27008
14533
1366
22774
14543
13574
10571
7464
27967
24803
25963
22501
25845
8768
18200
25556
18311
7083
23224
32658
28080
17727
28938
19891
29001
3272
20154
5636
31092
16680
31283
11283
5915
19705
7092
7922
17817
1139
9126
5687
25526
2704
11053
71
14553
4463
17149
30165
23161
31222
9327
30373
1493
5820
30931
25494
16869
5670
11016
23007
23952
22480
30539
21401
7711
12590
11597
12670
12786
25971
22664
4592
15217
21681
17106
6461
2118
9794
1331
3873
18634
29288
6900
30092
23484
12080
11000
31910
569
25756
31568
30736
4072
27648
17161
14701
27510
16045
20040
29730
29506
6093
10394
3673
6745
28046
16773
844
20900
1411
16227
15040
4448
10311
29808
31183
5839
14435
10785
20715
10797
12401
14007
11040
230
19586
4373
25241
4102
25278
22222
32358
25329
12106
30851
32125
19028
5999
108
21246
30555
10232
10036
30651
22309
21211
11018
13559
17013
12316
7413
3182
21930
17903
6247
24982
1265
7197
6422
18469
16569
7848
25351
7123
15975
5042
12523
17761
14667
10395
7343
20698
16339
23146
30287
14617
24831
15726
31979
3211
19989
26661
11804
20278
17558
1372
8072
15866
21616
20888
5812
22295
22133
1973
21274
19440
9996
205
15996
16399
31015
2907
30583
31080
21877
15776
27227
26082
6616
18246
27706
6675
3353
1604
3135
11595
23259
25345
3905
5845
3021
14268
18840
28793
20004
18219
19248
16965
8777
1634
4572
15246
16334
15863
13804
32049
18087
18020
17665
22814
4247
25516
16160
11032
14056
1090
27142
11958
8287
26406
28347
30382
11119
27985
30058
26962
18605
6739
13168
26203
6532
2107
8115
31206
26410
21175
16693
16572
1490
15740
19433
25046
30756
6632
32709
16673
26346
12262
32280
20350
16652
11795
2334
7181
6078
25887
25041
2731
2808
21109
14339
21433
23078
15902
24746
12576
27938
28642
18043
23697
26975
16305
18618
17170
10087
1346
31824
4534
7303
11002
798
32683
3272
26639
28049
31098
6434
26093
23158
4491
32237
21721
18704
23016
5528
13268
20840
2882
29597
20418
14053
7481
11188
15819
2332
13272
6472
21762
18153
1631
15143
27460
14271
9030
30589
22883
28476
13694
23555
2692
12033
12026
11892
6854
6848
31854
24897
18725
29334
9815
16517
16541
18332
827
27451
31890
24249
24370
27823
19567
13754
15525
2610
14990
24228
4694
6418
23128
9544
10912
28873
16813
13081
2049
19829
12678
9531
29397
13960
12760
18652
5220
15809
9404
29127
17183
10843
5326
7990
25639
25732
17106
25320
1551
13584
13982
15988
6371
11631
22324
27357
26473
19420
20014
15974
13734
12248
14943
9384
10404
29399
30135
23777
23411
31033
29287
29327
17774
20347
29510
9278
21951
26543
9075
11422
26662
19241
20796
8664
30454
5244
20543
24354
11872
17829
18127
11410
17651
20101
27290
6447
15716
22421
28808
15182
30091
9429
13286
19228
9903
9477
22723
19319
15107
280
28058
13570
7280
16358
20530
22392
24725
21025
22979
25920
30221
6794
5722
23874
14064
18020
2942
18170
1180
2601
21012
29898
20661
5757
1920
16533
14186
22880
23053
30345
3834
24487
13455
25148
4215
27309
19783
12795
32203
3654
7174
9311
26872
27380
31637
13344
164
22622
31317
13870
1492
5117
7715
7678
20216
18457
8062
23586
31784
32500
24556
2845
16557
22085
8089
24181
26051
1767
13890
2058
27293
5331
21329
1957
26026
15180
2378
6356
2839
26969
10341
13046
31893
25208
11389
20370
18012
22417
16936
27373
11631
3113
10024
29403
13090
23512
27138
6101
29146
13309
19692
13388
14101
21936
20460
15933
32426
29688
9791
30470
13137
574
6904
19832
22629
18178
10473
9773
233
1741
18886
32283
14282
23399
16520
7018
15715
2889
25360
16515
15942
30037
9997
5482
26426
25797
30239
15181
31360
24930
3389
15965
19035
20470
27476
23004
15567
30467
4912
17015
15528
15285
9376
27351
15294
11030
4309
30323
10872
9089
28172
20136
2191
12889
11885
3595
29460
31226
15922
13822
21429
13296
19723
25217
5436
9064
18113
28747
344
3043
16154
18714
11168
50
21758
19015
3541
7582
20695
31133
14695
1895
574
31851
16955
13936
8403
1240
18092
28984
13420
10615
14544
12
18547
23323
19708
29051
28297
27885
12682
779
21615
25275
29657
554
28967
31123
13974
14695
3414
7825
7482
15842
10989
18421
4308
12545
4104
25720
16905
19045
30999
21729
3161
15901
13883
9171
7844
21273
14323
28649
3308
15841
20215
15365
12124
4999
9060
6628
29321
26841
10010
25334
31993
29148
1890
29549
19938
13686
25045
7060
14643
10603
16505
15203
25816
19083
8492
15440
11066
1321
3142
23911
1798
462
32378
1437
27696
10799
10749
4194
12855
31325
21226
18549
29610
29244
19174
1276
1771
15158
20480
7380
29747
22064
21210
9254
3286
26045
26638
10299
1993
26770
26827
23953
18273
30779
1727
29742
11357
24588
22330
1588
6695
8281
6544
21686
4183
12778
15551
18122
32121
7593
26705
24287
12048
15518
3204
6737
731
13341
15785
28475
15702
574
24266
23693
10628
11918
24463
16478
26092
29444
4450
26755
737
28983
22482
4448
22023
18381
14389
18174
10003
7223
3218
23646
6610
27804
23998
27917
31085
15890
10436
7417
18667
31508
5002
2691
15607
5681
21682
9941
740
17665
21183
26742
30958
26461
15993
3099
15299
28367
11410
22465
11586
23112
29321
5112
22658
6673
19151
12162
22294
28676
1065
16668
7055
8188
16469
23452
17731
1162
1520
26684
24909
23530
10647
31542
15573
24885
21069
22161
11410
1495
7452
3898
28044
24388
9215
2134
807
7399
27648
14551
13917
6747
32414
28493
6731
25054
12913
2047
14831
13059
26385
18747
21296
24999
14387
23018
17182
8485
27669
1639
1916
4046
8477
18322
31100
5779
32445
16416
9673
28933
28057
9269
26058
29056
6892
16180
7718
21922
19239
3030
18051
16130
16348
4729
7828
9247
13531
443
13394
19863
14491
13640
8073
13210
25563
7920
5783
20381
13448
17917
16496
13907
4066
20675
26598
3545
12251
19576
29736
13361
32703
10054
19080
10737
11290
4255
32129
5436
27095
13265
27896
28914
14501
218
15298
15396
9375
30589
15975
15819
19243
10389
18213
12473
10018
25002
29496
27599
26674
14018
23897
23153
22913
24185
22917
22839
7059
5204
7679
19173
13678
30035
32152
31134
16636
2757
5934
6228
14000
30560
7795
30851
7276
31377
8687
18463
7075
15889
29257
27595
17083
8633
3778
18763
30133
31127
15106
5692
21007
29249
8727
32514
2537
3945
10939
14851
31336
30898
24789
23315
344
2242
6211
31534
22037
21145
11479
2157
27051
4385
927
21043
4668
13574
12650
9639
1442
1223
27271
3688
26454
782
8144
3964
28048
3901
27880
26761
25008
29769
15296
15175
32733
22987
16736
9525
31212
19284
14308
8587
8579
18945
31172
18288
32126
7248
25177
14446
20113
20530
6045
21283
18223
9058
8499
32313
31403
17908
28839
8088
18334
11057
16118
5081
16776
23714
25425
14846
23994
875
1822
26465
26483
7131
23360
22507
32585
1856
12952
28294
10698
28672
9675
22997
12644
13285
9286
28962
24450
18617
5760
23960
20728
20243
30079
25522
27041
18288
31646
24819
11078
7557
21133
20952
29634
32212
25241
29707
26212
10622
10030
22745
1173
15448
11418
31718
14779
6464
6931
12831
24157
28850
29436
1265
30343
5526
24164
19896
12144
5212
15312
9595
24666
16459
17978
31958
4794
11030
32345
28727
21913
15025
14627
11342
24634
20834
30609
30398
18429
15387
27554
12057
19843
23303
20130
23563
1299
14435
27820
6357
24124
399
2414
30461
20156
5733
556
10308
9377
8905
20743
1241
17326
30337
21888
16844
20992
3912
1592
27589
6130
2333
28665
31222
5949
26849
9722
3406
7524
29985
1887
12272
21839
4401
32256
10467
7221
20090
6763
14347
7616
10260
12588
20056
31596
7320
23884
5693
817
6703
3095
24676
14689
28911
30242
18592
14803
16232
10637
10019
13377
3449
2438
8689
2031
2409
26382
29332
17037
6962
5888
13329
1631
16928
10575
19740
7067
28827
9615
19080
12563
23105
28855
15873
4115
26681
16421
29949
18317
18371
15842
7152
4723
18195
16936
8639
32101
29791
17953
28536
3980
13111
29682
18496
31430
15381
30712
25997
5891
14901
30545
9109
11503
31654
20383
20998
21457
26530
1032
31991
26290
12059
31618
16926
21699
27542
29773
1604
20729
8252
20672
7927
9466
20782
8521
17535
11068
9498
4016
24595
13419
17676
3995
2636
23564
28294
30807
19929
4193
27602
27605
629
20876
26263
12019
21526
27638
18603
22269
19047
12786
7976
28788
25721
30878
13250
782
7349
23562
20567
5885
26902
3741
24776
8052
2965
14260
26376
28264
18148
9611
30066
5524
19294
22113
9056
22719
28735
7383
12281
5441
3344
25498
18250
17092
1894
21569
7577
29000
26828
25977
21749
26730
4350
5215
24850
19429
22616
19757
23892
26969
13965
18201
2346
4939
16796
22394
24221
11629
6400
45
30505
20000
4391
15671
13003
6456
13094
21931
21851
14335
25771
13263
3612
4732
19507
2170
7570
11765
17789
15808
3475
21682
31294
31953
12193
27396
29462
19231
21879
5510
13507
703
30690
5283
15765
10770
16338
31064
30497
28324
9649
5947
28730
18260
6899
22461
29469
438
29167
21164
19436
16053
30701
20476
21342
8829
30080
5830
4532
15256
2326
11665
3567
25942
4045
28625
7488
10611
4232
7341
18112
25844
23875
17157
3937
13394
24227
11956
16932
27354
15825
15122
2189
6484
24713
11965
26453
26595
27502
1178
29534
18220
16033
17942
21228
15546
8337
23218
24337
20129
2837
28862
31081
21090
20152
25444
27144
8975
83
16873
22961
688
25826
23600
15432
10980
20368
30848
16266
20684
9748
5766
4604
8228
32576
25502
5665
29107
4055
17486
22000
16614
22944
5907
19077
9400
20664
5217
19479
20436
27436
28645
15914
23550
20167
7949
19462
25775
4393
26826
18791
13567
15897
8853
2934
3272
6173
16048
19960
16649
18247
4014
30918
15240
27217
25909
22909
7612
15853
26115
9590
2793
20054
19247
22521
23949
26411
24753
16557
19451
13693
28453
22099
16454
20519
29388
8628
26464
6749
17364
21720
15235
13448
5081
25209
3536
28497
25771
10679
21303
29948
23634
2574
14486
7416
6735
29572
16933
7604
29221
18215
31249
4276
12056
7094
29287
31971
17717
15007
7732
23339
5010
26921
17899
18755
7127
20979
6918
24264
21245
8861
12016
22672
28502
12741
20771
3643
22478
16693
6285
26122
6256
12378
7225
15093
44
13049
7979
26871
19415
24605
13196
29613
627
11604
6407
31519
26289
10778
23154
29406
8628
3990
28337
20303
2840
30852
24791
7494
12851
21875
17295
14294
3226
28976
29627
4200
28135
6530
28250
15627
11450
16407
15791
16651
6398
10175
16800
17349
10094
29144
22364
10681
30295
8201
9280
17377
3999
24116
2044
2370
3078
10405
31217
3776
31660
8848
21982
12598
14292
12474
23484
9670
487
11382
26342
25710
5052
17107
8317
8412
1302
21524
12555
17796
10862
26464
13670
9455
20723
1723
31448
21846
31696
5941
18044
27247
1709
353
11243
391
20856
15881
14104
21457
22885
6944
28025
17150
25395
19704
27240
5133
6834
8118
6856
19557
19330
23810
23531
25889
5917
14851
435
18603
19479
24970
2040
20108
17061
28301
29482
10626
25181
27352
9272
31699
13628
9727
9136
1506
11245
30871
10279
8960
30536
18341
23515
2180
6938
23639
9623
31518
7716
25586
30935
28264
31590
11276
28973
17086
14493
28411
15587
5456
17930
17549
6882
22133
2933
2810
28626
6723
18034
23574
13955
22364
7651
25291
20364
2058
3774
9415
29746
24975
5648
5234
20619
5558
15426
32547
2275
21166
26011
11155
11870
29976
3079
15506
26335
8287
17943
11256
19497
12616
16200
29151
17988
16074
1416
11279
25891
7455
20470
22970
32131
5915
8938
32618
3350
20925
30005
18231
10721
3588
15018
28989
226
15619
30685
10317
10231
6712
17194
3811
18171
16410
22265
6232
23602
27377
6465
601
8167
24042
15435
664
19283
7787
23737
31937
18113
31140
16582
21680
752
2151
7375
12513
441
9529
275
16680
20977
2217
21687
23970
657
32736
525
4587
20756
29050
14357
26769
5921
9364
25924
2761
15210
32294
20357
2145
10708
10388
28030
23542
5848
22911
25876
32615
4649
10721
21297
9353
11415
13401
16580
26141
13619
28099
26890
1279
20916
27660
13581
1440
30233
3908
4202
16821
32656
16629
31574
16945
30359
15796
32227
30065
15457
7413
24704
5559
10107
2852
19903
21466
21423
27121
16732
6716
10537
19179
26746
31739
24280
30800
22319
9324
31767
35
14147
23237
7565
30080
21557
28185
337
23597
10367
7562
7762
29297
20507
20666
19191
19753
1094
13442
14082
31256
1156
4071
15546
7295
4324
25929
19785
14317
22917
13278
31843
7513
1881
27999
28456
11886
16937
29697
12876
27430
22490
13479
15221
32154
26862
12630
6628
14361
15950
4073
6744
14711
11334
262
25135
11175
9937
4944
17871
20620
27415
18142
24132
20749
25140
29933
8746
616
8507
24529
1486
5576
10874
32562
26256
26137
21504
23668
17804
22555
30557
4983
5497
181
20137
19329
8144
1421
8904
15480
17713
27605
12011
5205
7428
18792
23898
20693
14428
3093
16754
24945
3104
19258
29417
9617
18028
22421
11866
6909
4917
32088
24317
20628
5164
11387
30133
28992
4069
31574
12625
31529
7225
14191
15371
30505
18409
30865
16981
17537
1923
27166
26326
19658
27018
16037
14255
13358
21969
439
2306
22999
23592
15351
22709
15528
22074
7537
8051
6187
24758
8749
13044
19915
28589
25859
7551
28228
572
5296
3757
30551
14698
16170
18799
6594
22099
26417
13138
7023
25479
6183
26882
10732
3501
27681
31757
12571
28524
14398
15850
2603
21643
21304
15418
5830
14422
10808
21069
7308
836
6127
29672
29889
19416
12770
5446
25666
7877
5
21596
12222
4693
21132
18274
16418
10507
10750
5262
27477
18312
25995
14115
13606
16811
11167
5546
7299
17148
16567
19839
18667
5707
16500
22416
11301
4244
27885
27234
27699
8998
2122
15701
10626
22788
27791
4392
30051
17292
21941
8639
3263
6742
4607
25892
11013
4703
3211
15309
2408
12391
26152
30237
24136
6807
4199
21292
28909
11623
7925
23755
5499
22463
17191
17603
9506
604
9687
10078
18070
1654
4975
22313
6847
30624
11843
5623
8625
17647
6948
24361
27614
30046
23601
10029
27530
881
19953
13381
31360
7193
31391
29834
26628
17624
14277
30000
8968
11557
16909
24331
21667
12050
19283
7250
32446
17196
12030
2980
29457
27555
16529
25672
13902
23211
26749
12217
9115
22561
826
31842
25670
10866
13973
11686
4020
1721
12620
3363
1947
19495
2264
312
25713
3752
10634
3268
1573
13507
3289
31793
7436
11458
10747
25522
16158
32020
21682
21192
23906
13295
32361
24843
11687
31290
3455
30759
23669
19881
16099
32549
6979
9770
17889
19180
24298
2688
7739
30727
25178
22573
17532
4520
16780
17046
18569
10733
16568
19810
28281
18275
5063
17955
20902
19401
14859
312
15876
14358
16942
24050
13234
29117
2664
22005
18639
27951
20725
7137
23951
24993
10439
3378
22158
27152
9848
31589
20836
14211
22914
4189
1913
14481
26034
20996
21275
23074
20698
2357
2765
17786
22727
4058
9954
16243
25970
19025
25931
3337
27514
20501
24494
284
21202
1946
18360
6002
13751
14712
15795
16636
3046
24268
30043
17754
5643
11995
7405
23968
7548
12281
14978
27739
23591
20394
29595
30415
8394
17926
29437
17283
866
18530
24767
16896
15845
20268
8353
8149
32051
29463
19103
11998
15946
9592
4550
198
3002
18416
3399
23499
12122
26444
6090
27841
11320
7593
14596
23130
5334
24540
19852
7588
4499
14865
24810
17363
11111
16305
28145
32065
11987
12938
31056
7603
15128
9514
14947
29150
20904
7307
17999
3626
31194
29942
29005
31413
19681
3617
23110
24731
32255
667
21665
7285
13046
28265
9305
23071
16576
2290
16466
7615
8319
5656
3821
24066
12471
29352
20698
5033
5819
16372
11821
25157
21605
29374
6580
15934
26122
18776
32392
13338
31917
27914
27619
13564
10355
17076
13105
3179
1879
11956
11370
25429
19487
20490
5278
29780
12687
30394
15058
21807
11740
22898
28426
31140
31332
20077
26535
21349
17307
2967
4339
13152
5449
12786
31483
20547
22259
10296
22941
5696
27798
2242
19169
9230
20380
9896
22413
6448
13320
28202
25075
6521
3572
9295
30478
10704
2877
18891
13773
18993
21885
9510
16559
28916
12345
14363
28048
19282
18268
9279
10179
26405
16868
17123
14432
10735
27868
29754
26847
14622
4746
27071
13286
14222
20969
28625
30816
31824
2650
31392
25295
9898
12182
31309
227
13150
6631
14925
13131
30511
9880
20495
29131
8866
15529
23774
5519
13058
2504
9992
7615
29862
2941
20032
8787
31351
14501
8001
26921
11948
24353
19124
20820
24792
2511
852
2232
29991
697
18256
16340
6372
17805
22768
20446
8255
30286
10876
1813
29006
12360
16730
3923
8273
16713
21622
8929
8506
9486
10727
912
12909
21756
30671
26629
25796
16401
19586
21333
25814
32537
16875
2770
27001
6437
44
7716
27525
27705
21381
13723
2779
3653
22903
6851
17574
14934
2345
12089
24289
7694
6922
17854
11546
6994
5048
4490
4725
21058
30241
8162
25843
1902
24808
4077
5620
14918
6922
31940
17403
32723
21441
19912
6578
30117
6568
24888
7726
24845
19744
17667
23155
20108
4595
29146
30779
17802
1080
15498
15859
25675
13431
29065
3079
30752
12045
20174
16223
26074
4817
20454
7466
30340
31479
69
11226
23634
16437
18394
7535
980
21797
26086
12025
1391
16875
3597
8536
19214
791
23470
12103
15893
20429
3952
9369
4503
2851
19229
31425
31944
25802
16308
7832
31157
27889
441
17243
23602
8038
30672
26355
21780
10750
6026
27514
13729
29240
25727
27130
1861
7709
26013
8824
19335
9322
1215
11569
30778
10225
3201
20771
1016
8765
14419
9167
5836
8565
2765
22078
13103
7554
24131
21314
27446
10356
25496
4862
30217
32290
855
18344
14743
14097
21759
18318
7304
8856
8351
22615
13427
3137
7843
16268
9298
28785
27118
15447
16179
25676
22569
20106
17200
13523
11354
28386
16544
335
22456
7310
399
21747
15550
25579
1388
957
10366
17042
25858
20125
30264
3220
12970
4825
4395
14084
10942
2224
18603
11190
18512
21822
10868
2631
4636
29599
22334
31325
13244
14679
1425
29488
14107
31217
9947
7242
29228
3559
25280
11147
31964
16578
23729
25711
17221
27266
30656
7316
2084
14400
3250
26998
27533
26642
18006
23421
18909
31791
6166
27195
1777
10580
716
30190
6549
1126
7127
589
27455
13144
2669
3713
24574
9551
28466
11889
6829
5636
27146
18754
20844
24682
12844
8478
18001
25746
29817
2101
14426
1227
27659
26370
24742
32269
26896
30672
20453
8088
14809
23420
16398
9688
10798
27516
11856
15500
3301
27936
20810
27687
947
2584
16254
30326
31041
12855
23043
26244
386
19063
20347
22459
5189
19772
19269
14411
22022
16349
9460
2768
25354
8544
9215
27439
20651
13957
11193
23232
22768
22279
25476
6067
25696
8222
12098
940
26136
12360
3085
23985
15900
20553
9512
21318
5611
11632
13621
11478
27478
2333
1960
6485
15761
384
11899
23844
4235
22435
16420
26677
14971
22187
12740
5999
12219
16475
8609
9556
16602
25305
9686
3553
32493
15285
29513
27061
14885
19495
28894
1142
20135
664
2794
12913
13207
23908
23275
10624
118
10975
30582
24881
23727
2710
112
15908
3436
5079
15233
3253
5550
17779
21702
3803
7325
8898
6086
8528
3613
8680
13480
15347
10657
20311
26019
20842
29508
19093
2229
21003
15126
64
408
22013
11955
17743
30706
12954
10523
14234
17868
32536
13501
1949
10821
19561
29653
3960
5255
5215
25336
23355
6907
9236
10733
1633
29369
1417
28351
4762
31555
11405
24336
7118
12914
27361
25520
3422
9392
28569
12911
15533
11624
21957
12847
3295
7099
1617
25917
32736
3957
28970
19937
22696
8767
24994
307
12990
12566
29206
23601
13051
23035
25294
3855
13713
492
22564
29390
7500
30484
17385
23824
10263
831
32260
26155
27841
656
20572
21884
26113
21110
31225
10238
11960
11484
28006
25882
21367
17312
20057
13761
23873
12359
29333
29113
31122
3055
27152
5940
25503
17284
21073
24743
29408
31799
31005
27865
29388
7212
4690
11579
10212
19315
1299
3703
9714
314
5157
3915
23443
28993
26009
14744
30451
28046
11692
12726
2008
4193
235
20491
738
17002
4507
30940
2577
28986
23639
9826
7815
2552
2043
22817
8079
3157
31937
25205
15071
18881
30378
15726
12826
9440
5920
27101
6553
25911
14809
32175
29803
29484
4350
24698
20890
4141
19597
25942
20144
24367
20732
14062
9082
20826
16671
18903
6924
19202
24395
18720
7685
5338
2492
12586
12821
28004
22068
3257
4796
20140
4325
2124
18260
15414
8849
20394
23121
11573
8688
27070
5576
26365
5202
1700
26926
23483
8581
29700
23651
24932
16121
11167
13294
21739
5666
12327
10891
32183
10782
11348
25571
17748
152
2100
31898
5993
20972
26819
23438
32234
1163
19899
10334
19854
30626
16813
2858
30340
24822
20561
6554
19810
16914
14107
5410
24670
14501
1038
24196
11456
11814
5845
17046
18583
10937
14352
1093
21675
20310
15084
18394
19124
15144
23798
17276
31689
24627
22577
22774
21275
2874
23397
31931
12515
8928
23739
3623
29081
25101
31367
1288
30055
4499
24165
6237
15325
1298
22151
16990
26598
24345
6477
17852
16379
24717
26390
6185
32406
18255
32343
22043
1770
25
5610
9165
20945
12201
20904
8071
9990
22306
25913
18720
30356
6063
22827
705
26254
22889
9794
3819
26881
22907
6927
12220
28199
25475
16324
19310
1757
14908
11335
14880
2903
29531
1157
8409
6675
19126
3849
32202
779
12459
6605
18899
29487
6080
8528
21321
29714
17799
28136
13815
5092
10949
7002
5218
18848
1746
16040
30290
27014
23107
7722
28813
15820
27847
12256
31206
6033
27215
20999
4470
27666
23410
29162
6698
21024
32015
5371
3966
29650
15156
30754
30599
18551
21310
14677
13879
10958
24898
16233
9693
8058
23724
21544
6379
24496
18470
9379
10492
31795
6332
7114
30485
11394
6205
19257
16683
7759
18148
22101
28902
22836
55
5016
1957
2722
26416
22569
3010
19994
23963
8624
23319
17823
2751
4712
1729
5739
13632
29558
7203
7649
29764
12665
32558
29379
31701
1890
14816
1701
2183
19334
25867
31649
11866
4849
3672
589
3809
7933
16267
21482
15012
18724
2825
7390
16836
24851
16791
27493
14301
12543
13668
30339
12080
7228
11850
20797
28418
3084
29521
24072
26943
7861
3445
5762
13155
19670
10153
31584
1690
30970
12315
16551
2854
7534
7866
2592
29442
3152
1270
19461
10181
30185
19142
9217
4040
10557
15600
15960
11915
17119
20613
7009
9301
15882
16298
18749
20763
7150
25502
26051
7843
5448
28665
31930
13802
2613
29490
5707
9154
9288
16484
2485
12479
24282
9810
26691
28756
27041
6056
5244
19258
6533
10372
22937
2321
23470
1332
5948
7498
24290
17986
21854
15172
26382
17837
21641
30133
32546
22906
28232
27980
32034
5995
23005
21141
3194
1551
10545
16156
12947
24315
4625
10709
419
18006
22422
31419
28105
7067
26597
440
30809
18330
537
21701
9589
11200
30846
22866
28637
5785
25344
31976
12039
24979
21987
24845
9075
7173
28852
32360
7481
26479
22911
805
28900
26884
30786
28827
11906
29797
1698
15404
20220
21424
18397
30573
19364
20665
32000
17287
21517
25495
26970
5086
5663
10851
31536
1008
19562
3644
27826
17535
1723
14734
28974
25586
24813
17300
17028
30201
7170
13596
8922
24176
19827
19083
9872
17286
6339
5920
23158
27422
10074
28029
6717
1909
21137
12643
11052
14085
13322
30397
28436
15274
4162
4576
17286
11524
20329
32017
24899
10780
30833
14151
20468
20042
25189
51
16924
27990
4092
5502
27978
23261
26990
21842
12947
16630
18566
27163
11071
18966
2808
25487
28099
8753
7926
24812
7920
4898
15870
12416
9065
16461
18934
2159
1370
17795
122
15537
25191
15654
30837
5722
30179
29069
7662
12318
4931
15785
8229
31764
9426
24809
1503
22202
678
19036
23550
19258
13778
7958
12884
27883
31709
32724
23225
27163
7795
20963
7771
15372
29531
3901
23894
6204
6313
25078
19589
1769
16693
3798
17815
17109
9547
29512
23909
17991
27556
6770
13442
10578
7829
11686
13844
13657
391
17401
14563
20947
23207
21809
14000
11852
1247
21477
3528
19884
24068
13023
217
22204
25937
22981
26883
19942
7700
19705
20018
7229
2727
3261
22956
1981
21410
28571
22246
211
28495
31748
13980
26912
23902
1335
18464
14202
19162
3940
7411
7475
12892
16145
19090
4254
19583
22462
32402
24784
25747
3524
6383
13988
26006
12163
16546
9986
13152
27068
9841
14944
9245
11068
27147
3464
11776
27579
21844
28572
7478
23043
25086
8536
26137
13653
15705
6552
26535
22024
15980
29466
12850
10611
580
26500
9816
9485
8844
31657
54
29907
14942
16648
8921
26858
11609
20629
14325
26246
25844
25277
30682
24586
30737
10404
11683
6257
28886
19121
19377
13804
9400
12364
9304
26572
21208
29926
6871
9123
31891
11834
24718
15782
11348
26579
4715
24662
7853
30671
19110
10080
423
4322
31406
25025
15958
13726
8547
16173
176
28913
12677
27826
29087
30703
15468
25753
22356
6353
13562
30093
4063
6974
24271
17663
6652
30154
15803
20680
8240
31933
6521
13328
14869
28181
27034
13167
22514
32462
15807
21587
3215
19808
30219
930
10568
23946
24536
4000
24671
334
2729
30994
24983
21309
26976
24484
9470
9716
5042
3464
22538
3303
15319
26208
8423
25181
11398
15710
11280
28348
25376
22185
14365
5383
6700
6147
5083
10405
22531
11434
17058
20580
21964
8315
15075
6845
21163
13917
29441
10074
10038
32221
12386
2517
11561
27670
19653
18883
20314
31700
26070
9201
21999
6393
11007
28909
17102
23327
15746
21704
21077
21374
22213
7195
29772
29200
10476
27208
20759
17908
11693
7426
12080
7441
22368
2320
19669
18171
22614
29773
510
32538
29804
28916
16018
16905
4320
32282
14554
4668
30307
4476
24630
28646
31087
28283
26639
2073
31962
28261
32524
24367
684
7670
1673
31338
16174
21535
24133
19671
25155
9733
6234
27512
2811
23629
10611
19617
6502
19863
26937
5795
21158
16968
30478
16808
2888
17805
22270
4318
19413
1949
23282
9944
9123
13630
11303
14641
7665
26762
2271
10098
3379
5875
2647
31029
8363
8325
1784
1931
30777
25707
25809
21916
10868
32437
28741
23693
28921
4952
2817
20135
28420
19062
18226
5557
17981
25056
17140
4269
28116
30682
22541
21651
32719
29470
29659
29851
28835
11299
11147
5518
25858
15262
24716
20590
6645
4682
2371
10333
4906
15844
29185
6075
911
32634
2610
30863
9248
5862
4567
19496
27900
26518
15158
9732
25791
23182
5327
15856
31244
8623
20371
28017
7017
16441
13649
7267
336
31887
25457
24800
24194
7994
7652
22115
27295
9009
20059
28717
31476
15191
951
19176
7572
20806
1473
16779
27306
24907
20764
18813
13
22449
3960
23037
23317
21315
24583
25281
1198
28940
1077
5597
17322
1377
17556
2279
18780
26146
8725
29017
3170
10812
10110
54
17858
626
28440
8433
17465
3934
12456
8074
2511
22706
27553
31226
26543
18884
408
24785
3126
22346
21752
11038
14154
12897
16375
16783
2285
11477
30665
17625
7697
12956
12307
29530
28590
31907
4770
4605
10259
24782
24413
23647
25210
25402
18552
16432
2270
27845
24299
26587
17425
19152
8995
22633
12809
23619
3575
9890
22138
4050
9693
1910
31147
6015
29790
16284
27010
30048
28615
13945
20704
17827
11554
12355
6453
27087
28260
29542
2635
31052
24808
23847
7270
6950
8220
10631
12431
11534
20603
29290
9005
23458
26299
10744
27861
4078
28487
5188
17763
22066
27119
1067
32074
8677
3550
24448
296
4859
2509
11878
15262
8292
5239
14844
18782
19413
24909
32320
13189
17098
19818
29485
9260
4300
22729
28967
18745
18159
16310
13465
22907
15520
18562
17629
28663
19869
6523
16988
12668
14661
11035
24566
28798
1810
10880
2980
17185
5220
24604
2651
16275
12160
28334
2868
21151
25560
32369
30155
25727
23437
10387
30692
16370
31282
14056
5717
28559
5331
3040
17696
1369
27445
18103
19167
147
18016
30699
29541
17878
24667
31219
21922
23904
31031
16942
12487
27567
15694
15898
9387
6223
24781
4294
18797
22256
5232
17546
27228
18107
14221
17653
26643
7142
27476
13575
1512
18310
27477
30112
9864
20901
20291
28729
15323
6549
6647
31186
28206
28803
14775
25131
16016
16975
23993
823
10364
16540
17635
25806
1721
17443
27093
18594
16255
22604
12329
12916
31707
9471
30457
16520
28244
10935
13474
26710
27855
1241
32712
27522
25008
9797
10651
6414
22594
17450
19800
11983
10329
25374
30994
28445
1334
14958
21426
16079
29610
25010
25661
24423
27519
31909
24149
6537
10259
22836
6147
27570
27718
13269
3251
4390
15766
5658
4480
29994
23177
902
7858
26228
28748
26783
21125
7904
21401
68
4397
29540
16605
9025
26134
16454
26523
13857
2672
25996
17675
10564
13547
26549
4616
16177
5823
2214
18473
3372
10736
27879
557
27148
13520
8463
15260
16199
9925
4989
13227
28751
12876
22089
30560
19489
18494
15738
22264
15642
22611
11642
19078
11021
31460
11719
2524
17300
26613
5098
23470
7331
24434
23213
24565
25955
26297
31113
22930
6461
32601
20574
15156
26932
15129
31591
31611
20345
20797
9068
29790
313
6404
7737
20938
12986
3445
29520
21387
24998
15963
6363
26224
6567
21135
31972
22698
26419
32629
11976
11638
27818
6601
15593
21500
19870
9116
6820
17782
25713
31641
8835
20116
30246
4493
2227
2079
22641
17447
20920
17118
15888
19452
8543
27318
7518
22477
30196
9492
25894
15885
9142
11920
29621
26526
9352
15306
1075
22492
4073
24984
1587
30172
20262
18532
5000
31477
25038
11983
30810
10880
18023
32666
378
14045
23391
32455
1267
30647
19526
20987
22754
21896
24378
26663
11399
3679
13986
1127
30619
14305
23327
28715
29668
8845
8639
6292
21768
581
17012
6945
12959
10
12997
1418
22667
6408
6340
19692
29068
28370
27200
16423
16399
27886
3131
31108
22855
26516
1694
5020
5759
6067
8236
9589
12463
6197
30389
18925
14925
18564
26508
13916
27493
14413
23611
9333
29676
132
20340
4973
18514
11688
7755
9312
7254
8008
31139
5616
30
198
3046
9007
21383
16219
9978
18879
954
8539
3696
15159
18176
25274
12798
32201
19159
31440
27695
34
2117
28505
6489
9362
12908
22720
6864
1901
29535
31645
6745
1201
27444
7036
8673
16616
9562
27360
23407
14672
30765
15495
3416
7994
712
23024
9906
688
15642
8987
28682
4186
20029
23440
13402
26275
7426
18594
30261
17943
20177
1269
1349
8463
10416
11582
2039
20113
1697
19018
19829
25714
23857
7234
31701
31933
31054
11053
28303
27225
29273
16566
22837
8421
636
12079
606
21479
14654
2519
10980
4390
15444
12888
30031
23124
2746
24468
24976
496
30211
417
12531
20331
17902
10002
17999
11914
14905
18297
22143
28171
24250
5930
32022
20875
26027
18497
2383
31399
31814
23782
5955
28002
19858
28367
18783
13254
10108
4103
13844
25807
30249
10478
24016
4740
2443
30594
15662
25447
22834
5084
20330
23311
14949
7677
5399
5652
15474
30923
29460
32043
8002
13911
32188
13202
6192
6497
1117
17583
22811
20510
28907
21748
3514
19513
20470
23045
17200
23575
5338
7709
28129
26975
28214
4782
387
186
16031
13895
20344
1751
3477
4539
8027
16051
1205
4224
13785
1303
19761
14421
15810
25954
24958
1063
18271
27528
10060
26166
20999
22363
26043
13684
5101
5385
27596
2605
29756
7910
31509
19949
27494
11372
19130
671
15800
21120
13976
1266
17459
30967
28355
19969
14231
18777
15155
30770
12736
31461
10170
2910
22837
8149
11321
21555
27391
22499
9492
19159
5815
3083
12259
19662
24803
6035
16491
11806
32643
585
460
26033
25830
12300
22523
22778
27842
10637
5491
2780
24452
25175
14632
12743
16357
8205
18621
31012
5822
26355
6902
29171
12573
4016
9840
30386
1176
27219
10384
1665
11745
4755
14521
23429
15771
22875
7106
16522
18284
26502
27559
27116
26452
32231
26494
21943
12605
30348
32685
30477
16083
27459
29275
12488
20373
9566
3108
25441
12076
15028
24849
4625
22012
31720
4551
25397
30714
6126
28926
32759
30141
6346
7477
5931
25559
7579
25252
1911
7269
30169
31091
29879
3813
475
29737
19615
16968
31900
29287
32418
15688
4798
27606
27411
18684
27343
10078
19851
16810
716
12953
9866
27100
1763
28039
26721
29622
1405
32387
27471
13446
9340
17013
27882
13981
15297
3402
7872
7518
30962
20129
2111
3988
28794
28359
16338
7177
16337
30694
16205
19540
9469
24441
22411
23026
12121
1027
1877
14744
28053
13057
14726
28872
15614
19229
11885
27043
7679
20132
5235
14590
12776
31290
5118
2743
17903
13261
21141
10313
3957
26055
12612
19871
32138
6792
19010
16422
17330
27667
29137
23590
489
7175
15974
3154
11750
26578
23562
24478
8605
27937
12032
12624
29447
12954
2472
5978
31013
10446
31139
2791
8771
14185
28728
32564
32634
10924
18934
23201
10616
5406
31131
1544
25220
31102
23093
1613
6588
20731
27783
21558
13217
16808
942
26237
15318
6442
9477
8740
25637
24499
8005
9481
29891
5941
7409
7866
4565
31439
13809
11146
31282
21132
17532
26085
9067
12108
316
8672
22281
8962
10925
1812
13589
18720
15303
31917
16350
13136
30172
7102
21750
3685
16835
7128
14206
5009
11318
28122
4003
6616
377
30986
873
23492
19516
11877
19624
17755
15299
26164
28755
24142
13636
15328
31488
9331
5265
23559
26277
27253
24566
30927
3488
3787
29541
22651
20219
7910
26320
12860
18413
15023
13271
19785
18084
19504
24227
5681
23105
26513
9746
7792
9253
26439
32532
14913
20075
6280
24405
12468
19381
3074
6940
12800
17452
24268
23155
2074
21442
3997
27016
13703
32187
13372
26707
30318
31083
9015
7545
22513
15425
26072
28784
22973
25860
1621
20196
19936
27741
3655
346
27356
16022
18781
13076
17401
8865
8274
12596
7135
4700
8220
9508
17763
26643
359
20020
1698
1350
17473
32389
12876
22189
13335
24359
27459
22906
26592
16254
18021
1502
4760
29674
16037
17102
14320
1958
12129
18183
6468
17905
18672
2896
28365
24172
13178
12799
16664
10436
21516
1982
30390
19344
26603
399
27190
19069
27177
23566
7248
16296
30583
16374
22115
17483
9274
4071
20770
19612
30945
17255
13193
31474
2165
29478
32279
11818
21873
31366
13879
20297
30933
21082
26111
8802
16246
2286
17436
7867
12696
31561
6157
4651
14526
13230
11920
5062
22465
4457
29274
2493
10528
7624
32011
18047
6039
12903
13409
292
1267
21680
18348
11532
21284
27299
8578
29891
916
11475
8627
23592
24759
31153
13183
19919
26084
28173
5127
6051
22883
26330
23810
6864
19655
20530
10161
13024
30589
26010
23573
6179
8102
18310
95
16725
1314
2592
7336
2171
749
8517
1762
5902
23215
19920
11023
23899
24206
28700
9137
6442
27975
25540
13953
12190
29821
18605
2403
24156
27985
23879
9114
2031
1842
19983
3896
8044
29942
7769
11993
30545
4138
3660
7057
30643
18087
8750
7971
32665
1638
12002
7796
30115
7062
4014
2111
19439
13547
26946
7177
31548
568
7670
7512
14672
8512
22356
18208
28312
19658
18646
4990
12047
499
4080
11176
14944
4040
21841
5157
18255
17684
4967
26937
7765
12407
9761
16292
18314
9912
2040
32140
20425
860
24624
16311
26894
22392
18011
7933
27170
31427
24352
27133
29051
13039
13882
10000
12125
25914
31171
29307
6982
1600
31411
3305
6281
15379
5796
11800
20025
26253
28376
28626
13896
485
4220
25887
10224
6017
29230
12729
24914
12555
27326
13760
21598
455
1329
8623
15090
14884
22028
1679
13894
14737
13775
13930
32135
4753
1215
2307
24514
5394
23528
22724
7428
21243
20323
19448
23232
21252
9685
15930
14192
26058
10552
24109
16767
20771
29918
21358
21863
17838
25778
199
10007
21167
2498
13990
31383
19482
18426
27085
20462
22254
306
16970
1604
4036
29036
5802
14916
32680
8278
10090
25540
21287
3095
11950
30376
1961
28999
6197
2819
770
21567
30093
20608
18755
12180
643
20737
17622
27614
19934
18053
21706
1214
23117
2127
5483
32543
19357
21317
5910
5307
29743
29078
30539
14561
22186
1439
4100
23158
28653
31760
12613
1851
23880
26954
6389
21581
13035
22028
7404
12274
5790
16207
15181
146
29363
19822
1302
13572
21817
1674
5877
10764
20339
45
5214
2337
27017
21549
22746
1139
32380
23764
21410
5164
5215
31805
16748
6390
1221
29441
14469
1982
2422
2580
15136
696
358
5097
17390
932
487
2269
238
31567
2077
17106
12423
2652
24242
7194
21716
14148
3020
30104
12607
17820
23356
26657
18001
4759
22777
9512
16328
6859
20428
19099
2282
3384
8268
11784
31514
3974
1037
25348
23209
6030
4373
205
5614
32284
4495
27438
31385
12019
964
8867
21828
6674
22086
24510
12107
18998
13422
32201
7902
17568
30473
30893
23892
5656
3407
531
6082
12594
29205
29128
11725
464
323
5478
21180
23016
16775
9009
17618
7048
30283
21567
3802
17431
3557
27100
2051
15581
16398
8748
1518
5318
28822
24594
29958
1890
10838
2641
19216
30001
18021
26097
2050
12574
5007
28645
14617
18249
4610
31210
12838
8457
5963
3762
28969
10802
28289
24898
24608
23443
18624
19353
26913
20163
4569
8338
4263
16158
32072
21771
2602
7178
24423
17479
31474
4223
9953
5009
24364
9158
2664
31010
17726
22400
16043
27205
21336
26347
18562
29881
19275
2913
16236
18263
159
27169
5180
11764
29919
3922
12303
1161
3640
6725
32641
26002
7235
32507
15905
6067
7966
231
5666
32417
1217
19188
26707
4928
20623
18634
20561
9993
24876
9549
14586
30383
18575
4711
5414
20482
27224
15880
4242
20243
21603
6251
19741
30361
1437
20378
55
10131
5910
9268
1174
15407
31576
31598
13354
18923
18424
21080
7764
20218
15722
30306
28243
20201
281
10014
5631
8834
15799
1351
4281
32497
7634
29443
21154
30757
21673
18789
14347
633
10557
1846
2349
14228
14251
23797
26138
25229
23736
14876
12020
5971
32686
16293
15453
22861
11879
15309
31790
5437
16295
4888
18028
29290
28591
14997
32376
16126
11022
10083
21637
31661
31675
22388
15183
19095
19553
22417
26123
17776
30202
27294
25241
32478
19359
13856
9217
13090
6302
6140
4381
27643
17614
2433
27539
7111
4895
13225
8967
29676
11893
6300
26766
31350
30903
30326
5733
8962
20514
18250
16355
28378
16100
615
32172
22625
18662
730
18984
3506
19433
14132
563
16004
9684
32397
24086
337
5452
22216
30390
5047
2182
16409
11020
31262
20057
31173
31189
17051
23960
31785
9099
28436
9886
21502
10387
19109
9002
17115
30648
11843
6254
18683
24792
30879
16226
31809
8157
15693
18270
20601
5103
28454
26344
13537
30441
2539
28363
10984
10505
32555
4969
14901
25835
27238
24657
26091
28600
20594
2580
1836
6555
28190
4693
12508
8820
23062
29216
167
22225
32262
15997
325
31002
11010
31556
508
19211
19750
4146
1895
19303
633
5181
14711
31723
6423
25381
29367
17281
14480
12620
21716
16567
14987
4551
1628
8303
30383
8885
32198
19672
1475
21455
32179
2205
16403
31553
9843
19036
31510
11449
16587
27737
19023
1725
9717
1140
18289
27201
26857
30808
9670
20601
9435
8694
5329
13036
5381
6194
13875
14794
22950
28635
10955
9343
3659
2273
31521
8328
5453
15298
24325
645
15515
31558
10355
5520
8121
15980
21946
29902
27401
18084
3805
9027
25674
5694
4666
21995
23646
11043
21609
9222
28240
20931
22375
4531
12181
9294
31988
10432
13714
2599
22585
5057
5215
19350
17070
28511
15051
3517
14395
17907
20384
19149
16030
26964
29736
6777
23564
7916
4079
24235
24859
21010
2507
10358
2527
16532
4634
26957
14931
21906
25163
17522
23035
9875
5536
5296
4808
18130
32561
31309
30524
25817
8501
1339
21454
26193
10621
20366
12176
30233
5953
7219
16399
14485
28191
19934
21627
6729
6753
19012
31752
27814
27263
7563
27539
17699
16868
29182
26249
21136
26869
12294
12037
7335
7760
23125
16696
25061
19793
31333
24078
1944
3547
12577
10510
20536
20821
16354
23939
19450
24818
7580
24281
14243
4406
27738
10313
15770
20150
25319
24505
19778
26655
32462
4061
31878
14713
4741
19875
10166
7341
998
19662
17297
17221
20190
10208
5539
23924
8297
24382
18129
12886
7614
21391
1074
3448
11206
16229
8736
9627
19155
29727
30095
24757
23183
24078
22430
6457
23091
5078
1900
18584
30969
29975
24109
15112
2771
7245
2429
12420
13661
10229
16371
3860
26896
7922
9210
2638
31417
29742
18652
25629
28970
28036
3616
10945
23344
29150
17686
6167
16837
666
21680
30235
2694
25651
20371
11435
24167
14877
12398
23694
26789
6640
12427
11188
508
22985
27812
9919
7195
7661
19447
23491
341
27056
23964
4682
15513
14230
8215
17564
15780
23735
26410
15933
3445
15208
21485
950
9985
2327
4896
26520
18473
11127
21951
28863
20201
28894
14295
30164
30418
10219
2457
4629
2746
23147
11948
22361
24242
12157
1992
24910
9784
14581
6785
11782
31406
12287
27488
24498
9739
25861
15928
19373
1489
26322
12471
31420
6719
9463
25404
32404
5575
4461
9192
16540
194
1405
20472
11765
17763
28125
24402
25784
14313
540
20061
18046
28441
2879
23062
5158
236
32173
16993
30418
30597
27208
1692
6707
4709
2781
20602
15367
10210
28094
271
21727
15061
1197
5159
15910
6292
6908
19932
31071
4896
30451
26216
31918
11167
10866
10295
10394
16652
22231
13377
19217
5933
26658
24726
21420
18885
2904
25914
7477
12
25637
19252
28775
29788
17860
20962
9204
9261
29476
16015
32205
15427
10819
19015
14749
5414
32478
8682
22678
21459
18509
11392
7793
689
9897
3020
24496
14022
25391
2852
1319
5419
12265
28800
26810
19645
2699
25552
28520
22550
18075
24723
1161
7100
724
26021
23123
13463
3533
22360
5027
2729
32214
18375
15099
31737
34
6503
10950
13264
9004
12255
19172
552
8275
8986
18274
18274
26823
10394
9353
18487
31145
9999
21531
32241
15214
10280
12249
14043
28805
7337
32072
6902
30521
9918
24245
26861
25304
24206
21879
32587
12309
17684
14708
1516
6315
22826
18919
19377
19011
743
15200
11384
1176
18731
26380
4940
25305
1400
32566
27864
21583
2564
27918
7714
2111
28172
15273
21366
20754
29802
13386
15263
17075
16490
4064
862
4153
19674
25039
9492
27846
22880
8179
24770
29614
16913
27618
28723
23516
30014
370
19320
31346
31633
28284
4501
22704
18009
30687
27002
24855
14371
20423
28469
26574
7050
303
357
4676
31824
13476
754
25111
5805
12876
25851
26421
20710
17704
3344
23873
29474
25494
27554
14392
4474
16666
22199
25684
23631
11613
31970
15664
19168
25718
1139
46
21531
13417
10987
15894
10676
7149
30899
4095
10613
18035
23821
4979
30933
2403
17994
29134
32459
18089
2622
30439
12260
22640
13041
31474
24724
27181
919
9125
4553
25312
18882
16538
27590
17559
20183
18165
23343
9523
32190
12358
1120
9326
4318
16561
259
797
23625
30796
7138
16307
2099
13256
32505
23559
20393
16468
2000
12375
6016
26302
13832
28556
29067
12763
26675
16575
24593
29738
23273
4605
28029
20660
7704
2119
27736
19254
29851
12509
29557
9090
21006
22461
27243
35
27361
10086
14920
11328
2732
30177
30340
27843
9410
25346
4660
12473
21257
11244
30080
8444
14089
22483
1879
21264
28994
8710
32610
9036
8899
17708
5174
31290
11512
3021
22989
320
9156
18965
25655
2687
9679
9429
653
12283
3874
18891
9767
28156
14833
32035
18958
15541
16823
8253
28340
27940
31881
5553
32227
19769
7843
9873
10996
22330
15432
19694
9025
28774
7625
1949
8925
31449
6627
6970
16770
16047
27213
25710
3018
28268
11922
8046
15522
19100
4381
18628
11004
10422
17042
31570
16325
24902
16229
28564
2071
26955
5029
37
14255
6878
4376
22405
12193
28949
11149
11033
23882
15143
28526
10099
1415
2769
18069
29140
20516
25080
32608
25327
10136
25487
18952
24304
16623
3003
8238
28349
24583
13109
19127
32380
11263
25073
31194
25941
10221
13565
9079
6777
9167
23467
7083
15203
14789
28658
7073
18270
11133
11794
10923
13383
13294
20343
7569
16532
8521
3296
8233
9877
19244
3008
32039
5370
14617
15076
6199
4246
3368
25175
20041
9058
1784
27267
12332
31941
13035
7832
19295
26386
6547
28210
29988
13907
871
29238
19413
5189
9403
14588
25211
19875
17903
7604
19101
1191
15334
12034
28758
27855
17593
26860
31914
29661
7341
17910
12826
31777
24419
27531
30582
3066
2383
30111
1267
5787
11627
9619
26494
16907
13101
30809
20047
20079
12470
26584
22208
652
13644
23442
19040
16776
6154
3204
835
11760
7894
24653
27293
32256
4500
32659
17807
25886
3481
11171
17473
13991
11619
5975
1841
9710
22663
18237
3787
18306
20458
15605
18745
14256
18996
29147
12924
2633
13442
25831
15036
26534
27484
16337
26332
31464
32742
22392
24402
5508
23898
2948
24886
11264
25269
18762
17816
4087
17585
13809
4887
2915
19444
17363
19887
16668
17287
14118
30931
30363
11145
24028
32700
11012
1061
32455
30720
8036
17601
17409
29286
13366
21368
9355
19961
16429
4299
4404
16731
17453
19347
26813
3676
8346
12602
30522
5067
12246
3627
1211
12685
27141
29319
14124
13035
30228
3866
19322
13104
19449
24205
27128
12404
19516
28381
6656
16563
28854
24332
6365
7458
31385
25878
6120
30658
16816
28710
9714
20277
2280
15114
18402
13521
31760
25316
1183
14579
15069
22051
26673
29077
5425
12210
16931
20259
23708
21103
9003
13195
28452
22751
24077
32660
24385
11552
4028
2672
23852
23839
29378
14228
17753
32523
483
7879
30786
14857
11773
31353
24423
18217
11059
20567
17299
32408
6474
2076
22624
17688
2899
25770
8445
28078
12939
4953
4655
25498
12415
17807
5526
12428
21620
2193
21042
13077
18437
20376
24102
6492
28430
25640
15803
29714
32457
12445
21415
30120
4151
6407
9872
12735
12738
22071
8140
28896
15392
1818
10091
27757
28282
27718
16759
1751
5582
467
4218
21522
17298
27500
24897
1606
22426
26277
9184
4808
24891
14223
30198
9032
7089
17291
8754
10060
2494
20059
14614
6621
29844
3455
9979
20351
20981
1470
27478
24679
21913
26371
21817
745
12752
23146
26909
27184
19304
30363
21470
32049
25809
20055
3847
31201
1151
19792
6736
22694
6800
22334
28261
1036
10671
23855
3305
14522
30520
23838
20923
8612
1692
32712
27000
1154
25608
18619
4417
4736
577
3248
958
12599
12243
8730
14178
20444
26474
32767
20977
7351
32640
16135
30016
11991
32056
12499
18749
30725
3722
399
26414
4854
28577
6091
2622
16837
16257
9862
10549
12448
2029
9612
23943
20673
31880
9219
15248
24479
13626
10560
30
28262
26581
6111
14128
32165
25849
18194
16381
327
23605
17977
21048
24773
11118
32435
26771
18330
15749
10228
13442
23030
15412
16856
32577
8630
6457
2359
7192
18324
12983
6842
20446
27803
5849
14317
20924
14303
10936
25237
18739
27754
14463
16963
28000
7033
10445
2089
10623
18153
27482
17709
27311
2028
21214
26172
31476
3584
26670
19169
3458
2594
30888
10774
24633
23102
25554
14682
5740
2283
27710
18947
12518
30037
4017
20694
18223
14202
10883
3029
26123
5274
27209
14936
14148
6120
21426
7007
22185
9094
24495
9767
30807
3504
29655
12539
17463
7736
14857
31309
2760
50
6995
18437
14111
31728
25106
4377
8748
3377
18267
25950
11070
10645
28570
1950
14793
19284
6777
28138
3176
5168
2564
7217
31006
7336
25866
3346
737
17263
6342
7407
26713
4380
32190
11075
4069
1059
17388
26165
29919
22788
27164
29805
31265
8898
17557
28966
17863
18327
22267
28292
2615
13798
1396
29224
24671
25969
24842
8195
5950
30924
4945
1895
7334
4882
11593
18020
25408
13782
23941
30545
27088
15196
20877
7337
18362
16649
18050
32537
25286
5657
3328
12758
12832
656
1096
12596
12963
31347
20639
20341
28758
4407
20721
25566
18743
16762
6074
28689
19768
23793
27431
12182
24456
14498
4216
17851
32019
26963
26280
32158
19532
9282
5200
20616
23082
6166
19657
9852
10352
21014
28816
1296
28978
921
3311
8316
17301
15293
32474
753
24022
26972
15640
15916
26766
14652
3491
23370
30516
9350
10832
31966
29155
17274
6322
26433
19549
14432
14652
25385
11857
18114
20903
11901
28889
27352
5779
28520
5447
1348
30833
23981
6433
28416
14240
5690
19306
2452
982
19711
1827
8076
10946
20736
30482
10537
6640
5801
18114
18775
14316
15458
25803
5855
22698
15716
14931
1502
20773
18123
31701
1398
28231
25324
30498
9667
21257
28392
677
23056
475
3714
29162
11083
5446
4653
13154
28343
27600
873
31584
21729
19232
19280
8296
25813
15970
10092
3241
14225
13293
24780
26824
1978
7715
31063
25567
27022
7065
17248
15558
16154
27257
6010
28817
15533
11044
7309
12889
4492
13851
22057
4160
2279
2335
27931
27055
14092
3991
26174
6882
1755
18995
15252
423
15226
6607
2965
16226
14922
12698
21191
23637
12569
29815
25487
12318
27801
16803
4167
13185
29456
29848
15248
8040
14162
7218
17130
32040
30701
11537
30594
3078
7843
13118
6474
8186
13341
18193
2127
23987
15325
18770
8264
30682
3189
10910
29290
20891
30710
16908
20868
10850
22700
30481
25671
14050
22024
17057
12773
19292
30174
19351
23775
31518
19921
8791
23
20810
26891
24498
25133
1752
13873
11018
29448
23006
4501
27574
18355
27151
16302
10663
2155
16002
27590
24908
1270
22710
32499
20148
25398
30930
25416
29683
7165
30513
1868
24262
14883
22301
13739
29050
4054
30427
5420
13065
22066
233
25827
27271
27409
643
18600
2492
8485
19307
14792
11027
22084
31466
28666
9907
17410
24082
22164
747
16005
839
25086
17363
21909
9982
22887
24112
3059
24003
26808
20889
6380
8065
3782
11736
26669
6142
15308
1939
19417
24741
13336
8236
5337
1928
2820
17637
1396
1957
18984
10568
21023
5736
6350
16582
9366
27250
30630
23454
21803
24473
25788
2816
20062
7216
31654
4210
20143
7048
26114
23668
31920
16822
12320
24671
350
23703
22011
14227
7345
13842
7278
27601
26738
7069
2724
22758
15693
32515
6097
29578
28199
5220
24863
30599
19890
4477
31724
16670
12862
29225
14386
21926
27602
26152
26438
24438
24699
19488
31430
8453
17124
24033
4044
9040
5927
29165
14952
9084
31203
30264
9550
957
23951
2092
22987
17270
12813
19952
17406
17058
10882
29930
18244
21618
5478
31107
30452
25911
31447
7210
18253
14211
30003
10139
19116
31883
30693
27745
20226
19408
30847
5529
28550
15871
11786
15098
28327
12053
23193
21522
27717
27590
21285
28882
19488
20000
14740
23373
24721
3436
7451
1725
11640
17749
29894
28615
22389
30796
10325
20992
4955
4394
6986
22191
10721
10263
28224
8405
25499
3755
27262
23146
28969
26452
19404
9962
9135
19448
23686
7952
2437
18395
6126
14817
17199
10434
18118
18157
9359
27481
18975
24018
30297
18130
2156
26369
27592
7119
12506
8645
8335
19074
18660
19329
13075
13330
14369
19513
20183
27457
18017
3155
15159
22605
16377
22431
16986
21523
13403
29078
1122
32378
746
16095
2789
21519
10764
10264
12449
18157
3200
6610
12651
24288
8434
17885
30313
9418
16332
2503
29313
23877
848
7839
8977
22153
28132
30206
2273
19857
19116
26697
11606
11897
31838
6192
2024
13355
11858
12154
22485
11066
7129
22789
17943
23566
25040
7176
25492
24642
3701
31900
22422
26442
25465
1403
21114
11865
32342
7943
6316
12161
23266
22414
14803
19485
25636
204
18504
30316
1895
18097
9421
7806
32142
9061
12924
26196
16039
21642
1789
24899
21443
13761
27388
25241
31492
9327
16090
8067
20983
20673
6051
10286
31268
8173
10305
31789
27620
955
19183
15899
27507
27461
16112
19073
21574
12538
28288
13817
11935
10729
20747
30356
17246
14909
15773
15482
8730
4867
16794
15824
19824
32052
20399
31199
411
21999
23304
14194
18757
8198
12995
17023
21661
20156
12709
11530
18090
11725
5644
5959
27871
2735
5669
17151
5359
792
1119
30260
29923
7360
6176
28936
22889
2664
11958
31451
3695
16923
6288
19124
13808
18612
18094
20194
270
22176
27734
6115
32610
14821
26889
27268
30864
6499
3765
15690
1054
32090
6188
9489
21382
16685
25557
29939
25225
21094
18081
5483
455
24825
2881
22202
28557
25805
29079
17034
29422
7288
17002
12498
11541
26955
19293
9209
5337
11406
22306
12350
20626
2572
30187
29271
25131
13267
10785
22872
22905
9013
19801
18391
203
25362
16772
20558
14275
20314
16997
4288
28772
28109
27465
29088
619
17413
17650
19438
18659
20151
28628
15011
15860
32310
16004
6991
2300
23608
21613
513
13025
16093
7365
9319
29861
11501
11711
54
21562
22369
27650
16588
920
19494
603
10261
13838
17949
430
32427
24533
15974
15667
20289
5099
8926
14046
28993
29726
21990
12319
9908
26471
23399
13004
20835
2682
22291
9820
827
3739
16365
17749
28150
31411
27915
1799
30200
675
24474
20859
27767
26840
28196
1959
13535
7712
13582
18403
22901
5052
28773
28321
21306
29622
8922
12632
2322
13173
11786
26049
18981
13454
16387
18758
18310
26589
14852
23736
20755
9941
29829
10304
22940
14100
1143
31640
1607
11322
26061
32378
19762
7164
12091
9561
26459
22644
13118
24144
6589
9403
12892
2648
6588
6074
685
5821
4291
8509
20634
19155
812
25929
23781
7653
7776
25008
23530
10606
12863
4578
23076
2955
22978
1286
18930
19889
5854
6730
7835
9115
26028
22391
6288
5767
2760
3528
9970
28834
8439
16636
596
31937
10764
1194
25794
28241
9996
17365
770
1425
31632
9920
11033
17407
8299
2819
11282
17679
27021
16863
27386
3875
25383
2255
18735
28856
2576
28767
16347
15837
25448
9537
21691
490
14203
20382
19493
31086
29671
31914
15433
26729
30978
18043
26039
8380
22134
11803
29985
19677
15150
23516
4706
21199
7286
14827
24768
25426
22621
7464
21614
2391
22366
28725
341
19894
28992
5325
18197
17187
6459
28504
32326
3679
5468
20668
2819
16043
17707
12917
30889
2690
15242
30952
732
17543
12256
12276
12235
7357
2679
30155
24501
502
4131
2048
30125
14222
28965
9953
32154
29528
16206
17158
29569
6105
3944
10538
4103
24244
18897
8250
15921
1894
28265
11692
7791
24115
20398
29714
15065
12128
2342
24559
20664
31395
13566
5833
21320
31448
9456
23679
3004
22005
8810
25309
31363
2368
31212
14190
24010
26048
21937
17297
322
12529
11155
4815
15139
15804
16937
21356
14961
4517
4402
17724
2686
27207
310
2744
28592
14077
20074
4177
388
23267
4821
32261
9683
19197
15281
26415
20820
23733
28180
11427
12643
22667
7887
17658
8960
9480
24982
24363
6939
7667
13154
4956
25615
27592
17428
5623
21612
28518
859
8447
25337
5640
29911
1957
15353
10614
3967
10262
15278
28797
11328
12184
29212
13212
18406
25813
5135
31232
7232
27766
32095
4787
21631
15348
10355
15888
24800
11947
16132
2938
11659
28977
10275
16205
16570
14053
14206
21781
1053
28107
25055
29182
15742
25751
6901
23436
31393
5895
16471
18060
29806
5238
13766
4683
11601
13487
5810
17413
20194
3839
8448
22176
2753
26510
15627
12954
708
1774
18153
25153
31829
12277
31983
22050
25365
10184
14199
19907
24262
1081
19936
14485
103
13395
19671
8996
19104
30514
25045
1169
6497
13593
8169
66
11463
28350
440
28632
23359
14056
19650
18785
12013
27196
14823
13775
29263
6484
1833
27562
28701
22802
22195
8705
27252
27956
32539
12198
3380
296
12516
10907
24487
25377
5447
7111
31075
30058
18994
6893
32369
18939
24466
26335
9902
7242
14798
19951
21618
7523
32147
31399
32368
17979
26839
30906
28893
9281
15640
1593
10709
21559
7909
1290
21754
8000
3744
8343
10846
28218
24194
31683
13475
1869
18911
31522
16992
18884
4524
32617
1735
23580
16958
9251
11653
91
1620
22182
26090
676
11096
22854
10570
30215
15074
1736
16547
13213
19838
27162
19839
20437
31407
32321
23068
31241
2612
10898
13515
31317
19081
20261
6806
16808
12465
30087
29989
16411
9523
31151
12259
30082
8803
16179
26716
28737
2018
18108
32233
11874
18280
14264
17552
5348
20161
12878
24358
29013
21270
32151
1206
14755
24942
26123
13607
32303
22644
24633
8472
16931
12155
17340
18703
11782
11967
12906
6099
20621
31982
32718
31766
25012
9703
11481
17751
15374
32449
19412
18439
89
2831
24729
3307
5974
18274
4355
4033
1496
32016
14755
20774
18202
820
15028
16311
8533
4342
4433
15479
10386
1293
4326
15985
25533
18050
20709
22942
18428
8886
8890
11528
32319
19622
9216
31792
10007
24942
16629
30637
4299
5644
15147
30999
5033
29287
2177
13859
2202
15760
7762
12047
3577
32583
31980
23617
3749
15041
3908
24363
16213
18088
13032
14961
1580
26212
31796
21838
142
2201
2761
20020
6961
20208
571
24754
28791
17179
31498
25243
24827
23827
32724
7269
6761
16036
27336
207
148
18476
14174
1990
11458
27296
7237
12426
30538
23247
413
28429
16226
2539
10087
2204
25906
1861
4154
9152
10797
12120
1079
3943
27552
19465
16447
1343
27531
2605
9571
27491
7089
26700
31899
22841
7915
676
8891
25498
29889
24689
12452
29748
827
9836
29623
12333
29429
21138
19088
12809
4466
25894
14832
6862
11698
6905
19962
15974
8967
7401
7075
28484
1572
18600
30308
11595
10359
30399
11825
15339
26041
25042
27055
25485
28611
4901
28834
25137
3235
30815
31396
20309
31471
1678
22045
30489
28761
3692
31599
28834
26244
9697
24689
29628
10774
19144
8223
12739
24591
8950
19088
13763
30041
32120
28968
4062
11423
31005
17166
20462
15971
29749
19936
4972
16203
10647
13990
10897
16572
7913
32517
6330
24490
18459
10934
29713
13743
1077
22838
26730
24666
22355
10174
24939
4809
1517
28533
8176
25978
30044
13285
16045
22622
30106
21931
27158
15151
22602
23923
20347
28676
30968
29476
1912
15395
6817
21848
32652
6934
15990
25871
9992
18433
22493
6564
25387
28978
441
28928
3723
18938
6379
12301
1974
28347
24601
1901
4890
20291
4269
28781
5154
4952
32033
22068
24994
11668
10363
24385
14709
4212
30483
27412
5989
14763
23708
6186
29514
1980
11106
26159
10870
3527
26833
18544
6225
22947
19255
15503
8769
24622
17611
14714
15053
993
16365
2717
8193
27048
28847
27479
22804
4080
24469
30379
14152
23553
4505
16185
24082
4494
29042
9068
5755
26762
24086
12788
29126
13630
638
12919
32595
22169
23209
9859
6595
24263
2531
22216
3933
10757
26183
16516
10672
22451
23939
30526
22650
22954
5851
20151
969
3537
30321
24862
18784
5611
26051
17795
10588
25011
1397
2702
26136
7979
11345
18801
6989
1329
22412
25883
20606
11347
28746
18862
2707
27108
2661
16436
8388
24911
106
10894
22712
16300
4325
15276
3566
21905
24799
4
26717
811
1956
19004
26199
10893
1994
22570
15795
7239
22894
17407
22571
12859
27073
5567
28419
3244
13252
2293
2540
9624
22095
23204
25895
11848
19288
13184
749
27429
9330
606
27663
461
28820
23274
25562
28006
12060
11416
4925
3379
29715
26077
28462
356
8627
22430
24137
18995
23334
27881
25018
23852
5265
2787
17758
9420
25681
11521
6949
7758
31109
4475
1467
2498
23500
2558
5735
24671
22608
17570
16947
1306
16387
8475
12877
25464
23336
26163
29613
28832
13846
27512
18936
17076
11064
2865
10660
12897
20057
28823
7518
15029
7454
5698
6824
2865
6356
2274
2503
32
11628
16943
1244
29991
2500
12323
4689
9756
19753
15462
24182
4635
11801
26634
14444
5335
32333
20344
22083
10799
12279
10922
9311
4098
16456
7579
9248
14915
11061
27900
7618
19792
19579
27433
10625
4735
20960
12635
21505
6906
8892
31007
25070
1230
24761
10759
30431
5694
26071
28575
9089
9053
25523
27554
7921
29148
2056
22638
12137
3872
19062
12214
1567
19607
18306
10615
4714
22093
19679
10029
4135
6074
31468
24390
21851
25311
8061
23767
8986
3473
11742
10126
32167
30996
30741
10216
20444
14315
3432
7075
24012
17903
25119
11895
19112
1695
9355
2817
13791
32183
25415
30720
13193
30212
26814
21955
9222
2678
28653
4066
12002
17783
5739
22317
25852
19067
12198
14306
19944
15832
23919
24611
25745
24281
4537
10918
18211
2061
23965
16815
7720
2533
12706
28219
32497
4990
29500
26494
19767
7612
2962
13968
24578
3224
21380
612
28106
31419
237
22521
988
25419
31013
17108
3328
7685
11467
18861
11097
24972
24769
9065
27020
16384
2167
14408
1829
20947
5485
17248
25654
728
24563
10314
20544
13725
3380
20763
16471
12539
5746
10389
12418
3051
21907
1183
13409
2971
15069
5363
31506
10178
4094
10775
19028
10544
27727
26766
13549
5801
15961
15439
4170
25587
3737
8310
28006
5934
24448
3898
6381
22628
20158
11807
26272
8033
23488
2668
19451
29637
30583
31200
3605
29527
16732
29601
1737
4764
5553
30069
17683
19369
20745
18740
3260
12085
27914
15998
31034
3058
23154
11433
18386
8222
15448
20733
3327
2388
26805
23844
22807
26281
21026
18908
4140
24820
16099
16879
31024
3437
28965
14693
18525
24186
9348
1272
10452
5829
1232
1480
2437
29330
529
15696
12622
31568
9672
23961
24167
14701
19832
10669
29949
14447
28261
14927
285
4417
18076
31465
4052
28362
7987
29382
9109
16580
978
11905
18394
4300
4979
23998
2062
11701
20069
30999
19883
8482
1431
1114
27040
9044
20243
16625
19701
320
9161
25761
13489
10469
2702
10360
19708
20444
29796
17408
3969
26673
11772
10425
24854
22385
2681
4550
12959
9220
11127
15335
10543
3261
2636
22951
4465
16048
9869
6103
8775
7492
32213
17978
21168
20617
12481
30850
18159
3531
31039
13179
6378
20071
22025
31367
32720
26845
3948
20810
6910
16423
31054
1446
25636
32073
5743
21994
3235
1834
239
18246
19002
11426
15377
16515
22242
13524
21310
15600
10230
18878
27213
11168
8343
28942
8961
20178
17231
1847
31699
12209
9972
28869
3058
31294
13008
30189
16521
21898
26110
31849
32576
3112
11799
4995
20997
6370
4367
1647
12
27563
11865
26845
14356
31445
23378
20943
12269
29828
24284
14504
23863
9315
4169
10374
11116
24981
23932
15826
21281
6383
31818
8726
13960
18276
19238
31246
26426
30912
9470
31233
14643
7834
11360
5201
1822
21379
20961
30290
3028
24196
6591
18264
29983
2760
25797
24084
5059
10133
16495
24608
19647
17537
591
32728
12240
32226
12975
19564
22327
28038
2680
18483
29884
5028
2131
14658
12275
19475
24845
26686
14782
9146
20288
16750
14611
8776
1584
3092
29951
23589
19443
11262
24555
24744
32469
8536
26655
22666
2554
15044
12676
26778
3397
11693
7342
11443
15481
2263
16153
24299
14750
13627
12467
32526
28327
30995
21147
3659
10833
12593
29481
13100
1102
13460
29486
22988
19619
5693
20605
9284
2639
14655
14762
16230
19757
27414
3857
28590
22299
30777
29978
27253
24668
28403
23484
20328
31547
1134
8000
22073
23281
20497
9800
1172
457
20747
8463
85
6786
29232
19954
20984
245
5
26416
11088
15864
17686
7662
1660
31361
16528
18046
12568
11791
11019
6624
6064
3141
15784
12425
25978
30168
28508
6756
19524
28844
7307
14359
2219
27450
19673
14727
30350
20277
2877
26014
18882
10093
1111
3916
16135
23795
24323
23499
22843
20350
814
15912
32462
19725
17128
19455
2934
11470
6587
20358
10788
4415
30267
15052
2870
5523
16863
24643
19182
27223
6927
5245
7203
9557
30078
7475
2870
18617
5306
4491
27976
17778
5378
3994
20394
31963
30295
27432
31637
1435
24021
14772
25116
14282
324
24504
1118
17493
28907
815
11264
23459
13220
1875
2011
10104
26934
30123
241
7194
26334
30789
23462
25779
559
18753
31021
28407
32285
15247
19776
23046
20052
16632
23572
19604
9422
4451
21644
30279
32164
22353
6829
16480
7460
1451
22098
29086
13349
15037
23072
18783
7831
21634
30397
22025
28766
6690
3645
2728
17505
7865
31709
22489
477
16730
9204
19430
3072
28244
16422
32306
4019
1459
15323
18904
25527
2826
13551
7055
12019
624
29868
22225
18700
7881
29941
5692
2359
9543
17859
19256
30539
10800
26326
218
4891
2785
27044
17928
9730
18707
28566
734
21183
11101
22643
15697
22403
18170
13596
4370
13897
22221
21115
24245
14182
930
28854
30227
31329
439
31400
16365
2308
10107
20881
10962
8371
24981
268
24386
9725
10280
28482
32531
30321
22869
23902
29716
3251
7426
19521
4593
10959
13786
6518
3926
32460
25493
26728
6743
30085
14970
11218
3088
12212
5154
25464
32648
19792
32126
25109
20444
793
17948
12180
16793
11889
5285
23426
23401
23405
9387
21444
12786
28972
4513
4997
11003
30823
21291
15987
31696
12362
20121
31787
26344
25986
8621
10225
31942
16280
2725
10405
25629
30845
4469
1266
27959
12902
22101
1993
29847
24537
10619
2318
22750
29192
20522
11921
2027
16735
6891
14655
26438
25689
12571
12954
7103
26775
13733
3686
29778
8755
10513
5285
31822
1362
11454
10182
30903
15864
2923
15130
21736
31265
11004
3463
17020
6669
19323
31872
4207
15067
14174
820
32129
20313
18696
14854
2523
15131
27026
27198
3061
9162
27850
2558
3255
27839
28284
13431
11999
4304
5361
29276
9634
20074
23734
26263
32406
23009
20894
13116
17103
2563
22794
10939
13128
13043
29032
8537
9349
9013
2810
29409
15735
30469
24025
4246
7584
13805
24889
11117
11896
28310
18414
20089
9230
17631
9776
32167
28914
9772
9371
11435
12627
6144
25721
8762
20837
21711
31044
7034
29445
11021
7015
17335
22176
21131
30789
21591
19281
11267
17276
28944
27209
7922
28011
5208
8564
2469
8946
8221
20826
30615
31352
26295
579
4602
29235
16411
29854
32404
9123
32593
4259
8396
20576
23592
31032
28933
11286
9512
17937
24106
1998
19912
10524
28042
17007
11489
796
3303
8836
32611
11155
19145
32063
839
28646
26904
20158
16068
3516
32234
10126
18374
11431
5786
4974
8092
6918
4378
23893
30448
21034
8074
21686
28157
1463
10761
30722
9468
16973
715
10351
12511
24424
8299
19192
18498
18565
21123
31396
15519
24967
9339
12300
5057
2648
25246
535
21883
1491
30067
25609
24985
18402
1866
1212
25111
28387
10261
13100
11665
27729
25465
27706
11771
8352
32037
30121
8082
28264
18275
10861
15378
2246
18412
23589
9770
256
7937
28134
10541
22375
25783
3130
8458
4994
28819
9832
7806
10088
16214
3318
7048
8814
27418
22893
21534
30466
27038
860
5918
22487
1247
18079
9095
28739
16872
16097
26089
31717
10730
23648
10778
394
10639
5616
5419
13649
31372
31811
31642
17934
19318
4711
26569
6637
6614
3984
25775
15960
29311
28184
24782
3866
3103
27588
15717
22724
28693
24393
24038
31311
9602
1807
19370
18948
4771
13620
16868
16793
2142
31956
13780
13725
11290
17544
12093
7190
13268
25132
1304
9832
10351
9190
21130
12920
8780
27235
14356
22290
13339
14436
15626
3976
30705
23418
25926
19100
29338
4621
20253
24736
16688
21155
28050
13532
17644
6239
13002
1584
16701
22728
16064
13051
8215
1741
26170
29755
20622
18181
9724
21493
29603
14651
22075
25303
19294
31529
12884
28956
8221
18564
2238
20144
4139
23609
10045
22164
32148
30455
22361
18821
3640
12013
32527
15320
29215
27861
14790
6825
25612
14897
32133
3124
6229
17620
8290
12163
3569
15269
21054
32586
30163
26784
24239
23567
9334
11293
19262
397
16826
15701
9683
27483
10990
21538
5997
27849
15150
8198
3862
11
28143
12399
6423
4249
4056
12857
13928
17621
29140
9845
18538
2798
21093
30313
25816
27909
28987
2263
9723
28815
261
15491
19230
1275
27527
27631
15682
17812
7148
24169
19475
4776
17246
19015
14106
17898
19413
19570
22323
1557
27948
31009
31810
32210
6266
27111
21282
31196
11679
27888
26590
12898
12061
14728
6180
17325
26666
19932
2550
6658
14595
23045
31395
21706
32130
23618
31222
25840
16883
21125
26029
27275
14884
9522
14636
5565
11963
12067
1395
3802
21708
1775
9550
10701
17323
28012
459
26808
31999
1394
31473
4571
15128
14562
18607
23735
31107
28391
26643
31347
27611
30588
26813
32126
22241
20527
11922
25718
32719
9764
31669
19529
9706
14684
22195
3482
14935
1335
8445
18790
18991
21048
29084
10471
20182
5385
2080
21688
22664
16063
27609
26427
18228
25182
2890
24120
1422
21408
28635
20422
31328
8946
22990
26223
9248
6848
22644
26767
4808
8690
12961
20221
13282
10167
13149
12013
9442
31873
11996
31509
32697
15441
21425
24591
21927
11828
7230
16383
19537
15629
29807
4469
4371
28054
26536
9621
5783
30114
27387
6517
20647
22693
6047
30406
25151
11637
27037
18359
29159
29010
22221
8726
6207
3109
20993
28088
7388
27141
3712
27164
30034
19967
6070
14155
14994
16919
4393
26114
2167
18570
12975
21267
31643
12886
21727
21001
16751
16124
8645
27403
28299
27013
15834
12291
3906
1731
32050
27903
9850
6361
30968
14295
3770
31742
6424
8976
29061
20605
26171
6144
18663
17920
14328
7219
8013
11279
4936
1550
410
27604
19771
25778
22390
20257
17898
7971
5609
14516
20397
3754
42
12729
5774
6263
27313
28816
7165
2699
13459
15569
6853
16341
27407
21645
26430
20379
19300
14039
8132
19484
5862
30595
16745
21620
27985
46
29927
32191
8541
25215
10201
22401
15251
8107
17962
3910
8030
2367
10189
30597
1637
7962
1710
30154
17944
3768
4329
7188
5001
14263
27451
29052
14718
22931
14261
11800
29892
20149
29880
28191
27334
30892
18461
8270
28254
16826
2740
13194
1770
22418
10224
18374
28067
864
9696
26151
29994
17162
26977
1126
3940
1973
2707
22391
25992
15756
19849
14696
13942
188
4933
9867
28491
9155
22243
5591
12850
27371
2836
12428
16253
8465
27598
11542
29940
27051
6210
20788
22380
29706
2319
24409
23196
29660
14005
29523
23341
756
1100
4650
32528
20558
17014
29003
28692
16461
24210
14565
9400
25160
4658
17812
11069
24389
9935
11581
11008
17924
8636
2873
4103
22592
27737
22453
5338
15665
19593
20056
7828
15701
16742
10279
7993
27504
6195
11430
29258
24274
19857
24128
26519
25304
3830
17897
28757
16309
28764
8706
8816
114
10806
31869
1571
23092
29608
27713
25029
6334
19703
1488
30694
13366
20031
16167
27546
29740
20068
19174
16149
17368
30282
11952
8312
7075
5193
6357
30955
9194
17371
14638
29164
29950
15768
8521
25830
6255
25445
28614
26886
12170
23784
19201
29514
25376
22591
28402
15579
137
17137
21073
25500
26601
3876
9981
30979
12210
22801
14750
29480
8554
182
29833
13339
29615
3018
2533
7035
25976
25590
2316
22084
7837
17730
25396
24809
31130
28878
9039
28579
6800
30658
23856
12552
30604
12935
6126
7903
13836
14392
14221
20787
447
27219
10715
1958
16525
26805
23193
23816
18391
453
13019
22824
30464
29423
10162
21738
23340
3412
7175
25754
16455
4799
6602
15488
21322
24283
9805
17333
14777
12452
13802
18741
17008
10268
748
3892
5024
19519
19373
8374
31253
11576
15355
9562
15802
30421
1472
10102
8030
1849
27874
105
25528
24017
19049
24365
4009
30345
19168
7468
14786
25919
27645
21845
5382
17783
32132
29038
6385
21073
10600
8620
27321
15033
18227
29313
27603
1502
32425
29877
4537
7141
32168
11192
27371
18142
17747
13879
30003
16375
21104
25837
10542
7407
9485
13244
24328
12750
27498
22780
28807
15060
21523
24339
15435
25263
19277
31813
28244
30961
10163
7374
12740
27840
2593
21294
12262
24527
29905
8901
112
25998
24004
22687
28421
17054
16484
26257
14846
16520
29287
29829
11882
27054
16374
7186
17747
16770
4879
592
9796
19701
10792
17386
13063
32563
8725
26484
179
24205
22315
18943
25063
30134
24998
14827
26192
25907
12616
13309
29553
10509
3139
30385
23203
26313
30041
24530
4186
22425
15682
18503
26795
8916
17230
21040
32011
15524
10571
23858
8026
7423
32425
5390
32288
25304
9948
20089
24086
14230
32514
9768
3304
1733
1734
5674
28985
24075
4228
30074
23527
2398
15534
5589
32401
16245
17518
29641
11095
29308
22412
11535
16865
6412
4499
12570
28067
858
18991
24560
6495
4271
17626
2873
15339
22808
951
3477
25140
8030
16830
27699
6787
7992
22554
13984
9471
3008
4815
6364
3444
21028
14496
21427
4690
29854
18992
3914
31993
4518
15463
15353
20275
27494
12823
30040
27138
878
30944
7069
4509
7849
19793
5925
29365
17807
10831
31312
3324
5277
10171
30098
9960
28930
11343
20935
11956
30108
30409
25799
11433
11298
16972
13371
10907
26275
2563
15023
13494
19759
12295
744
22395
29652
2947
3447
16133
3276
8726
13454
23441
2804
4216
531
12093
18560
26209
11251
10512
1517
31142
10937
12603
21816
29861
7775
19102
17742
9188
30051
28046
25027
18165
2590
32726
23238
26781
10834
3579
26965
565
15618
10693
17325
28239
31366
4602
13829
28317
27358
1901
13179
18703
7751
29495
29519
16444
21516
16965
28239
27395
927
6675
20626
12146
31720
19126
13161
25830
3293
8736
13203
24948
28499
1184
14256
30344
24339
28328
31480
8396
6961
17363
12333
28492
16537
3878
20686
26071
13035
6295
27790
24232
1929
29643
3333
12102
9966
27684
420
5288
6209
29179
10222
10909
11049
27946
997
29291
29668
6350
15555
11446
19859
19531
20971
2724
22232
21904
7199
31295
7331
18588
28403
4635
26441
26688
28290
24632
24023
3111
27999
8233
29605
10261
26319
7286
21550
22636
26933
16192
16670
6132
1229
5667
5805
731
4765
19809
27180
19195
26537
26172
30429
16732
18535
11427
19720
6394
12402
12305
30539
18120
17026
17331
2610
8948
29852
18889
21000
12141
19590
20046
4844
10147
16510
13531
3879
15758
4139
32201
18364
10225
10708
26262
11073
26080
28624
27017
9966
23424
29246
24729
19956
11278
28918
20364
2831
29986
14783
6492
4191
20277
14018
9438
31092
14177
16702
13477
21416
18025
3198
30245
177
22777
15624
3092
10102
3375
24
6166
10018
14681
14156
1944
16503
16385
3233
10236
26982
25895
670
17911
32476
2253
21711
23608
18654
27321
15477
5451
1240
23414
28028
9404
27186
32412
24493
15231
23845
593
14373
7055
17357
28688
26374
3798
12671
31401
19820
17741
23644
28041
32675
24164
4390
8508
30615
8612
6483
6448
19339
10899
18272
11964
15630
3032
7528
28000
13355
11679
16885
1103
31457
27455
14102
28970
19667
13338
1970
18447
3903
13253
24347
15570
17716
17770
16102
20874
5120
13930
18171
20048
27624
7238
17384
26179
10525
16831
30587
11728
16619
28476
20367
17968
20274
4717
32550
25137
6170
2350
11704
2106
20995
5038
12491
13705
19387
12752
964
18112
17140
28625
29181
18848
32501
26156
10007
7188
911
28858
6546
31857
28755
24862
922
28412
24578
12384
24100
7341
23621
29656
4666
3890
14750
6478
21651
28215
28575
11871
24423
8677
16730
14114
32385
32424
18968
22540
8598
24118
16974
22289
26837
18893
4300
14348
24511
6587
31800
30817
23097
11812
4283
11745
10208
9472
3578
3310
4508
12643
29000
6623
21880
30721
28697
2470
5297
5361
30394
5551
26636
11953
32576
18188
3693
14955
21695
31952
27046
21878
5820
12728
15757
22560
4324
17681
25937
1451
15102
19157
29454
32149
29982
10008
28062
21021
21531
30882
8371
26626
4676
5854
13090
910
30799
9971
30594
9939
21138
3120
10998
9525
18038
14253
5703
4136
7208
6959
17718
24891
20625
17229
18448
1366
905
23761
13186
11583
5703
10593
21167
1891
3612
10079
16256
18132
3938
28941
21819
7054
1199
5877
12632
32766
17998
31112
13968
32709
21999
26117
17974
23481
669
31388
9162
12076
2289
5588
14028
31346
901
21802
7886
13981
16300
26362
19917
22155
19040
13219
7361
22819
18812
8679
3699
20699
29996
31376
13455
1149
17825
12121
27386
3372
10505
2315
23909
5538
21950
231
2851
7867
3261
18756
15671
27959
24667
18809
8882
1211
21299
4349
1852
21530
25443
1485
22512
30419
22008
21006
27245
12251
22182
21748
14889
412
16317
6882
4105
1853
7768
8403
18479
29476
18135
26360
10772
22201
3472
5794
1750
5997
30658
16227
4563
13564
30922
28528
10102
17646
3994
11082
30289
18276
22630
2206
15980
14609
26272
28777
6877
1671
31527
19551
2457
17588
27324
9102
9610
21164
18613
27199
18146
18601
10741
2333
32174
22607
5147
24473
6830
565
27898
17804
14948
17570
32330
20510
1643
10132
24988
24040
8458
18951
26772
11861
28425
21619
21842
2126
13251
29847
30513
13334
13181
18037
32692
19570
20470
20126
9149
11022
21311
27055
23808
29724
23757
21788
24504
1342
9421
13612
6296
19366
2487
15429
18181
17787
7206
22378
1922
12927
7399
1026
25196
14320
8528
13019
13031
31660
20947
23662
31256
31384
30419
10853
29333
7745
18357
23130
30745
21956
12347
15842
6013
13804
13
31690
23267
25755
14489
30368
9781
21355
27933
31861
14286
3476
26882
9186
8566
7441
4204
31305
19860
19198
12047
26461
25759
16197
10564
27109
9942
17273
17244
4541
3633
11522
29492
23325
19607
12923
28681
20253
31313
12376
29838
3449
2239
8396
26428
9106
19785
19178
23786
21686
14489
27914
10653
14241
3591
26222
29601
19780
12117
9253
31961
29893
20637
21808
5715
24774
10375
10724
29215
29162
28863
8847
18274
6805
19111
12638
31910
12276
23625
13182
19572
19518
14735
1410
6181
9785
28086
14085
23797
511
14592
8592
32601
7938
22185
26302
24723
18254
24349
6557
29315
25614
6760
5976
15808
15186
22254
21267
3559
15119
6236
6423
14387
30055
13022
3375
12366
12843
9875
26705
24423
14751
20286
14721
29061
15485
15422
11763
3355
32060
17600
9328
10460
7825
11315
4090
29648
15159
27388
28083
936
10988
28523
20987
15695
6332
27374
20697
11201
20097
32645
17820
14624
22955
24950
15810
32261
27965
16706
2840
6932
9496
4567
16675
20691
3708
32519
8639
18876
6604
10297
15622
19088
22929
29535
18547
15599
12994
3112
28999
18470
25155
25462
11820
27720
31659
17170
21529
21376
17738
18847
29301
19877
5483
25292
14975
10767
5334
4046
30189
25513
2713
5134
20691
21320
5384
23070
31431
23611
29699
9458
25411
18212
18551
24909
5451
16134
27943
11129
30287
9374
19629
23867
27730
11255
22715
14342
12108
30777
1703
32623
18893
10689
29991
6113
3300
4727
8025
32146
31551
1116
16646
10165
28563
28259
20519
11250
575
15234
12200
13843
29228
10248
32621
10240
5367
305
11667
30189
4690
760
11512
4818
28327
18476
29949
283
10495
198
11914
23457
28707
25210
12883
27354
13056
1932
15450
6732
4176
12261
30901
25160
26999
6246
19858
31188
7339
23676
1656
25833
10840
5621
17616
13023
18883
12050
22947
293
12525
6877
27813
5685
5050
26556
5235
10439
7762
24647
17433
10053
28360
11863
12759
4992
20986
13407
6949
18081
18360
4352
2548
12642
4648
215
32567
27774
21608
4762
9890
11621
1142
24931
30641
29493
13389
18763
26605
32742
30289
19003
4715
29124
24813
3327
30869
4387
30075
16028
16428
9806
28260
13796
4750
27584
14472
5959
309
28823
7136
27372
4993
32581
22369
22785
25015
23689
13348
79
24905
29342
21445
6929
18008
15538
15881
26118
7799
1689
29123
32197
2226
21699
31992
9809
11983
2155
24641
12525
25555
5138
16753
29745
3016
21548
12664
2654
12478
24601
2439
18927
26896
26454
9077
11376
29416
28405
29026
6035
10501
842
14490
15489
13500
12776
29627
366
8509
24524
8219
10608
13336
20439
31332
11921
12032
28034
28289
547
24270
12237
16062
10067
7113
10360
9770
23553
7972
4982
31296
17359
20936
31391
4039
18808
30804
16805
26359
10852
24674
11849
25309
24697
29453
16590
4097
24115
20656
28846
15941
20727
23023
8589
29200
23972
18940
25707
28844
2924
17939
22813
27629
20706
1607
17406
4372
30547
31617
11234
32498
18522
5830
5195
26449
14767
5560
10208
24463
2880
30816
26394
9356
2947
1066
12097
21959
30218
30769
11671
27587
8280
22205
4819
28080
26867
26634
6864
10823
7354
23116
15495
30710
18041
8943
5691
16445
7355
1315
27123
23128
479
24984
15917
31006
19054
13190
30417
12329
15788
24305
31332
21559
1133
13355
14206
15056
31274
19610
7806
7465
5204
9403
25468
8777
21480
5991
7295
21610
30020
7766
4080
1442
21049
31713
18255
26562
10849
12812
14885
23423
17843
27331
9530
15055
9556
13668
25095
8854
14000
15742
21102
32642
15562
24281
13481
25139
25552
15030
29569
24224
13043
12887
18112
31414
20598
27330
14312
28738
19460
15811
24357
17936
25414
15408
27777
1108
29877
9584
20823
2122
5293
30782
7690
15130
30915
171
26614
12286
11609
1890
19367
28070
18800
1584
24393
26332
5309
1476
10592
26212
21502
2227
28602
29222
12174
10175
29345
27023
26679
17240
26709
25396
20040
28259
19641
3512
12008
30267
22860
6128
11178
11253
14683
25670
12386
21225
20085
2907
31542
22637
6432
29169
27384
14564
6602
30215
1971
13816
15874
30533
31107
16931
11752
16027
25002
17780
3554
2342
18913
8080
2193
14931
7660
2807
13572
31046
25457
17800
11563
15741
9226
8776
26766
3760
15769
26719
12094
31740
3292
9059
14604
3649
9793
18649
19706
14793
4347
22265
29935
4906
14421
20658
6575
19309
1862
15086
6921
14191
25158
32535
14419
26248
29537
22234
23827
3179
31882
9515
9727
16973
9265
24713
12840
25418
28696
29315
5234
2052
25186
12411
31047
25997
27885
20906
21644
4999
12001
1636
11220
32137
12425
5277
20692
965
4450
7597
8216
3816
23666
29008
6132
6978
30427
4593
23484
32551
23728
20008
30519
28821
8199
4993
30290
3606
24144
24191
9490
28392
8165
27616
3020
32348
21986
3875
31640
9852
27190
21064
16131
3568
5626
17111
17156
27939
29186
4131
19506
16033
30130
24272
3123
20164
22547
30099
11128
28303
1830
10041
6951
19930
10617
7659
17241
16559
24055
27568
24966
29685
11780
1075
11069
21835
26058
967
2329
12855
18125
26536
32240
21120
18630
7043
3661
4568
23726
57
15393
15550
26137
20449
27317
13475
24261
780
16099
8012
22643
6988
20358
9591
20725
30455
14895
1217
3209
4648
28698
30919
27237
22791
20320
16268
26515
28490
23661
15643
17407
4348
12213
621
32207
28797
27555
15244
5874
13771
20178
18681
22780
767
13952
2123
2865
8731
9536
4122
20191
16386
8686
25371
5618
22728
744
24204
26562
14636
31099
26579
26671
14691
29084
7522
21744
5400
6617
3805
27944
1200
10127
16511
30522
31698
11100
32186
22751
12583
2519
16157
30070
21342
27775
10107
18075
3956
16114
23626
25338
19506
3168
15689
26469
16119
20798
16230
30245
15799
5439
28382
16526
29252
24960
23718
20183
21196
26370
31498
31272
931
26974
11668
19699
1603
16820
4143
15752
22930
3557
14732
30436
28515
24578
31941
9162
6974
516
28224
28694
24164
8637
12247
13389
13582
30990
18485
32632
18678
18011
2435
29491
11544
10556
19269
9729
1722
14197
31614
32738
18346
24105
19227
17704
24007
25418
31118
17286
31682
6996
954
21866
24358
10043
14863
12172
14230
20129
502
11463
4950
19021
18031
3113
29966
4825
23544
21830
30410
1962
23474
22225
7748
550
14783
29549
18022
10528
6894
12480
16907
6295
11674
15561
7174
12705
2511
23924
6245
9890
23727
32364
23287
6081
25364
20785
22283
21405
30583
13162
27771
4155
14097
20348
21993
12356
575
11099
19529
26733
23595
6561
927
22838
28073
16605
25866
28887
12127
11565
10754
10615
32553
8207
15582
30624
9404
4724
665
31984
2441
7446
29141
21265
10212
15116
6944
747
30053
6811
1655
31767
19598
28752
2568
8343
6575
75
32316
14533
20231
20958
29429
25482
25644
16727
18965
22224
25773
25625
23359
1082
20981
29426
1249
30226
23666
11944
20082
30851
14327
29397
32760
25352
3935
27381
21198
5668
23412
7614
8100
340
8463
17072
11719
17730
23168
5612
1955
17979
4143
7753
30854
17123
25732
6565
6054
17191
5893
889
1126
29556
17086
27056
14293
16422
23526
954
3959
17732
12479
16348
30025
26218
29118
15050
18687
8966
1260
21879
28304
31431
10380
23852
9716
30291
10494
31192
4140
10297
11747
22183
1412
14886
25218
14549
8469
23131
32107
30917
9613
7518
27481
4429
7987
10224
8541
14676
26405
13632
23097
15264
27620
19806
17162
233
25363
16370
23339
50
18556
14126
2901
2393
20052
30465
14347
7660
8896
7310
21301
19518
11928
29148
12555
16570
12650
10703
9268
376
24258
6231
9519
2062
24744
15079
2291
11689
25451
9513
2770
7516
3741
9712
11683
16567
3935
14446
14368
23196
6111
5543
20621
17486
30750
31269
31643
203
13303
29677
651
6748
14941
19635
1174
32362
8676
25674
14221
19347
3714
3934
7101
17917
9367
20069
10005
26090
11564
28883
11147
13453
20344
30861
31931
27421
937
20897
6353
2087
8929
12852
22698
20264
14462
14012
27446
26203
30878
3695
8225
1744
32738
19450
17842
29374
16499
11895
7667
9754
16451
30361
12050
30056
3222
7210
29447
3794
1728
30648
10871
4471
28208
13451
22232
12037
19373
7898
8151
2954
8672
8766
10230
20359
1811
3174
5242
8263
3128
26637
19588
29294
5421
1065
13182
27349
1598
31589
25272
16789
27372
20434
9811
23394
31212
28377
16735
3355
6771
12661
15680
15774
20145
11423
18518
23009
10139
26121
26589
20287
9710
16654
273
15
11377
14313
32150
26235
26490
13606
3864
22928
19891
8535
22063
10385
7710
30984
28805
145
32599
32501
12858
20544
9242
24186
3719
7686
6404
21066
29602
1102
8094
9060
7650
18469
14999
5187
9764
15875
20305
3157
20333
28904
160
6063
22481
16299
9934
3839
20627
25743
2274
31682
16781
6936
15137
3255
7122
22557
18134
11923
16275
18461
32591
7414
6463
2007
10280
32670
6638
19220
20684
26587
3840
26056
2360
16962
7425
27481
21506
4262
25040
22591
31130
68
513
31181
8401
12350
9599
2126
20631
15435
10102
10068
16137
24492
32112
16461
4523
17506
6590
27479
29425
21150
19737
23126
8453
5241
27529
31299
22980
485
14470
16071
18441
18659
24157
19464
22063
26103
29910
29379
2513
8409
23316
12955
19668
16750
26812
14000
18344
4342
14938
116
12490
31623
7424
13498
13710
26042
23856
16144
24603
2724
31995
16207
7863
30216
5483
30064
20549
28362
26399
8097
31243
26023
24117
32408
2745
15396
3437
29736
20135
30660
25738
28690
31071
13694
9724
7965
26715
29038
24509
4201
784
30411
27513
17664
23595
3097
14833
23982
30746
12192
28065
23315
23758
30748
2208
9206
20159
28086
12745
17884
24369
28467
21784
9177
12214
30572
9046
1959
3829
22270
13561
18677
21161
13890
21574
32513
4845
29568
12984
28777
10934
12639
3493
13631
8609
10656
1567
16219
25327
6156
12313
15605
26061
20907
7370
2419
10969
23607
25687
8319
13027
6608
29356
18269
21232
23793
7082
24699
2437
30883
14984
7498
14626
8433
24691
589
27660
12187
22136
29040
1359
8463
30372
11930
772
23956
8298
4741
13776
8905
19524
24526
4525
8526
669
28232
31725
8897
14831
8342
14972
19436
24617
22521
26725
20284
4947
23142
5015
9077
19828
24284
26602
4773
1972
13300
2909
13655
6334
13498
4001
11784
21096
32699
7388
14559
8854
9311
14759
25496
15195
14969
21592
450
1634
6173
29063
12586
26509
6578
9163
663
4827
12359
12485
6839
31119
10795
1888
24410
4751
27063
27478
1246
522
32367
31223
4074
25693
21578
27686
8032
16440
27981
14756
4748
25596
22878
401
24482
12904
24664
23599
11879
8821
4699
31210
2862
30334
12902
13205
17926
28324
12071
28663
21042
31345
7697
646
14809
11708
27824
26482
31231
31948
15417
229
23220
960
7014
14730
6027
23853
4736
12364
27726
19466
13757
20832
23024
15561
12749
133
14275
25031
1712
14474
25835
28390
25802
17425
11795
14456
24633
29588
15199
14688
28262
29861
6817
17523
25050
11898
14799
25893
22612
18344
26037
13153
20248
14639
8423
7864
20873
4791
26362
29886
30202
21529
12275
9905
7362
33
18432
4700
9614
19603
20326
21051
3836
4971
30395
22752
13413
26985
19285
23445
7673
32205
10242
20547
5906
10080
7673
659
32450
17075
27153
1106
1710
17835
18993
32026
21536
11325
18184
7471
14167
8823
17918
14247
27938
4032
30570
18382
7853
26464
29957
26056
5018
25155
9375
28280
19027
1529
13072
25249
27295
7426
15218
16715
18036
1097
28301
24937
23821
29166
20115
3768
5179
6472
21262
28138
7168
20523
2326
27652
12378
6502
967
15621
11613
14480
12530
11720
10628
13061
26131
19755
2633
25131
14723
12401
18163
31482
31727
22245
19888
11963
26121
28864
16099
18703
20093
3405
29375
28468
31783
29771
32021
25732
26755
11923
9066
30782
1637
507
31053
137
24810
25721
5864
1718
9902
10892
7636
2246
30015
29911
50
29740
30930
8463
15863
15828
13365
16920
3207
15203
1285
25451
7302
8641
14369
7099
29162
19669
16990
13016
597
13455
29053
24275
3491
13100
10586
23651
25790
181
357
26247
4794
1993
22102
20845
7198
30621
9245
19603
18559
14145
15384
4140
10836
7717
11145
31173
22789
5595
26183
23592
4421
2334
2484
1665
12194
17428
19438
18111
14682
10704
27466
27453
26481
25371
12798
1954
26624
27252
25117
262
18896
6485
7625
9558
17959
6840
8100
20985
23778
26330
22407
28083
30404
11327
16247
14794
526
18934
31956
15976
15696
16158
8660
22081
9342
13225
9008
7541
13382
32352
22045
18360
30625
19495
2686
8624
5033
19587
5464
16798
17834
1881
24454
11073
1915
16377
19630
27384
19983
2394
3699
27686
5703
28583
14316
3802
13322
23291
9557
16560
6040
3946
3077
7410
32027
28224
18080
22531
14976
23693
12686
31230
8068
29409
11180
11418
7186
23124
3905
8273
8396
31433
14131
19649
28136
24180
25723
4178
17469
28314
6102
29465
11421
28056
13245
4348
18790
21031
31384
28439
26196
26590
15663
16479
15001
22777
19809
23941
4400
1368
2328
29726
19310
19147
4476
12544
29146
8844
615
27119
18238
14349
15897
2681
4606
23796
8494
18462
4009
32356
13005
25012
18126
32639
9505
28170
11025
7465
14861
32204
18301
16142
24603
5286
25372
23014
7094
15788
21445
18168
4250
16122
29494
13532
16264
12439
27235
5510
19518
31392
18189
11648
24486
32418
3989
10359
31310
28743
18707
22265
19224
8501
9123
31101
24115
17459
16639
15524
14409
27533
18771
19134
12794
18106
16972
5776
10122
25405
23666
17237
20694
29897
10937
19970
21901
26792
30802
23502
29084
18526
12487
20978
15850
12169
3655
6829
28998
22795
575
15244
11678
1899
3114
8424
11633
19577
29353
17072
25990
29745
4822
1641
28383
5858
14805
626
19689
5776
15533
1677
25589
2966
16982
3483
13291
25743
29716
31911
11069
15735
2051
21286
9755
12814
23026
12413
28134
12157
1652
21188
19686
2364
15413
29386
2623
21811
14219
8537
25121
21280
7245
2491
20032
25400
8680
15740
12932
20497
17839
28018
16897
28607
30579
13307
12329
24638
29780
21638
576
25360
17366
5205
5393
7206
2872
4225
10976
14340
11009
13630
5535
15649
23259
14944
20837
3212
14244
18718
8987
21973
30659
12054
3961
555
14776
17042
15921
23234
8439
23562
7529
28280
13559
2282
22895
31415
13958
23444
31912
23453
24415
31913
19402
18266
16382
24965
12875
22746
12211
19464
21274
11685
758
30620
4492
6915
31738
6003
9881
15971
10629
2577
5704
27901
10238
26123
6504
18103
30920
17422
20353
28741
25550
27170
19722
14485
5983
15408
23004
11626
31293
5570
29671
25415
25584
28939
27172
29838
12128
32551
9162
31721
23459
5540
26565
3561
12052
5440
14436
30189
4261
11764
5970
14918
2934
9266
17863
11160
12454
31596
21759
899
19305
10709
6892
22147
7002
14699
24360
23829
2323
31285
21549
22556
2299
10697
12488
5250
8288
13330
32203
21026
16582
29008
27651
4582
28030
1376
18025
3884
24442
17470
21660
26735
7007
16328
16783
15139
11740
25285
23167
14048
571
15653
14889
27587
1845
25994
13369
22546
5643
5128
5381
31006
20434
23081
2427
25454
25870
7221
17240
9753
31619
12208
11676
32116
9800
17187
17722
6381
9245
29472
27155
30775
22526
12416
15397
9128
12281
23535
22784
17375
28220
15019
3450
23721
2162
10376
20388
12070
4432
11064
5373
1831
24682
19145
22757
30683
27724
21359
26452
19371
2758
25732
16331
11106
2951
28877
9355
16529
24813
5119
10758
22322
19228
24961
23187
17035
14670
4212
16997
2389
21866
10481
30654
7454
28119
5777
29536
8428
12690
17459
19781
803
29310
9465
12687
28328
25084
20116
8642
22343
31676
2242
22065
9554
4819
30228
21430
17547
13581
14837
2470
6724
22660
16360
3076
9925
1905
2065
15861
21998
32323
7415
116
17182
28654
5768
14663
29779
25734
20062
17970
20626
26124
10560
12394
21897
28552
6636
13388
20595
21079
16659
29007
7740
1479
20134
22072
14053
5345
2128
7565
2091
7814
6468
28235
25443
7102
3896
29915
681
24652
10417
2115
26937
2438
22658
12186
8989
20323
8847
7102
10249
27606
13783
26953
25987
3162
26546
16064
13382
462
29782
6926
15593
8836
10400
26673
4028
4757
22802
9780
29683
26231
18968
16989
12806
21457
28047
28327
23895
25741
6535
3442
24854
24623
7240
1402
21601
24422
20884
4614
22960
15841
7468
25442
3441
24164
28310
9102
18415
29979
12828
13112
13944
19502
21272
13032
4031
13973
13167
11387
26495
9518
15452
28882
25953
4621
27759
32203
25376
13843
1749
112
13803
15554
18393
18287
9995
27215
17067
14795
24517
26617
19552
9680
19586
10906
6203
31820
15149
10108
26923
19452
14557
19309
31892
4421
29364
26646
4690
11812
7687
2952
13820
7784
11198
30232
11621
15391
19198
8813
12393
10318
32518
5079
19942
11237
19543
24290
8712
9457
16664
8236
16842
21524
23736
21875
32697
7730
6869
19698
28155
5742
9565
7918
16785
25685
29171
25996
31449
23128
20116
9957
30551
20608
8570
9564
20660
5981
24640
2608
11527
5952
584
7757
25684
28586
29274
1384
8018
11011
17293
12106
21362
23183
11627
29548
16412
11935
4944
2757
20796
24324
6931
23520
2813
30665
5864
19761
25300
24098
18053
4521
10689
8607
13188
9096
27602
28069
11529
24947
26856
12063
9892
454
2749
17009
32377
20523
31782
15789
28318
26988
17814
11018
11716
27013
4836
18322
794
16382
1614
6682
20846
7799
15549
30327
23957
13701
26443
16623
21518
13244
7682
1518
20962
15117
20454
14842
29902
16467
29750
13801
13988
2344
24816
17234
6127
15357
27283
19777
24022
13930
12584
2351
26435
7618
16003
11313
23876
24043
22983
111
17073
2668
13352
28376
9999
21960
21237
20756
180
4875
23253
8122
29228
30114
8273
20676
32476
879
8594
31296
29413
27933
19820
3400
587
16561
15260
15667
25431
10850
14926
26381
26681
14251
21731
3397
23538
20638
14320
15270
9841
23419
5770
26504
31740
16001
29889
8264
7122
13316
31594
9205
25103
9408
14626
11340
12495
31853
29839
2023
29846
11412
29673
21425
18416
20896
23993
26781
31316
11832
5857
20888
32334
28876
16861
23996
734
30574
17224
8902
15387
1508
28578
970
7963
8699
18000
4133
5399
2590
24036
20148
27083
31270
26015
18755
31004
12916
24628
27720
24573
30013
31695
3794
13459
28198
11094
14012
2455
14353
25839
27942
16637
30006
10690
14117
29139
11637
15104
1722
25963
26346
8228
14337
28604
11459
25209
28331
9990
30798
8668
26542
16053
12374
26307
4923
2440
12976
21886
2801
26354
7185
9917
14416
8129
16931
2387
16240
30205
5079
20793
499
27667
21500
6102
20024
1842
25105
12669
3793
4342
1367
7224
3640
7236
28203
19396
8893
20853
24979
30428
22211
17846
17175
18875
24876
25006
28882
8668
530
7010
9672
14084
6072
1878
22138
21890
32704
1269
15288
3509
6302
2611
32695
31952
30540
21105
16739
4826
9535
29857
25078
31225
31387
9386
20682
751
26787
9230
18795
15077
18547
9674
14321
3688
497
10622
14221
7601
7937
4557
24417
9769
7928
31239
20885
9516
7764
3845
16551
6157
9898
28501
24322
32091
15071
22168
27859
31587
29595
6183
22552
20470
16379
11517
8953
28013
7814
22737
1116
26857
25187
10882
30388
7648
22729
23480
10521
10965
25270
21449
1694
11110
22244
20953
18399
21388
16377
582
17113
20511
19197
835
27903
4248
31250
7362
17290
24091
28511
12184
3600
25525
25678
8155
12120
3042
8439
16015
30829
22354
2012
30338
12785
4332
2518
16501
20404
788
5711
8828
645
4649
23474
16040
7240
24658
27680
13538
31305
24187
6757
23578
27088
28314
9002
5794
15094
31543
30315
17876
30134
10283
13612
8443
25927
168
14184
29553
28073
18041
11851
1540
24447
18059
13985
14238
15900
22189
28557
2342
11232
24724
27006
8353
28869
7714
351
1949
20277
27368
31758
10447
6943
20201
30224
20731
18249
9888
31619
14100
23784
3141
23635
20389
4462
26189
4273
28527
28323
16176
16833
339
16631
19054
19091
21363
16406
15060
17749
16277
9662
19963
30919
13000
9933
12563
14831
22601
671
8926
5645
27559
7318
30463
22737
30246
21498
24181
17100
31585
3588
6499
1061
22836
9781
30226
20365
24281
14572
16696
6516
24401
31800
2939
22397
17158
6891
26673
21552
23726
17904
2410
27376
1394
28638
23856
16428
17488
26316
4109
18905
1214
16488
6350
15391
8336
19523
12679
11858
16667
111
25047
3109
23451
5196
32365
10010
19666
15775
16843
31805
22514
17380
25162
530
3261
24038
18783
4812
22763
3468
20508
18111
18636
28150
9466
21272
15150
10184
16085
16588
3201
32710
312
4046
32057
13218
30171
6789
22388
6417
16234
19837
6109
13092
10632
1885
7632
12758
31252
13593
9919
4066
26539
32360
6356
17111
22894
5753
24791
12653
21509
1249
26451
25626
14308
31449
24820
9185
13516
2214
32308
31595
5781
18264
15926
20056
20268
19127
26866
31447
25048
28539
29843
14708
5057
22971
23069
12082
1458
14248
7507
26074
6942
7291
3032
7826
21089
1964
30612
12977
29257
27749
28761
30418
12501
19766
16583
21544
14140
16394
12909
3089
10033
28250
23856
23021
1382
26016
1521
26416
11599
19471
20586
17846
12840
19841
18521
25687
20793
21681
1505
12732
22873
25770
28973
24944
11185
9855
26966
1850
14786
32573
21127
31915
9386
16926
20319
17651
24994
21247
10646
25337
1996
19732
11748
21930
11052
475
32542
11920
26867
25678
9379
30375
2308
13405
22518
21869
22705
32411
21932
11833
8901
17464
13705
10189
26824
24367
3558
21038
16766
30400
26197
24244
177
6177
15752
7773
3120
18289
9839
14950
536
7405
16545
23325
5202
16998
4093
12529
15709
25843
30609
5067
12878
28387
23483
11425
13845
7669
12173
23880
12801
18892
29046
23177
14215
28317
23327
11384
20287
20523
18580
2305
14639
18677
6820
15556
588
6573
6282
5667
4926
19693
5325
1688
7268
806
22884
28236
792
15065
7966
17894
13364
26889
5185
6817
32724
30192
13937
4258
25182
29169
980
24456
24256
5838
18292
32068
19961
26907
1253
27435
18395
3570
18215
22857
2319
10473
22221
5113
31321
22081
7007
28595
15645
5472
11262
10020
24867
14209
21318
24452
10135
9899
2681
18212
30548
6367
12249
582
26210
918
31829
23090
31932
25451
31848
25222
5207
11284
4159
2254
31329
29846
14106
16980
13766
13241
10740
19514
5881
8378
2406
12741
29937
3137
8905
3324
15218
17810
4251
13682
11917
24583
14883
20832
1898
27838
30296
31990
20037
31887
22016
31731
5559
32321
22805
10612
31543
19709
4972
6665
4320
770
1177
9230
5237
25755
9997
16953
6050
30542
31361
1135
32132
6487
3480
732
29036
11605
19135
1858
15072
11842
3160
24721
4835
16296
15385
5305
24183
3602
430
25788
29279
5057
17574
22279
17449
5537
1420
15362
11372
27772
21076
24806
7759
28268
23034
25807
30794
3222
25445
25618
21041
30997
11153
28112
27758
26933
28397
30667
9357
18402
8706
17529
4863
27744
7510
28503
13847
10556
16528
4992
20057
18306
20700
16510
20468
16944
5777
12640
3469
21995
32274
31244
62
14577
16370
7895
20703
3919
21595
19027
1668
28500
13744
5480
32326
2629
13937
5543
4167
19794
28255
9690
1520
3785
737
7392
17789
7050
20135
26296
22204
14523
11405
13275
9489
28092
27074
13007
8894
10845
9001
2041
12641
7503
4607
30643
29630
20185
3007
30366
27839
21452
14658
5177
4025
11449
18731
29619
9713
9569
8578
18174
11615
18541
21663
37
5298
15200
23882
11487
30868
5833
26144
12388
17966
3773
8249
20351
26351
32644
27911
17125
22921
12947
24449
17349
23613
28602
22657
18080
3161
11935
17003
22619
7935
31851
12304
20883
5927
27075
25298
21552
7399
5370
31752
18237
23027
9349
23972
17655
32608
17839
32275
12067
22701
910
13156
23973
4099
2613
14765
6991
1980
10795
30890
25847
27939
12316
19624
7884
26746
25807
22177
13290
3650
18776
6057
21547
30134
25487
23432
17472
6297
11968
13993
29697
24625
1188
6963
20226
916
4752
18805
31591
6946
12013
8071
31481
3411
8936
3118
25209
14515
15466
10497
6964
32554
15435
16330
25303
5761
29891
16175
32133
16930
11297
25234
20007
23071
6079
4405
18691
17270
821
14498
29841
15764
30669
9802
27785
10519
30775
9324
6977
11224
9342
24120
7478
22057
23099
20277
744
11611
9481
16864
25836
16260
4920
8598
32316
9342
17094
9139
16593
4147
14986
3068
6260
23064
25523
4154
20433
7672
14193
7976
19405
23027
29938
3727
4377
11718
29584
29872
18439
8013
25929
12514
12957
2118
7535
26492
18665
4439
12192
29941
28563
24147
31481
7242
31929
20409
30087
29856
32502
32125
19454
23083
31428
20235
10670
26190
4613
21642
15538
13060
18908
17757
19051
28030
25281
18416
26669
31758
30421
26289
11319
15171
21106
22108
27369
5718
15111
29052
21553
32452
6179
3375
1351
1853
13007
2857
25242
9661
32545
19707
19978
24825
9230
27797
3415
27900
13696
24074
29913
31506
21672
24212
10866
16613
10902
21720
5314
31462
28935
1643
19097
28142
32126
18068
5810
11301
662
596
25502
8484
31638
19875
9214
10582
30278
22013
2805
14500
12033
24093
10461
21585
13068
9993
16441
25634
32038
27214
26347
7875
16480
18829
18344
5478
21807
22326
6056
8877
31936
7316
5282
16586
28299
16650
7927
2789
25643
13980
17454
28093
5997
4016
19872
19347
26279
25110
10100
5956
4939
23367
13262
10933
20155
27114
24132
23667
2399
8349
914
6299
14326
13809
398
248
809
17846
862
22636
5478
14202
24040
15761
31467
28236
4234
30879
18465
9670
15883
24721
31276
8266
12754
7043
17856
2699
17750
15967
18486
14415
14806
4024
20191
7796
23114
29174
10392
11825
31129
14516
13726
30111
8460
28006
10660
10616
771
18239
13347
31774
1511
23122
754
26079
31583
16887
21270
17015
22471
19056
987
26582
32222
24012
24612
6692
29374
14348
4607
259
3602
9861
29820
532
31363
22149
14272
9404
6771
30521
2901
25384
9454
13006
17092
3214
3805
17111
10342
7350
5245
9199
29303
11450
30480
11423
3692
24842
17107
2946
13958
30898
12591
28838
1448
25056
31539
26166
32102
30624
12354
7254
12894
19691
25865
11343
4811
10464
20148
5868
31575
6225
7778
548
3633
14465
12502
31224
96
7980
26223
14495
20823
968
14170
14817
8393
3595
22534
7617
5822
28077
472
7774
4583
8047
13345
7451
4142
860
333
2814
1426
10319
15453
12374
5426
28853
6807
6049
24743
29844
7547
8108
24983
17613
22778
30972
391
29598
27107
4717
25585
1642
12446
14617
5783
13501
9244
28539
7190
6283
20750
16341
1214
13240
22869
3534
2465
28381
1978
11104
24042
30026
19424
13553
10865
4679
12918
30912
26508
29600
11697
28035
2343
30048
16890
31823
12567
23260
27364
8631
23467
6387
19552
10808
14980
5525
1076
3541
12711
130
12201
12030
10961
10580
31108
182
13067
30400
17464
22517
5757
25369
17498
27723
28295
8725
8021
19399
22030
21460
25183
17943
14356
26910
26028
4848
27788
7405
28641
14257
5996
10027
11723
28739
32259
3260
21073
8003
18061
12479
29351
2403
22021
2833
29381
24589
16442
10259
5656
24394
32293
21934
2167
739
24186
8596
29528
5830
25725
3272
29508
9898
2327
6240
392
4342
4649
3978
9774
16607
29728
13005
1579
21457
29130
10385
8666
11793
28264
22242
22441
17056
9732
2673
32531
4706
16388
3803
12238
9855
28672
7214
2373
2570
6353
15786
3656
1761
9706
5572
26882
10708
3820
9073
11052
21001
14708
27808
24193
20382
11575
12808
31090
21905
20050
4133
3098
17117
4571
12669
14708
1766
24764
30248
20684
9495
7361
13455
7027
7114
31727
30580
12983
12904
11800
23859
29202
29393
172
31815
22946
20990
29906
28943
29913
19429
31671
30930
6518
30364
19750
15874
4788
20674
3162
14781
3265
20251
12048
20121
21617
28026
23264
161
16180
18148
11468
28315
20294
30962
7962
28813
26661
22135
351
32639
10056
11619
14045
19073
13582
9191
12046
7408
8693
28890
19585
31222
9228
29532
11749
4432
18603
28089
3428
29012
28257
26512
10802
6706
6958
31540
28773
22138
754
4690
21255
31966
21030
21972
3177
32570
4298
21766
14523
27345
12702
10231
32474
15833
8597
4387
15209
13883
27527
25166
25123
32148
17446
10419
2415
22143
4659
25694
21557
12054
18162
20183
11761
15542
6875
29952
3334
1283
658
10304
12116
30764
28697
2785
1292
113
13381
15287
15811
10978
5230
25859
11206
19817
26731
12950
29102
19978
21693
29498
11828
28522
29963
26957
6726
18062
2767
3759
19802
15846
1102
20447
7170
18826
28621
608
17600
12483
12034
6754
24348
4301
32457
25502
16629
31963
10008
16770
19989
24412
26421
14990
26120
125
29222
21246
25645
21999
3946
31401
26125
32746
13286
4649
19436
6002
10018
19260
10142
12761
2229
26730
3484
15749
18942
8168
31831
7155
28693
9661
19916
7420
12801
8483
26457
16215
18220
4400
7119
23136
31252
25781
29640
5399
21314
18791
20539
20076
28800
30268
6989
23226
23623
29976
31594
14993
31095
12201
15509
11960
22346
17295
25596
19826
395
25025
8656
32001
8451
15660
5459
30569
53
19613
5939
15222
18507
25568
32278
3840
2639
26666
4470
30318
26782
9140
7855
17785
29850
31913
25686
11571
5280
4930
18381
27463
1594
2863
2324
32386
20629
1082
26850
1170
15157
1575
29941
9486
7399
25566
28326
11703
5879
22988
32704
17406
4260
27526
12690
20422
1745
17583
23107
874
1021
8477
29798
9474
21621
55
5326
31970
19144
10145
29348
3428
10364
14620
13750
30696
32511
24487
32530
13080
7392
22506
24532
30321
23359
22485
12860
32511
24451
6533
2308
4455
9547
3431
10480
23851
25766
30623
16550
9514
10374
31915
21184
20838
10610
24899
1568
19978
16508
388
20611
23468
1651
17230
12121
13519
29529
2027
25301
11436
4631
24817
24384
11058
7280
3177
26770
10827
4916
31792
3139
6241
9910
27806
27999
17441
895
20070
5849
13694
22340
1981
18465
6137
8726
20671
28664
6688
10201
12046
18820
26197
5623
21692
20383
6353
12630
26219
31349
22249
8327
27826
31566
27535
9792
29891
27304
3355
24588
9291
7305
12364
23873
17562
3859
3209
8754
2308
10073
13677
27559
5255
12401
28035
18058
686
20683
5710
20451
30644
27072
24973
12551
31725
5486
10172
11275
9826
14020
2014
19583
23227
20441
13434
4185
7779
4738
4580
7472
18662
24355
2493
21931
5022
9669
14269
25400
19598
23913
21424
2049
12430
1436
31935
19740
12457
26188
18929
24833
9923
474
17394
14914
15742
28016
11282
21110
3935
917
13456
3446
16685
9471
3609
8397
7066
31656
28300
3945
26662
29732
29952
3479
5439
24881
3848
24878
26029
32144
17206
4617
12077
16403
1245
32443
27740
13816
29979
10623
9687
22389
13591
20846
30369
2708
11656
11253
12229
18497
28535
21125
24380
6049
4677
14476
15888
21414
13039
15781
18882
28385
30865
12299
3306
10647
16937
21332
23325
28182
24990
16220
1043
18249
2049
11135
16905
9611
18194
31243
26469
26041
19462
6132
3993
20107
14215
1226
22345
30756
14077
5865
24496
20967
17164
20464
8512
14989
10077
21876
20872
24180
14242
25077
24667
20538
21972
16912
20527
3979
11711
12791
28099
29239
18881
12063
11013
9096
25807
4664
8498
11730
7608
1378
32319
16971
28590
10910
24952
13085
5122
1666
27495
21434
12591
818
1271
13168
31514
8075
8665
26173
10392
7841
551
20452
25137
19308
14151
9536
3620
9406
28691
6105
7594
1400
20534
24501
16255
7422
22233
6001
7071
19432
6272
7824
31821
14587
20526
30226
2138
12887
3024
19272
29348
12017
30680
9448
17117
1092
3625
26205
7054
9284
11315
7520
8539
30612
21599
19916
26504
10232
7853
12206
1468
28429
7323
5020
15109
15672
13386
24905
16925
19676
14044
25686
15084
30160
13856
23402
19789
21776
23921
32132
26901
7346
20955
27024
18258
8220
23936
13369
4304
28789
27194
2047
19938
7513
3970
2953
862
28113
14225
572
8426
9602
8132
23308
9334
10788
14405
8594
5898
7478
9960
1375
18114
15856
29011
27537
25111
10106
4706
16036
22623
16219
32458
28810
9111
26676
23804
25341
24417
19630
29772
10772
20809
22193
5970
23828
17996
9943
3472
27017
27035
8224
16470
7318
30876
23527
12003
22154
30770
6676
28109
7347
20286
404
13731
32119
27238
17670
17616
31392
19733
32695
6338
28152
13250
24273
16972
7190
11126
27343
22857
26999
17032
1332
21379
26065
13995
28285
17107
8611
17452
26708
16009
529
31348
18438
31757
1775
14804
3383
23239
14108
16002
20693
26429
10001
23774
8266
6523
19897
21242
6390
21176
7044
21338
22492
24118
1975
11512
4507
31082
2054
13451
26273
10077
9828
21257
18331
21330
10522
23915
32303
1705
278
6576
11758
13827
29318
5412
24964
27047
11174
12258
30770
17701
15830
408
1919
12857
11504
31626
1322
13041
2264
27610
19810
7954
17749
17926
22841
20665
17439
21682
14679
1086
17721
14504
10475
28509
12672
22813
19688
21400
29573
10550
29549
4055
21144
26314
26500
30034
1061
13930
11536
25520
26436
16542
14593
28784
7819
13426
31178
7561
31782
21297
17429
25421
29738
26993
30645
4499
2343
22863
28892
19477
26365
6652
6542
9751
8176
20601
12117
8522
16382
26014
4407
5103
10863
15713
10725
14911
30127
29525
18997
30475
14681
16497
2002
1952
660
28179
29746
12013
25250
31300
16329
7144
19382
20798
7549
3885
12294
16428
31321
1000
5922
1328
23941
24566
7556
8362
1142
28487
4712
19384
3938
11911
10206
14329
20983
10493
26909
31895
7244
28083
27418
21636
4120
24535
27481
4611
22050
26209
20739
27499
18424
16118
17466
1319
25060
30732
20393
23810
4380
22096
16479
31394
12857
10564
14301
2385
21482
21293
9325
16132
4586
2092
5046
13461
7215
2219
5006
4948
15973
23290
5391
15294
31642
18490
1517
18828
4667
8315
5126
6384
31807
2593
20283
12571
16290
24716
7551
14338
8981
26104
13613
21346
6900
19617
4511
6913
632
23339
5628
56
29998
12354
21073
20142
23719
27006
7908
10854
1649
12681
453
12028
22087
31107
4773
5163
26757
24997
20715
31635
14559
5413
8197
19385
8529
7514
24060
15440
17753
28705
18508
30647
15717
15743
8946
30146
5767
16520
21958
29629
31344
6015
29707
11694
5020
26430
25157
15579
458
19928
3658
16268
29359
26750
28060
11794
13035
28831
13814
264
19260
13395
1061
3289
32242
28154
25881
13955
14499
16160
30012
26010
19999
21157
2563
22415
3238
27162
6594
14386
1113
23149
21956
9078
4591
15305
10907
29812
425
20664
6837
1459
24200
26763
10032
18087
16829
16635
15087
19063
13921
11024
19438
13316
1382
30530
9938
8998
32206
27871
6341
1848
3354
20652
27520
31448
15366
16079
26537
3304
25459
23532
20832
6872
11685
8591
4885
8232
14254
18890
2716
7976
26410
7711
11395
1795
18477
11679
29091
15099
1914
11860
17141
7926
23798
3549
22439
19770
31324
30040
14703
22901
21041
17541
25376
17664
19195
18471
11643
2148
12974
12206
32327
22046
1639
1556
28068
31391
25180
12805
21916
32151
11795
16706
32763
26739
22739
839
26208
22052
14937
14124
14485
12323
27595
20681
7452
15538
11506
6429
24586
25188
10659
11761
1049
17631
13182
9400
27128
7905
17372
21690
485
32129
23042
3185
15230
16568
2459
13875
10196
1311
19813
12306
450
23290
29226
23297
4221
28278
11762
9528
6251
1327
14199
5081
20025
29941
29145
4051
40
30672
147
31238
27047
321
22446
19113
25895
30923
7220
16361
28715
32178
26856
24531
13726
6147
19252
20852
4714
31444
3171
20799
18502
15309
6928
17583
21199
9192
10462
12589
4827
32116
20586
6707
17418
864
22398
2738
28830
21942
24968
19889
22412
5990
9802
6711
30930
6469
210
13932
15372
13909
27309
22011
25922
17735
14168
14266
19461
17214
9207
18061
2234
7126
3913
16776
3125
12901
28124
12115
21898
4225
20093
8403
14879
24002
755
1798
29702
1224
16621
8239
27274
10624
20280
16436
26888
21668
4917
30788
14337
30849
4747
25020
19564
13053
15641
4172
337
28888
4911
28502
3987
22066
31741
3734
14350
4174
24651
8712
21473
29845
23915
14598
16141
4318
9324
28849
20800
4332
22929
9619
22763
7480
2049
26755
19610
5873
32192
15048
9861
21826
9182
21889
7778
18387
9967
68
13694
8850
955
15109
18700
30387
19510
16185
7869
23797
14514
7228
8081
5416
22867
29424
13548
16108
31683
5288
31724
4027
6440
2372
17146
10794
24659
16541
1439
31339
12346
29475
23193
15383
5801
30148
2095
3370
10036
1296
12993
12880
15984
19355
22947
28767
1379
10147
5676
7972
18744
29683
20745
22882
31543
22535
25047
28184
27893
25457
19698
30467
7368
30844
4999
14436
9854
18958
18929
11779
11343
28883
26690
26996
19471
23447
2335
9625
29865
7924
2770
13160
12232
26670
18074
9198
13271
5979
21061
21396
21036
17607
1
15010
5504
13718
4208
9985
9379
939
19194
17221
15725
31945
28775
3819
23544
31992
15277
11230
25100
18475
25862
9536
21211
10015
23366
4968
30447
19334
10092
16679
31840
16229
11895
13904
26442
25531
17787
19319
26238
16995
19443
11000
24696
14139
16473
25404
19602
13446
756
28215
11383
9871
15090
21045
14809
14992
4534
16343
7271
3281
14451
20824
15353
532
27642
20245
782
20529
27344
7501
9593
31230
4484
14117
16215
17009
4415
23279
24644
23305
29853
19371
22223
20841
26299
19406
20523
71
28818
13635
8231
1924
8323
21168
17759
3996
20530
24058
32180
23617
31896
18443
32507
29251
25684
11731
10226
21683
24642
7820
15736
7496
10831
5955
2045
29697
1676
22420
25911
10764
641
29621
8726
31719
16067
18358
12539
16069
30409
12294
4133
32051
15099
11066
29803
18171
4364
18698
3121
14409
28298
2716
28309
31756
16819
6150
2793
19871
31883
28430
11366
15785
22059
28467
26142
15938
13916
26354
31539
14935
32612
1602
5959
15439
10784
23137
27443
26606
26707
14034
508
19322
16702
12199
25091
19485
23665
2300
20091
12683
28384
16324
15648
5348
32313
4040
21542
14044
28277
6892
1136
281
3502
5556
5123
14045
4656
7432
11450
6372
16082
6452
17211
144
8583
21043
27177
13891
8240
6445
26012
1804
18356
11070
4814
23943
4435
12665
30743
25086
4663
557
4379
26068
18764
1894
11074
7716
32594
28343
26216
29093
27953
1591
11734
24017
7308
27338
15729
14150
13976
27554
1842
18796
13615
18181
3286
6488
10784
9296
471
20464
4298
28476
18842
3920
24041
30816
9706
14189
16815
32503
10661
24056
20503
2020
17333
32134
886
9715
30274
8173
19794
5986
3622
2033
10616
23712
28322
7712
26441
11348
17743
9466
7509
26785
14935
30805
31531
31144
28900
23552
28014
12623
27609
7591
18476
7233
10945
3574
27500
25655
4868
5377
5638
10101
31073
26084
23224
27031
24472
5542
27509
397
14951
6500
12032
10469
21432
28587
21690
4168
7449
31013
23225
7496
1644
17528
14873
13657
11488
20843
11671
14876
30240
3915
18011
6884
27594
6797
17174
8051
27426
32180
23885
20484
32008
31093
245
7823
27175
6169
8767
13640
24432
4132
9653
3688
14023
14900
3718
14641
14331
7723
26398
28716
26108
23440
6138
25782
11336
28979
8379
25530
167
10256
26489
14272
19736
9590
4697
27687
13835
26729
8034
21934
4304
13892
11916
1082
7760
15011
12826
467
24059
24191
31018
751
3329
6811
18571
27635
9669
18719
30158
20471
29583
14979
14496
19657
3712
4527
9815
26677
21452
11105
3018
21124
11811
5326
6502
12867
17008
21900
5502
23878
21702
4271
2275
8940
31127
16691
6581
2979
26408
5530
2168
12719
31553
11989
874
5928
18729
18024
17428
7490
17362
32714
11040
210
22608
26890
20074
13
3215
28344
11610
3474
30278
18179
32624
13483
7719
6175
20768
4815
9049
24042
25313
2668
13095
21198
32385
4836
10490
24553
14011
18901
27268
22635
17675
10654
21567
1088
31169
2335
18966
15856
29269
18624
16481
10179
2554
20660
20759
15400
14453
17535
12607
15703
21296
4021
6824
18486
25738
12293
32218
3705
3442
24695
4172
31758
9524
2546
2776
19384
2962
7425
11371
20218
24855
14550
21761
27958
6568
17296
19665
7702
7516
22457
3012
25387
27534
11027
5420
1236
29744
21140
15283
5730
7009
1967
24977
1401
6978
21205
2307
14521
14342
16188
18680
414
31305
31711
31245
26021
25507
3526
12219
689
20860
30599
20943
4780
546
31245
27163
21105
28696
21144
31340
20458
30642
6661
28348
25461
31454
10576
32680
22669
30533
10071
6436
2470
17043
9184
6509
29528
24850
25566
31807
704
10878
17136
17993
8996
12565
20011
17630
20181
7917
31769
30189
10074
32138
9729
11315
22730
7088
9833
17327
19578
1398
16602
31318
28376
17052
14051
16649
3223
20254
11872
6340
2829
521
19709
20504
32729
22158
11509
13531
27592
19285
3872
3614
7418
19476
28204
29279
31808
22879
22314
19968
18889
25282
11085
11768
3326
1805
12015
8905
15274
12015
2517
20402
23646
13766
7348
31269
10260
5302
20468
11643
28434
17400
16307
18151
17681
18037
26893
32168
14495
5012
15515
15235
6594
21328
14905
22897
5086
8333
31245
5269
7896
17836
18117
20336
2940
10077
11551
29528
12060
20916
9391
1574
29306
23424
13789
18480
18409
5080
16685
28279
19630
11766
19395
19745
6572
24393
29990
1577
1857
9157
31300
4181
26731
7294
27062
10856
303
15477
27974
3737
15419
14257
19630
31301
25546
26770
3491
24033
25032
8035
21778
18738
19254
4142
28074
26560
15057
21204
6042
8584
16110
10588
1436
13297
24233
140
11058
22273
31294
24246
16431
17105
2743
13525
7546
10558
1224
17881
22287
30690
25335
6206
14150
30275
6911
9699
32600
5193
631
15898
4383
31990
26287
19963
26141
16721
23515
767
30656
12195
1907
31690
31972
10982
27097
31559
8346
5755
27453
20986
5672
10779
12222
29074
11857
16912
30417
24254
20950
32677
2535
30018
1340
19931
32330
12874
22992
7773
20040
30974
28649
29366
3476
1366
28269
1474
15593
304
5014
10594
240
28576
17142
11380
16484
25223
13497
23811
28020
11879
10795
31418
32361
4213
19322
11679
22920
31472
4796
21758
14394
31666
26675
17058
17770
28933
21456
13899
31535
183
26615
11613
939
1393
18818
23254
8499
26180
30984
23426
25007
3205
16735
31346
8516
27611
28511
6570
8241
20630
14057
4890
12279
26690
26920
9680
15293
14460
24599
17259
12274
30725
17220
20947
1332
32277
2515
13607
29297
15346
24005
13815
2636
29888
17531
6068
18370
10139
12405
29540
19981
24547
24672
10906
24520
24535
12112
1702
20821
22886
14922
22537
31356
10561
32517
10796
27476
18485
22513
24401
26727
26296
31097
18633
29201
26306
21637
3943
23337
10206
580
54
13027
22912
7464
4455
1525
18329
11058
13197
15097
21865
32111
17165
3603
6804
10435
11727
28627
22137
31717
8506
19293
11711
5803
21600
30663
26160
1672
17013
22722
5323
3155
27014
29309
29204
28489
24935
29894
18607
342
24302
371
12845
14480
30558
12800
5670
516
14374
8313
8072
12726
26316
30618
7214
13283
32036
20022
31413
25481
13765
20949
23179
10794
15549
1185
25160
19660
22660
4739
20546
2628
7983
393
31067
28340
3046
16779
10782
83
2200
24334
7691
10604
16365
23912
302
938
19325
31781
12279
26770
4671
27562
10565
27473
27460
13592
26308
8120
22693
22899
3961
21125
28346
27652
14491
5860
15244
11259
10405
19765
17037
24921
20649
1808
24711
269
28647
27782
11219
23645
5534
1706
9419
24456
29986
4945
19073
9130
16431
17941
26546
22495
31613
6816
11253
17835
404
7207
25912
29850
10210
17972
28013
12579
14859
25257
8321
31442
16256
2306
28302
7591
16211
8922
24145
31417
30282
6576
5086
17438
13106
4588
12178
12303
19829
22301
6474
26440
27119
23941
3026
12974
510
31959
29857
11316
24792
18495
31683
30463
2850
10147
18454
17097
17598
5673
21433
7811
10468
10745
25794
24126
2164
18756
32303
6219
650
12421
23840
32161
2899
11782
22083
4480
21792
13990
10127
1108
20409
14299
4661
13788
12788
19187
20691
8843
16774
11679
15851
16431
19736
9137
16021
3536
3230
9765
17776
23259
23524
862
478
2432
873
21683
3953
20568
881
27946
14752
16203
5462
9603
10175
2993
22303
10617
1326
26551
21843
10820
31184
26884
26384
6754
1726
17053
4183
22167
6973
22022
24234
24627
30190
24491
29657
3219
9797
17022
13081
19946
16956
14048
17494
31042
9289
24773
25034
11709
17805
4371
9167
16673
2126
13900
16113
21907
1703
16493
26696
31907
14718
31766
21509
2953
2999
10474
586
1198
11687
20281
20031
14959
15564
6365
29538
3869
5051
12641
32030
30280
22105
29033
21664
6973
3662
22861
24806
20685
27575
7944
27928
11856
32283
21329
18716
32234
31137
25095
22629
24589
23680
29138
779
18495
2230
26376
15649
14110
9725
3533
6211
21921
24571
12159
4974
21920
21689
5969
7444
15255
18262
18997
31600
30119
27389
30208
3864
25565
23060
23496
9169
13751
3510
14737
17318
16612
26980
30505
16444
13644
12023
6737
26208
21072
28377
17949
4066
339
18549
18846
1958
31097
3820
446
29688
20654
9738
4714
15136
7659
11128
15095
5686
4276
16435
18878
17976
8678
1596
29450
8026
16815
9874
3893
24221
9950
29533
1037
32163
9053
31340
23932
30914
8699
7137
22889
15191
12655
31019
27353
9821
16538
20533
30810
25918
28685
5853
22945
1256
7371
27304
22642
292
2128
10420
14528
15395
16850
16878
3094
5210
13510
8068
21557
3217
166
11166
14591
14902
32242
21065
21907
28150
5237
3763
24762
19087
18121
22686
13442
15839
5917
1551
31016
4161
10550
30022
30523
32282
17844
4851
21759
4015
8855
4263
17168
9018
5377
24457
23623
23868
4157
17226
15585
29460
5633
4443
5342
977
31728
28765
14760
29509
10851
11225
31477
31578
14441
28721
16110
26538
2317
726
10641
12105
19927
19132
21332
24805
4757
15627
21259
5394
13914
536
7947
23263
30152
26259
2448
21165
27275
27906
23644
27457
9254
4973
22433
29975
15858
8539
6177
32761
5731
4606
10388
14033
2958
28331
16970
11708
24808
11661
273
22111
12881
26777
3673
3710
6225
196
1942
31946
24993
372
9190
12283
1517
22581
23796
13343
13784
13486
7964
4658
11329
9427
17616
28142
9412
16732
24890
13796
7044
32373
7714
6604
14888
29879
12563
15130
5668
13911
11193
19410
9274
1181
11150
3996
1344
31128
11446
29467
4131
31249
1062
11643
15660
957
17676
8265
22146
11190
5483
27016
4593
24876
13830
23553
30697
18520
16768
20954
15306
16818
26305
3434
26974
29028
8860
7244
2983
23294
15534
28850
12508
25963
2953
9468
28590
23332
17426
7562
20943
15011
22567
31950
18357
27419
10373
7589
2460
10598
3561
2023
2506
16703
32118
4924
23574
26289
19543
11314
13995
17359
22181
28557
28682
3750
3467
4063
7758
15216
12456
14680
15284
7947
14004
26590
29786
5545
10599
25440
327
456
30870
22120
13484
14181
2208
13040
7017
10092
8
22903
22483
24436
6243
13908
6581
12713
30325
18761
22421
6409
19863
19291
11576
11732
21083
26337
872
15933
16499
13788
25844
24422
30671
31366
9465
2699
29958
17966
14944
6782
10487
578
29864
15699
29616
4014
28133
11868
18063
28772
24073
19544
12710
12092
13155
24551
24676
31231
5221
9793
18802
8638
11946
29736
5596
30057
30520
1307
881
10909
16386
19149
18028
18620
18097
20693
11860
19011
8355
2215
4640
26712
10292
4547
18335
17571
20285
21036
10775
25951
31451
29468
29741
14257
19570
5622
28932
3128
31729
21884
18601
16869
10071
26434
27567
4877
15222
29026
25110
14524
23030
26738
370
22605
24734
2483
20040
28471
30159
17803
3260
12586
15953
11830
17513
3163
8275
16056
15249
18460
14252
3606
11638
29103
24423
17093
16391
2908
29823
23139
31935
12737
13799
6565
20683
11114
26061
14481
22635
5793
4128
7917
31130
10631
6736
17655
4593
14436
85
3158
15305
30268
25330
9553
28320
9123
19259
21567
32446
8145
18261
11070
16407
4089
17533
3112
20596
4311
19019
1731
19662
9865
31544
26424
30202
24223
32351
2247
2188
22645
13952
16568
19445
10177
27210
30101
7406
17768
16858
13974
30490
662
15743
26461
16870
12813
2496
21475
25781
31677
21664
16563
26170
3733
2080
19286
6948
9370
3590
12046
10241
3382
221
16839
23132
12754
28221
15690
7465
18599
3660
10420
3172
10704
5253
30246
27636
31396
32184
10431
1493
9028
32594
5831
13174
17008
31711
7213
5728
5023
8397
20788
17433
31566
4467
6505
26952
11672
17234
7896
10265
8967
28570
3455
13795
20394
15856
8963
31753
20583
3182
26274
16414
659
30955
7529
5964
14784
3965
20135
10486
2006
16957
27809
1180
19302
3658
30087
3839
30778
29201
8359
19078
20017
6347
27617
32481
29258
24390
7515
1004
7678
5609
3446
13270
22739
9203
19712
18562
28718
28675
31659
10285
8552
12765
25277
25938
10789
4459
10250
30154
13025
14082
11551
25912
18380
12519
28353
1700
21464
21010
30870
26982
21008
28209
16673
5446
10539
5872
500
20961
25953
15992
24608
32079
17533
25397
30961
13826
18484
10461
9944
23537
17077
686
4777
11510
4481
21239
25862
117
31357
9177
11291
26175
24389
23887
18829
11446
15044
7276
31916
4657
7426
4068
23792
9634
6460
32206
22691
6774
23098
22184
3035
5052
20701
31132
939
10890
12536
3585
16794
13212
12384
5669
4948
2111
15431
8010
4768
22125
6341
13038
24978
15418
7864
27984
30466
12911
3022
23855
3901
2676
6368
4309
5369
883
19074
29780
5775
15034
12248
25872
7012
31585
939
7805
28072
12589
25531
25642
11332
693
4695
3327
14605
22211
30252
21443
22334
18685
19547
4320
3621
20933
16590
16747
9244
9565
24779
32607
17851
3663
7113
20265
11596
18188
18051
26218
24191
5843
21580
20472
19040
13780
15010
4390
28549
15510
13061
13381
19084
8854
20234
23658
10949
4145
4779
18034
16171
1987
2273
23364
28569
10769
1653
14166
22074
6628
3858
19315
27970
17143
4256
31419
17627
2067
26829
23019
21858
7289
26860
29662
16852
3200
19459
14164
7811
14719
21279
29171
4110
19693
31723
31883
22159
26311
1409
31902
6422
2866
14208
24352
1367
4962
8031
28795
6047
9658
14337
13782
7949
31029
12169
27543
20990
26628
16239
19750
1737
5497
19156
2548
25773
11043
14098
3005
8455
28987
12952
29194
7368
17982
24053
26361
30247
14812
2866
12608
25235
20241
1893
10096
25836
10642
8835
26743
13298
10858
26998
32105
25854
16357
18031
18560
12016
27821
31614
25953
22888
18995
11104
24224
11321
2640
25752
23687
29466
15405
25281
12563
27039
22624
31266
25920
9064
22615
24963
11142
17561
23802
20031
23460
7817
10380
5787
23452
1215
28626
20054
6655
28186
18040
4481
32106
13903
10928
29073
27985
5017
29724
14515
22523
5291
10734
30559
22990
15082
1102
4144
27085
1241
7420
13811
12127
31956
4918
4094
25938
8194
9948
30915
28191
12677
3794
2724
32112
19955
3750
28425
31455
21258
3954
9136
513
28575
16388
10821
9123
28632
61
22067
19539
6555
7095
11449
29731
11590
6058
2880
31657
24225
6161
2028
23114
23057
8200
16497
441
10766
12665
2856
6842
4310
4087
15970
32556
10851
10986
508
5446
27291
29421
24371
28705
19400
7796
698
22902
16711
8626
25866
10410
17028
23994
19706
2823
550
19172
24719
8525
9606
8818
14357
5737
4198
19315
10094
4996
6368
3816
12715
13631
14236
22310
23257
26173
2118
32379
19485
17123
11839
28948
32260
27227
29075
9758
23828
24799
10284
13356
7335
26420
16197
1241
11257
27508
31009
27566
383
30481
13052
9286
12410
15895
18242
31663
31949
13233
24575
10516
24843
18415
19862
6553
15061
12998
13751
13191
4451
28761
11915
21673
10848
21110
6705
4086
24827
19300
22126
28271
29499
21980
5280
14155
14738
7765
28148
850
31926
20869
2009
8071
23980
13348
23733
777
1061
26611
31958
23611
1806
509
23467
31011
17251
22044
32052
3856
5444
7104
6071
9600
10058
20460
32181
10304
19483
30849
25628
25813
5692
11455
22718
30491
8743
1801
32002
26924
18078
25576
22745
2691
7998
4691
23028
16994
9559
22830
21301
24944
19195
30224
4195
13991
19541
31049
21025
27501
11068
8996
17953
27393
2312
9833
20373
22809
21157
29734
13286
23498
29414
29871
32681
15527
32539
20964
14287
9517
4581
14002
11035
31327
18505
10205
30682
7085
5380
23036
6606
2330
24094
10437
5227
13470
6338
5002
3398
713
22349
25348
27338
16042
32165
23632
19244
1263
4044
9527
26530
27213
20149
15794
14288
24867
5974
12973
27011
8794
14334
28172
162
7567
12265
18412
13154
13428
3346
15659
22200
17779
23624
28458
28436
18837
24452
20689
14668
2467
32378
9428
16342
11915
9582
12597
20539
12548
1609
19467
25800
27765
28652
9601
22151
22803
12228
29473
27502
12618
12702
24659
5333
1631
20925
26656
29230
2131
5418
31804
27632
1290
15436
7492
31444
25261
25528
18500
28484
6476
10058
23932
19728
28616
31605
25700
3940
32752
12503
20717
26871
17898
22033
11786
21636
16085
27605
20847
2430
23212
8001
31896
10496
17773
32363
3854
14083
19323
23357
11750
13267
23873
20611
1162
27076
30233
7490
700
17184
27244
19019
15319
15461
24858
19985
19288
18093
31772
8888
25246
11886
29800
622
25582
23139
11540
15870
11962
30410
447
24994
291
24784
21549
7193
4796
26186
7473
7162
19601
11685
1232
22344
17000
23072
17827
28998
20806
16440
24445
12941
1845
15972
23886
18267
14405
3587
12871
14382
25809
8339
29247
20626
21763
23843
26966
26679
3482
21003
22232
16966
491
11994
20324
30453
10022
6800
2637
7002
19675
14862
7744
7036
24253
31434
28967
31408
29605
30151
24398
28195
19930
32453
24004
1459
12431
13237
7173
22275
11949
8303
26837
24270
22227
19111
24175
3195
24731
14877
6623
11250
16160
20757
429
8623
15549
2311
24507
11540
1047
26519
21104
9476
14941
16327
22806
25261
3790
4972
32641
20133
25468
10463
27890
17465
29520
10484
23099
16130
6479
22832
13091
1721
7451
17974
26379
19787
10429
29315
11474
29488
19361
23899
15863
26105
12002
30211
19709
19753
24265
20273
15124
31046
19856
9921
20725
18736
29547
5545
32526
31153
12233
31791
26847
4948
20438
32346
16292
27259
24133
9382
12340
26028
8270
29947
26665
32300
25586
6112
30273
11983
902
24045
2564
17678
17007
14718
22183
18522
26411
175
7473
27568
13969
2948
8668
15726
13401
615
4286
2405
19678
28888
5544
8495
19491
28768
11087
32450
17940
32710
26025
30022
21519
23174
15258
25636
19363
25727
5072
8288
21144
32236
6380
2088
29743
21397
6370
29869
7082
32583
29602
32305
6159
3201
23800
18017
3370
13680
30128
15590
30161
27677
32767
4663
7020
998
13086
19633
9908
3883
29240
13289
11706
17737
27270
1601
25387
1228
23737
11449
19155
17888
5528
24840
5985
4361
23018
31212
5482
19988
18838
20926
18352
32590
32265
31561
6307
15603
26584
14556
17704
1257
12198
27038
25754
12974
7753
24866
12814
13200
20520
23867
31452
19228
14311
3602
22107
31704
13383
25717
2795
26677
15687
6770
17465
16319
27792
10789
32446
3223
25871
9934
19593
29987
24036
11302
22335
17924
21627
22516
17248
22600
10744
475
22731
10209
12249
9590
5253
11862
26582
12967
1974
21945
31500
14379
10228
6105
11355
7282
29892
7608
18957
22702
5726
29504
25272
27179
22961
9009
16741
28126
11687
20318
29937
6720
1450
6425
26292
2909
17767
28140
17505
5415
6610
3210
16685
4113
25450
22020
29236
21465
5566
16192
18968
21669
12336
30376
30699
5714
13305
4639
11599
27145
15213
22841
4059
10771
5760
32683
22977
26606
4234
25600
28078
16544
17223
9870
25074
19275
6946
11433
18145
22018
28851
25622
11385
25819
23430
23234
11077
10053
8734
32436
29824
22428
27449
6721
11646
14587
5206
24703
6728
10066
20853
7676
23431
28088
31262
25007
17315
22274
10148
12846
1835
11412
2219
8994
19576
6007
3560
24312
24205
6060
21544
30938
1858
1472
28564
6878
21666
21153
31795
25725
19857
31152
6064
3398
22962
22807
10334
8147
24711
25693
5497
24829
25562
25912
21679
14156
6492
16034
28894
9905
18317
26158
28192
13432
27099
1949
12037
18296
24590
1708
16159
22669
11491
21297
9924
1864
2039
17254
11279
26340
18151
26757
9512
6012
25014
4501
16325
32636
5743
28803
25073
14678
28683
5492
2061
2422
13460
13402
17428
28791
32395
26821
16931
11671
1416
27645
30264
17768
23072
29005
22329
24777
6411
7329
19257
6165
22918
18260
10488
32410
23287
1859
29352
589
13776
11302
11767
29627
5045
10016
32073
19011
13025
4244
24133
30851
14534
16443
12692
25872
6131
11123
28645
23402
3387
32218
12341
2351
30740
8220
25421
23438
4669
8457
26764
20735
19108
13547
24550
4913
18310
16150
23853
27972
21464
6592
24719
29241
15334
4115
14433
26535
23866
16001
12315
18607
28095
19800
12451
30001
15910
14742
13774
24896
31625
8190
15652
22740
13390
15979
4579
11199
9295
8037
6727
21987
3127
9202
2569
30625
6191
24494
7717
12949
6587
31518
17889
16000
6366
4162
23819
19077
133
13673
23426
32409
27171
10825
7672
12597
19608
23375
11253
9549
4695
12084
7967
25734
23240
21201
4026
2468
27371
30516
10859
3905
4415
13811
21313
30405
226
4032
31221
23442
26617
14654
881
18047
17746
10772
27792
21896
16712
8767
2597
3012
3559
6572
2622
23959
4689
19974
6826
19752
25952
25293
22712
11029
23437
18344
28226
20326
11281
22780
32746
24256
29002
28349
20644
28635
2143
19844
15989
9526
5159
11746
31866
3850
10055
19957
11819
27004
22939
16696
18401
2838
19672
29343
22678
6008
25711
3300
8428
19019
13492
15643
7025
28279
27967
909
23074
21910
17042
1731
23854
25512
6909
7393
18172
776
703
32566
4462
5279
11118
23568
10344
12375
31385
15061
3468
18898
27563
26191
26952
3421
18706
20808
11539
2335
161
10583
10995
30358
5939
3065
17987
14405
32658
4579
8627
24486
22679
9367
28304
20326
22162
21046
16710
19921
23531
5013
3875
7052
1290
14482
14685
25218
11125
28329
18775
4384
9272
5570
16928
30149
15754
22349
11068
11892
16301
13201
14504
16589
29974
31041
13336
28219
32206
23377
2947
6254
29208
6407
10465
18956
6228
27733
30516
14243
12835
12902
14533
19683
9420
631
4784
6666
223
9960
29090
13727
11544
11411
11234
26211
14469
31836
1166
10629
6123
13065
29736
26901
21095
11093
23121
30395
24913
28223
31955
7849
18277
32168
30693
26318
8997
11549
939
20044
16505
31986
13053
8493
28057
11152
3945
13393
5932
28943
13947
7595
28594
6408
23611
15534
9759
28324
22264
9985
28616
12025
6212
19834
27011
30103
14144
27978
5130
22365
28698
8565
28577
8082
15571
10374
31481
25393
27462
12928
6483
24195
21606
19223
9192
20723
6343
13344
10889
19231
1632
17479
10115
9003
2959
7680
10949
858
23389
21184
16453
18143
9988
18028
5535
6384
4270
26386
8959
2589
15232
3287
23362
4064
7383
5680
10072
8821
29393
5205
12525
27883
1040
7155
16456
17276
3258
3617
12659
21530
31940
28054
17564
17738
27505
5145
19899
14133
25621
23608
1909
23292
28703
4925
3392
5197
598
18270
16585
22836
10083
17972
7827
17459
8080
24431
17888
3220
17871
16327
14292
22782
26622
30774
4568
8263
29801
1380
18237
3209
8337
27491
7713
5240
27948
14748
29591
16114
11116
2825
2818
17624
26500
22181
27842
1309
23657
9249
6163
32540
21717
30937
3121
18223
7570
4358
27841
10621
27893
14645
17772
28435
25513
23544
12493
31031
2733
6107
26253
9976
29344
29081
29900
14602
22589
30352
10435
10193
29218
25459
27304
8124
19413
9023
4306
6100
21000
14960
28190
13973
29724
29300
8081
30972
32485
22880
23871
20449
5293
27106
21099
10119
26235
28534
16623
3442
4757
31453
29663
26744
19523
31436
17769
30491
12502
19681
15359
2070
28137
23258
697
8502
7399
6153
16628
2155
30669
29443
5440
25375
19249
3993
14201
24518
18820
23817
1587
7607
9108
23669
859
18234
2644
11155
1052
4578
32224
10151
6144
6429
3516
15534
27480
18185
28252
13532
10461
16265
2026
7241
7831
409
25155
3304
10750
13022
4675
30392
12128
18817
3138
14398
8322
2110
32734
6962
22154
184
8443
2425
17180
4112
521
3667
15556
2485
25478
30678
27284
1150
7363
11419
4878
32246
490
2487
21060
18423
27456
23788
31549
29818
16808
20257
10395
13229
13417
21264
16507
22598
31792
27711
28573
30231
20313
25137
24517
20195
27498
13277
11616
369
22496
24415
24683
11998
17967
20974
27793
2615
13060
5134
31891
1608
11469
1542
3309
5550
25467
16533
6583
12596
25990
28129
25545
6236
11826
11952
4386
59
26898
24538
11403
9354
3786
21503
18551
28411
16152
21877
18734
10441
31766
1156
6698
27283
10937
26070
21185
15978
31902
13609
3589
10281
9990
20551
31209
2052
2847
20024
24997
2916
13189
5814
14171
8179
19208
3553
24826
7410
28848
10292
19555
5843
3326
31416
3786
4356
3189
7031
4959
521
9049
26164
7470
24013
32439
31065
8260
6714
1701
32561
13844
25095
5579
5975
12569
27089
18978
29807
5052
7022
21244
531
28279
2942
24645
10000
26939
27970
5896
30675
31759
30898
12084
27934
6907
30409
7841
29440
22820
26660
30030
25603
18232
31179
20205
17575
4364
15439
32161
21263
7812
20757
20998
16123
15284
497
9330
7670
3140
30454
890
28625
19993
32397
11192
18255
12081
7109
11468
27426
15055
20202
24481
790
8665
19545
4594
9613
25214
5522
2828
22827
4891
10383
19925
24274
21600
14677
15373
22481
11951
10696
32468
7256
24260
13251
22636
22064
21915
31080
17217
13224
28558
28597
550
18131
9919
22360
1506
25840
17589
14277
19435
6698
22346
4229
6769
1410
27844
13521
15774
12553
23362
1375
10781
14930
5978
31868
10457
24359
24064
16475
28679
17019
13737
12205
19814
32160
2737
7281
17861
20922
27386
10510
19911
3444
9431
31647
32739
31473
19752
15246
29614
27142
28870
3428
6749
10918
29985
223
17541
2973
27687
9542
13606
12673
24424
14329
26088
23014
22136
8524
24740
24274
7317
13205
21030
3697
2442
24708
14898
11017
20947
22707
23748
10031
8706
18814
22684
29244
2402
11541
1786
26875
30681
24783
2215
16036
21267
30146
9268
29198
26332
28560
22918
8992
13518
25987
20115
23689
26413
14813
31078
9648
27407
23401
11113
28910
30144
17750
25059
14844
31076
12613
32704
26791
19678
12193
21649
19403
2801
6703
5331
16510
27813
5350
10100
22924
8941
4352
27795
6948
29574
1617
24968
7888
7458
22232
17956
13226
18118
4244
10041
20174
32369
408
29277
24587
2814
21090
30444
24286
5451
6761
30796
9120
27803
8949
13685
24830
27193
19507
2480
20906
14431
18569
2718
28240
85
8743
18301
16332
17373
16095
3495
8602
26063
22070
22107
2189
9729
3515
16832
8644
5225
12183
17191
24027
16262
12134
25233
15454
8699
28997
14193
27523
4990
1836
179
4120
16624
22655
32252
18874
28621
26591
28212
18248
4295
11078
22338
32663
26030
10835
31510
25191
16019
22242
7661
5526
4653
21472
464
4756
30076
7774
15198
14359
13995
19683
17356
9232
7995
22791
27690
27101
8542
10045
5608
30912
29857
16625
21656
18064
26062
29907
23797
4782
24081
20850
25893
21819
25945
11788
23099
11912
9217
13732
3840
27342
10160
10326
18419
28192
28542
18152
18574
7325
856
7329
17867
4842
6821
7006
25063
17120
5673
15842
5478
18561
20778
9326
10583
2865
3538
24465
9945
32547
213
23874
24542
6929
16468
11308
29999
22064
6656
2377
32177
16995
5250
27570
13030
5806
8219
694
18102
15854
14983
23081
18032
15816
2600
6398
12044
2528
13408
3609
5811
5963
29503
32606
3969
17478
11870
28430
10121
26664
6922
19283
10777
8085
10149
15385
1600
10485
13898
800
32398
25892
27312
8783
1563
20587
3921
15436
28362
1968
21963
25417
19663
11753
30342
18977
13167
17879
29591
2979
12039
21488
740
31789
8272
23709
25481
14718
23777
4773
8827
27845
14582
18921
4715
29437
24175
595
31470
24445
5404
7945
17114
3275
24631
7654
6643
12210
5426
25386
26055
8340
20404
28016
30166
20225
26334
1505
17142
4999
18386
16552
15862
21452
22902
24997
29058
11483
19829
31078
31558
6076
647
20051
8279
15431
23539
26152
206
26169
12882
17321
11958
20616
16789
11409
11304
15092
14409
3019
5300
32223
19482
17380
30211
4190
30614
1473
7099
13456
17716
32653
21155
15919
19349
30710
26376
10084
16137
10649
25183
26592
15445
29370
19499
16936
12468
11577
29217
31536
795
17089
31626
12332
25281
20803
19434
16035
24287
29603
30943
29381
11188
689
22347
28670
14541
25178
25525
1995
31875
12064
2541
29389
6341
24519
4079
8220
15640
12113
10250
3805
27099
25389
28226
26135
30928
16812
21746
16066
3800
19636
17590
21537
23294
5304
29575
3666
18103
14311
14120
6948
31592
24996
22210
2344
24873
24119
8139
6411
31433
5826
16939
14626
17170
2422
14242
24391
28494
4614
14948
13540
15114
5724
3847
18765
8473
27532
9631
15955
9692
1798
22056
8982
5825
20495
15396
28954
25354
9586
30084
24477
29136
27506
18636
296
6471
13828
30323
24421
6979
25403
14728
2352
19195
14852
15260
18160
16397
24851
32731
26920
15043
16925
2428
25929
7573
11592
16732
13515
8175
20704
24293
10875
7732
22859
22581
12823
11010
19775
7548
11800
17848
31282
9126
26575
23093
1298
571
17843
28131
29495
10371
15354
7669
16278
28141
11110
21228
20535
433
8802
19808
24553
32181
13389
28669
12340
8366
23318
27340
6031
29575
5897
11187
16339
24070
16616
14400
10480
28333
16958
21666
17374
23006
10224
7160
14807
29763
17173
28111
13252
11373
19463
21733
13813
18363
15290
19251
25620
26238
20301
32555
16732
4954
27103
32319
16646
25072
18596
26786
15108
24761
15672
4690
6386
25141
25139
13654
20298
24902
32253
6468
30423
1238
2020
21511
6764
1728
875
2015
3285
494
9701
17065
23310
27583
31299
25185
11955
15531
30507
8933
13496
3113
15178
14588
23642
9168
25578
7830
597
19901
12743
29782
23640
25142
28702
7245
14518
22668
21000
29193
26206
24390
14854
17358
22797
16251
8157
28963
24002
3968
2212
21136
29555
30916
17691
20135
7166
5367
27198
16449
14690
9842
14362
4618
19247
12243
25312
13120
8251
12007
29240
18871
20631
32462
10967
17697
5057
9561
13908
14220
18203
4023
32055
5932
14492
593
26452
19803
2502
16370
30295
14046
16088
11307
28319
31082
20036
27894
592
21094
17507
20377
12963
17139
20328
29901
23425
15658
18323
2080
7505
13988
1959
1688
6414
17472
10653
22681
12956
8992
31642
17160
19804
21237
16671
29617
14078
9597
5247
11494
13462
26442
31895
21609
26098
1476
2745
27021
29483
22129
5353
9879
14459
25460
24652
20842
25678
24916
20445
32612
15260
12799
27490
20611
30837
6415
21151
26060
30430
1355
28873
5869
9179
4977
1085
11041
25293
11827
20082
6484
23806
28543
44
5000
28539
9987
13811
24951
11042
10737
6340
20089
6907
20479
30470
11945
17612
16819
27071
16195
6119
31709
23048
26193
15943
11365
31423
5511
987
19526
2683
21611
18466
6875
29125
13753
11768
24154
4485
15365
32176
3486
21946
29090
28002
18217
24686
14275
17286
14697
24810
4320
1986
24634
27430
27227
13825
15277
25475
10596
10181
25607
21180
32538
10174
7949
13850
18418
25499
23167
8168
31325
12320
12259
15399
26789
21369
21891
3459
23064
18894
8377
30341
16233
14359
32106
25353
1619
306
32465
9715
20607
12594
28030
24350
4520
13051
30366
32149
22781
1036
24700
12806
18887
23195
26696
25971
1867
29159
11544
2091
6130
28874
19500
19705
935
7821
4726
9371
12673
23041
26457
3445
18594
1739
21682
2951
6239
25856
20501
23709
19361
1778
10585
15557
27530
22857
16982
20230
30044
29013
29677
32335
1943
5538
17481
27310
27234
13517
21093
14018
30508
16023
6862
18803
9107
4920
31147
22496
13189
31990
3578
19353
22181
26613
25116
22799
13552
19537
32148
23113
11936
32362
17420
16856
21328
22911
17816
14860
21602
30847
25663
17512
30366
28955
29368
27988
18203
17696
12401
26642
5987
32260
18134
9971
1234
9918
11215
17355
3903
6107
3466
19618
735
18895
11132
18604
14693
8585
16546
2428
30318
27466
25357
7284
25373
30646
31901
28800
27906
3884
16653
1028
3137
12115
17711
12050
13552
18165
7033
24033
30656
25617
6593
20346
5600
2091
11333
11445
3102
5863
23022
2916
22864
4822
24022
12750
1010
7312
31239
11871
8976
26627
26502
6045
28263
7178
1936
2142
6599
20546
14883
11320
32699
7449
32192
28730
24428
29223
15472
11225
12739
9922
27141
22061
22990
30924
22434
7006
13413
28112
24701
26201
19213
19021
21476
12999
11804
4946
16510
15167
14878
20043
1236
22458
19576
29467
18703
8264
11083
17515
17923
10242
9371
577
32109
25664
10417
10964
18297
5132
25533
15775
22920
15318
6848
13492
10799
2409
20393
10323
22147
13341
28862
20667
27796
11598
5950
23104
16183
13582
6469
16286
9993
10007
29423
7821
21680
5123
19136
14997
6244
31424
5444
8740
17071
13886
7154
10718
624
29546
27478
12852
25638
17248
27760
27448
22123
7644
11607
2735
22463
26610
7457
10344
12679
21248
16135
13517
25685
10208
6341
15800
10602
21090
24640
30088
11642
16633
11371
12403
26799
27828
11627
19486
14320
7536
12282
13674
7010
15949
28681
145
15919
22110
32425
18291
11143
31141
16171
16938
21733
17982
16262
19940
19860
16858
28666
22002
24433
11119
32243
21276
23794
5422
22064
21816
21607
23222
4644
19195
2176
18311
21661
31758
21008
441
22947
26980
20240
3310
15779
1996
743
31109
16333
2242
19433
5136
954
9611
21021
10504
5714
8321
21315
12480
14829
28843
28693
30616
15800
19344
24270
5747
25691
333
9961
20331
7640
24294
18987
8899
6326
2778
32483
12316
28256
4090
24433
14316
28360
2682
13061
20781
20303
11081
13225
10066
16617
1438
30082
21631
12668
23252
21330
11257
15498
22647
1090
2268
3856
31903
16095
29964
17070
5244
3426
15469
29703
2355
14132
16471
6251
28392
25521
8004
22196
2588
23085
1228
26477
16186
820
13780
16442
8300
3862
11522
3699
3507
26019
23412
17683
6967
17204
25009
16849
12764
9963
21727
19852
7701
30267
25655
31724
253
31146
29367
11847
22436
5845
30998
15809
3238
27573
17405
4280
18435
12066
25204
8031
28970
31381
22683
11176
5975
24882
27290
12392
13343
30726
5082
19382
31818
13197
32374
10387
13024
15991
3820
11217
12934
11691
22553
26669
8459
13709
2916
7615
319
17532
14649
18580
5892
9887
30137
665
20903
5858
13743
15546
12400
24891
30662
4940
21879
31282
3578
16808
15034
12192
6989
31001
15725
22199
6587
7929
29585
6978
31855
13846
32712
21550
16951
30555
22376
330
3126
23980
11982
22091
3289
10513
32757
30483
25356
7447
24391
18739
13741
32371
4786
32430
9024
5097
7935
15872
23013
11884
16223
2910
27528
31879
31559
22336
12888
11515
20094
22045
22906
9386
6005
1397
24062
19379
16342
533
7186
13791
21343
5015
15477
10812
30961
4392
5679
19975
484
910
22656
30415
926
10345
4374
26584
12132
15032
25218
32446
23663
9376
32493
4954
30787
32361
15111
3817
20796
32458
19777
32363
28522
16486
3388
9290
28575
150
18305
19772
5317
15209
31090
27754
885
18665
2433
17106
23494
24480
20383
5610
9571
8283
503
14726
16865
3886
23005
28923
22863
7608
1281
27525
29966
10920
14057
24550
15587
6784
28318
2896
2634
28058
17573
6021
17933
30568
21808
11325
17430
6911
6806
12232
4481
12503
19457
31476
26870
31180
5222
1073
16694
17257
13755
17907
10739
8550
27748
25688
27365
24687
9966
22027
6426
5672
26111
5224
5774
29293
22669
5857
12283
13790
2127
7584
19698
29083
10865
3949
26155
29772
26764
28371
13850
2149
13781
10878
22466
26536
1173
19688
18382
2027
28633
20277
31710
9499
11626
4955
1055
11393
23551
18821
27422
27972
434
17594
18398
12847
20145
697
13864
10421
30774
27432
10530
14642
16313
2542
19491
13428
31332
18654
26054
31354
11463
27797
28989
32379
3789
22693
25064
19499
3054
24307
17702
29241
5031
7773
13932
30236
20007
13472
22932
13583
2380
18297
20343
22106
29133
10507
22717
13012
27833
7041
6900
21926
9504
30708
15328
31313
8719
15503
18194
11251
30914
17905
4540
27078
28438
14290
4292
29929
8765
22762
21783
11107
1461
26126
8768
5221
20091
8349
21305
463
7804
7194
385
27382
1100
3866
8814
25764
8986
11105
3781
23137
5860
16712
10376
27889
26855
12898
4879
6686
10330
30558
12634
4536
31579
15663
24230
23513
15402
23915
5438
13421
30357
13809
30612
16370
22963
9167
28560
32125
29141
9571
22568
6654
16058
26560
25905
2244
31234
17234
15733
1348
8677
27590
31493
25110
7205
22308
1489
18752
1345
8254
31861
20919
32748
26702
8022
3619
6333
31707
29166
30947
4648
16092
1636
24913
11437
9248
10080
15943
16207
13293
21533
2530
13384
26088
17088
2693
15867
21044
23784
11553
22570
32222
27270
21684
26985
18041
24303
17168
6355
12549
31791
32478
11259
8214
16544
23266
294
13618
21180
641
31159
24954
24368
12160
26858
27020
7473
27918
23237
24745
27923
3077
18252
24339
17688
11373
1525
30649
24710
66
5467
12566
25852
11126
2870
1367
29189
25914
16523
11708
20206
15994
3616
15680
10965
12710
11571
20092
8963
24504
4203
18633
892
7795
18703
165
30163
15336
19574
14168
4675
6975
11711
15831
1788
3764
8130
16104
18875
4832
21317
29831
1949
20282
1396
19592
18229
32733
21131
16511
28892
11404
8406
25821
12616
20723
14299
29531
27233
23087
22486
21660
9807
7569
25957
27917
16600
11423
32133
12561
15081
10844
1469
17499
27762
1482
3225
10394
2167
15788
3674
16220
10085
4496
29164
9004
19362
17421
21016
7166
5223
21066
26363
13006
4818
17599
9143
10371
30007
32064
23656
21529
31928
9783
2138
11263
28949
10033
29817
32446
1733
17052
31240
7900
27461
16590
3478
1536
27568
19530
14894
13142
27024
25407
23759
18741
4595
594
13339
11776
2754
27805
6227
13386
2639
13560
28547
3645
3373
27767
12794
4156
7748
6708
4861
1735
25892
24654
8637
9119
28314
29233
30342
17963
25473
16408
16440
8987
8667
31697
17915
3915
27681
23232
12591
29162
8919
14631
13218
8667
15458
677
24070
12891
28446
1020
15010
29413
16812
2583
71
9810
30089
29259
29062
13637
32741
4061
15392
24518
1202
2756
27838
12845
2043
7089
19170
16706
18807
18765
12574
29090
32350
2753
13700
20069
23931
29564
13917
13053
12675
19504
7966
19553
26021
15646
31127
13676
16482
28052
8046
12927
16543
15540
8140
20590
20728
30582
11606
27290
17752
12273
10335
23642
22214
6614
6491
24992
4482
4157
12183
27353
26961
10404
6184
26644
26645
30516
16674
20327
10912
26695
23818
25230
8138
21288
14989
30678
15809
10777
17521
19002
8609
27547
15821
5323
19781
14569
3701
32085
30556
13766
13241
4671
8639
5496
10575
24499
27138
30997
24205
24575
18504
765
3035
19259
12380
17320
31849
2604
18686
25506
8221
20585
11643
11987
31184
8636
28033
25860
15801
18123
16176
29599
13353
29944
6004
31926
13433
11653
7315
20295
19521
6140
9986
13503
26315
23502
17533
14268
2248
15674
29014
18455
29761
368
31758
24610
18640
24055
18210
3886
29711
30540
23847
3409
1617
13004
2841
15462
16272
24531
29937
14932
26791
31782
22645
26772
19649
6030
29268
3309
26386
6854
14706
28546
6341
30103
25729
6671
31541
30786
28113
7280
8799
23582
2409
31331
25496
16258
16726
9870
29819
6373
11331
11972
30246
25924
29258
32132
16550
5573
5130
21698
687
153
10234
26090
2448
22822
508
11043
17767
29542
31030
26065
23953
22154
16413
26205
26981
25316
722
312
8482
3843
16306
21789
6949
32
3625
18071
26976
441
18374
21700
11015
8315
18325
11096
26252
27749
13225
5604
16334
9771
1272
14425
24206
23512
16748
12488
6434
14520
7222
1643
14189
3189
28774
2537
25102
19840
18872
2774
4568
6834
28593
1657
4994
52
9963
13267
29600
924
7342
4316
26322
15192
12479
21776
572
30032
4477
27946
22582
12487
24105
25648
19780
28546
17286
23983
14664
8749
18082
1352
10486
13306
12787
5995
21385
31115
22693
26467
6324
1810
9267
1683
6876
12727
8245
28927
18820
16442
30841
25358
28681
3801
7508
15502
7311
10868
570
5368
29499
9967
10893
25845
16803
13528
30899
26914
26242
14921
29547
8720
25009
29456
30049
5520
8274
23566
31488
13613
22862
28125
647
3577
3587
27318
12895
9613
822
17297
14764
10315
17999
22669
7970
19686
4805
6291
29209
4389
11223
17462
4580
13283
32381
22494
32607
4187
8094
24870
27848
16034
31363
17282
32720
7541
17292
12325
31217
10549
801
21794
15105
17456
19692
2001
21000
21538
30533
28276
4175
22780
26350
27930
21177
24803
17153
22980
30038
32124
9510
15303
9526
7783
6665
6769
1147
29961
1548
7919
21682
17807
16953
3438
7012
18735
1402
22913
29927
1457
28172
22979
2426
15919
16177
24253
22674
24857
10021
12554
20078
6011
8532
15032
22513
22915
18634
24562
26801
11326
12011
19164
10060
27810
2660
11967
13307
19409
21089
18022
15721
24732
6657
4552
22469
29254
16390
5863
18965
24715
18130
10743
17870
19681
26767
195
15522
26878
15277
5453
18586
3738
31633
7092
23140
1142
18827
3931
8686
5277
31241
6984
25908
22506
16907
25034
14678
23242
22743
26463
20973
32579
25070
9428
23199
16438
13118
1198
3825
14817
19353
20425
1117
7079
3430
19775
23205
26388
4503
6539
18022
8220
9947
30959
10736
21155
20756
10515
12373
4419
23819
30190
7872
20809
23650
5609
20488
18432
7627
4418
3717
11571
30072
14511
16419
1773
27091
28485
6324
25219
6254
19351
18059
7892
26429
21538
19782
11216
22019
23273
747
25399
1034
15452
25399
24227
15895
1406
11570
28361
10397
17735
32519
6140
23089
3399
25619
14323
31294
25997
2364
14539
14330
14279
2948
30031
11672
30123
5341
12920
960
32405
15168
21040
26940
2161
22009
9051
13044
4059
15685
29464
14364
4997
10270
17220
16044
7897
7254
19009
3088
26592
9443
8181
28193
1123
17018
15381
20565
31312
19039
10659
12594
12126
10107
5045
3081
31732
12719
3961
2784
25928
3944
18294
5296
17092
21875
27668
3025
21165
22803
3423
20658
518
26705
16904
23757
27570
23700
16300
2522
21210
15217
18521
22851
7310
22980
4431
20441
3247
13568
1795
14789
18956
30403
4714
27329
28107
22190
17267
20104
8715
20083
1238
23946
5063
21551
15628
18917
15357
3835
158
30865
17424
14781
14755
6874
2412
10309
26756
31764
1128
8853
25091
22410
5744
2687
11900
19127
867
32630
28266
14265
6714
29854
26668
11266
20715
27941
8970
8017
22412
21206
13171
7904
26300
6891
7304
14559
19775
11555
27359
15394
232
16661
27776
8215
14012
9668
10804
10490
18004
10099
1536
7244
23683
1979
8940
6529
16697
15322
31240
27385
13479
25934
16561
25393
10148
14499
1041
6715
21328
18057
7653
8043
29687
23337
26243
29524
11064
26553
18459
24050
19814
10830
5949
29993
7726
2034
21659
26478
16506
19703
15377
24261
23958
18315
17634
4075
18321
28812
30533
18900
6887
5789
15136
6488
9052
16249
1043
21801
2091
13191
32440
9736
864
26543
9001
24376
10371
14701
20675
15155
32374
12579
22314
20637
28832
16052
4237
21366
23372
9294
28972
30355
14155
903
12311
335
10465
16556
27960
28030
30175
12373
30867
8610
9996
17213
7885
7010
22729
9297
7915
7735
32501
32007
11613
14953
8207
21489
10299
16442
19354
14738
24782
29536
20422
14192
7762
4793
29260
13674
15866
2107
12442
18764
5173
21802
19248
9377
29488
3725
8266
5321
31388
32226
6591
18763
5297
14865
12841
21612
17523
19615
21830
6656
10548
14116
8094
8320
23386
27903
16742
30813
1634
5448
2213
11668
25637
10502
22165
30595
32090
16802
1100
6906
21341
11164
31387
12950
22319
4477
311
20810
20925
21261
2326
13119
8549
23749
30236
28894
28854
4999
11255
26667
19063
10381
25160
20564
12011
27040
1027
11145
3668
24970
7704
2831
19638
23757
8531
22928
13021
9877
31616
8118
28833
4588
19412
30456
5225
9005
13960
7859
7150
28091
7111
26492
578
31218
13770
26805
28432
18270
25154
13406
27429
16171
6902
32046
15919
10973
25005
25314
22981
834
9038
22742
30120
11172
22086
23250
16713
27970
22570
25638
20107
18178
20125
23801
6601
25952
3957
29150
21275
22186
21529
2472
19669
20335
15405
19840
13137
4917
25458
30516
29167
21866
3815
22994
26969
9885
13621
22646
23308
16878
26185
16224
11796
20163
22083
13129
28950
27325
3983
10999
15764
4075
4177
10000
24685
11069
22279
7212
27555
30523
8810
17197
5473
28406
26772
17363
2109
27967
18792
28043
2234
19480
47
29320
5137
6248
6271
22805
23601
11763
27233
5930
17668
20360
8626
3133
18164
3964
21706
19802
23214
7256
28252
30582
21029
17871
28317
31745
17114
19955
18345
7098
25948
23208
22818
967
3594
7000
20250
16645
8992
30440
26675
32157
13298
21995
26372
15576
5490
23830
12991
2356
10232
11252
27409
18615
10819
29659
29514
11139
15803
31519
14526
26795
32760
24709
14443
15685
23944
13051
2012
25024
493
12678
25933
27000
2278
18299
4879
16520
21744
6386
558
15327
12043
13176
4178
28567
5057
14084
23779
16258
20837
2861
31088
24069
23449
29849
31058
11561
30738
7865
9356
13807
10400
28083
20982
10724
30312
11424
11419
8950
628
27640
26719
5510
32623
9290
10725
10430
30889
28977
9647
26917
2658
30851
14983
2416
28484
20939
2846
9628
1841
506
23284
15417
15167
24409
12919
21001
25345
29122
3695
29641
3849
8976
7833
2639
23722
21460
22418
13525
14083
10314
23543
7573
10552
8587
203
31894
9731
22275
28953
15557
26732
25638
13530
30535
20948
24159
7960
14606
26936
26441
26452
18090
24500
12066
29222
21090
15942
31613
3363
22660
8405
1590
8707
5625
8818
18603
9476
19740
24285
1833
17033
19661
11595
12453
4103
28096
30822
26285
17441
31259
22422
16798
14866
13121
19839
9494
17484
27112
20427
14508
4702
23666
31785
22751
11803
20346
7829
5197
21497
5293
27867
2342
10935
29659
6998
14047
7747
10829
12030
6187
25050
29786
12450
6439
23921
21813
9585
15828
2644
4361
28863
3275
781
3400
774
4652
19079
2880
31275
3800
3699
28911
5891
10208
26859
5144
11286
10813
25941
15254
27043
14017
19595
19185
10980
27213
31801
19503
10386
22085
19846
19436
13484
23873
20214
15277
25461
18437
21902
20082
17852
9908
10554
906
6239
21056
20589
21419
3346
8741
16135
13378
4189
10839
27771
25864
12516
5496
5425
15318
3051
28495
11049
25274
25369
29558
14818
15434
16252
13394
16762
25144
17870
11848
19734
29223
8183
6958
18564
7357
8146
6656
22815
11002
32564
32469
15859
28104
24875
24337
31522
19411
30851
11739
21639
24986
30607
31954
23448
26567
11558
13563
5265
21435
29419
23550
30415
26222
20689
14739
19577
7542
31199
28983
13670
14949
1585
25635
20795
21592
3648
28542
21716
10189
2915
23250
3814
6325
8597
2749
8162
6859
13944
19433
26908
29731
31130
19005
30508
3590
16887
2133
27540
18429
25792
27440
10660
300
26971
11817
19099
19425
16043
21289
7439
32621
21905
25370
13199
7219
17587
4767
18054
13822
22908
7938
28002
22680
14948
30574
29430
6808
32369
1630
18717
21115
24061
12117
24481
8694
24763
21712
25179
19339
11509
31352
8859
1627
23575
22429
12234
17467
30833
28128
25421
7689
2105
30767
25517
23105
18895
17911
25333
16843
1349
22164
7260
14103
5919
18701
21796
17260
6231
29694
25794
3709
18341
14805
2111
29758
6141
27969
1246
11509
2136
23016
24063
15252
10423
17753
8771
5702
28773
31809
5105
15688
18813
16353
12441
13306
30125
10175
23543
4150
12345
19356
12825
5088
12611
18855
17604
1214
30281
31984
18453
13962
29679
30751
29284
31558
5375
6246
4973
28112
10926
17588
9906
19126
12833
11564
25883
19275
4911
7893
6624
14075
15465
16275
16040
7899
16471
18006
8947
30596
22533
913
8885
1314
28350
19950
12355
19912
6936
10048
13683
1543
10545
11704
4095
11198
6711
11613
11563
17203
15662
26038
2216
27235
17645
22473
4791
13975
32618
12362
16786
4152
4664
8716
20999
228
24654
17595
31590
10177
32010
19405
6813
18450
20598
10678
6306
9736
20681
29531
4113
9690
30001
6090
30231
24856
17871
16424
19086
9788
11523
27626
4969
5762
28139
7497
10067
22009
25638
10735
2963
474
28894
1015
26931
24857
14597
3860
23905
827
6366
22032
10517
16743
28864
13433
1012
21951
12055
18583
5749
31985
15275
16800
24386
22024
10277
24111
2017
29833
18895
12019
27795
22715
8347
29092
23420
16966
12135
6204
20229
4351
10623
20579
10111
10243
6499
7979
10249
1795
25803
25853
15027
3550
20969
24020
16355
7797
29166
29096
27896
4283
5327
26926
32302
11531
10825
23230
16321
8383
13347
25492
12886
8446
11699
316
20118
12245
3235
8008
11292
14217
16117
11588
3985
28716
19013
20716
9237
17263
28750
2204
25569
8887
31920
20999
29739
883
8177
10540
30794
30124
31681
29574
8219
2269
17538
11139
30115
29446
7175
24632
11766
11772
2460
23891
343
32515
13127
3921
20128
7326
15438
30705
3557
26278
27897
18152
22100
25754
1945
27350
31583
32310
28361
11897
1310
8775
244
13856
2030
20413
19736
29027
8031
13570
1225
21778
4173
22922
20344
29035
22092
1452
25333
14480
8266
23728
1331
2360
111
23849
23372
20900
21320
15237
10692
24277
8741
19170
27154
11260
1215
26659
22876
17970
17950
6979
25731
6249
20666
25322
5471
13218
9697
24126
25932
26465
25688
18684
6373
15966
8773
32199
2319
13182
7756
29376
32058
13057
3065
25686
31459
15357
32606
8800
11869
13835
15357
13161
20690
20288
27368
16970
12165
30303
31782
2559
14425
17740
14169
13235
12183
28612
16286
23325
29420
2636
3765
11535
28081
15719
11106
21580
8815
14604
7954
10395
28067
31831
28354
21529
26046
17791
6941
25299
31856
15880
27620
28820
17702
14138
2707
26876
1234
2769
12354
3538
28394
29686
27337
14235
13235
29806
15655
1132
17343
6674
7973
26876
27828
14463
8246
22525
13136
27406
12706
29613
3754
29447
23523
32168
26811
17937
25423
30976
2076
24813
8184
12943
18193
12900
3281
9100
15303
12926
21010
25181
13786
31221
20189
5548
13594
28137
26145
7613
15759
21461
4799
26623
11451
25026
1771
8417
29726
7867
23253
14310
23808
10112
3721
27132
14698
11135
25364
17930
9846
13823
20201
24520
17352
6047
4483
9427
1117
1023
10827
2049
31876
14269
14011
30449
20777
15011
31684
19943
11353
4638
7789
15831
23299
30706
20414
22720
30716
26925
28636
14396
18502
8537
27765
29268
11410
22006
24158
20632
19459
17960
10875
32112
23605
29356
10720
7085
10878
4624
7477
31843
19060
5412
28511
26363
3503
20396
2909
10116
10448
6487
18799
22346
10689
31477
14206
5034
9023
15332
16568
5924
12694
25547
30843
26802
15532
1163
3188
5464
6977
24691
8712
10237
31605
16564
8946
21369
13451
4116
15662
751
26092
3558
6678
17501
1903
11577
4300
16753
20183
29776
22487
15007
3742
28754
31249
14448
29169
4419
4800
26397
14843
563
5379
20572
24678
20917
8816
26490
17183
32403
13563
7082
15706
15552
8217
25757
20951
1678
11558
32082
19043
20001
22276
16688
28833
25380
26886
24402
17418
24762
1292
22562
20787
14264
21743
31017
3662
10513
27423
19237
24820
17554
5770
9820
12578
16335
11712
24881
11649
14685
5461
19701
9450
15425
1415
29951
6441
6057
21281
21503
28417
24282
16288
29583
24433
9578
5267
10763
3638
19375
3656
27299
27025
28535
22948
23470
14154
21753
10579
10049
29429
23564
9762
14849
24948
21911
16040
25653
32189
19785
6700
4384
8926
7050
12995
2189
5950
21425
23225
28331
23845
25207
12594
30235
27774
28843
18961
30792
14812
24104
3353
26615
11964
26885
4178
21023
30474
21771
29103
24826
18406
10092
29677
5468
935
19121
25278
10820
24352
12021
551
22192
27683
14929
3367
25014
11588
7575
1945
15569
5855
24899
26459
6265
8541
16046
22704
9974
20658
6533
8675
373
21802
11642
27182
25436
10598
17465
26585
12251
20897
1950
14758
30147
8249
17445
28525
26012
9066
12194
1540
28146
8284
2098
23137
29167
16224
8049
22531
20015
19830
9709
26254
8143
14100
19163
23221
455
8226
1033
28252
13434
15689
4628
1022
25484
21101
5339
14669
32244
31352
17459
3353
21586
7258
8413
7283
29058
12622
12725
15122
24945
16478
8491
27382
23087
13097
20215
30538
31558
26596
10761
13967
5963
9375
26303
14327
15282
20425
25947
24591
27366
4599
23732
14497
15514
17633
7468
30681
22617
21421
32737
678
32357
28785
22056
28259
4798
17139
27959
17847
24193
29875
31265
5306
31603
15915
520
89
7646
22869
4749
27899
12444
32110
24204
30821
30577
18426
4871
19162
11166
14088
30815
903
18098
6327
13258
17439
28580
5113
15617
8131
15903
11927
23609
28964
18461
29813
17493
23531
11703
9240
7514
32089
5947
1125
4899
4138
22912
18347
15446
1984
13430
8164
28054
26237
24577
26680
19706
21361
23304
1987
14782
13109
12489
29080
23609
18454
10351
26118
29199
7542
4838
22810
10920
17008
10990
8804
10209
6075
15214
23038
30465
13521
11
1739
5614
10320
29690
509
22689
6048
786
13274
17111
470
20774
3519
10761
10712
2961
25957
13215
27586
30994
5475
865
393
15323
1780
11822
31455
31204
2299
17648
27734
24453
6212
3023
6599
12356
32013
12709
8181
23020
25029
7090
24942
15839
18195
6546
15026
9388
31002
5483
16791
4068
27132
5227
5100
24106
5532
7026
31069
30090
21161
19467
23702
26636
13528
19873
24492
18056
25712
22256
4024
5563
3852
27577
31685
6555
21916
8890
13036
27368
23470
2013
28093
2820
23532
28336
26337
27140
26085
18709
9982
4871
10512
22075
18395
29382
28941
15820
29381
27757
14127
27496
7729
12458
27960
15955
20130
2819
25955
24938
24269
6508
31656
24412
4859
8729
25659
18198
31664
31633
17238
29823
27530
15108
29240
20838
1131
7390
5486
8888
8155
23452
26705
13815
5799
26846
25040
743
11214
15550
5743
5515
7838
12129
31632
21583
10267
4299
28657
30343
26528
29432
11639
16152
713
23080
2090
20341
31887
18298
7808
9934
1973
20924
24286
8580
22628
16514
1628
3295
14610
23925
31945
8963
26280
28654
12783
800
30691
5828
24599
31210
21498
29794
22480
11849
31874
24860
14573
1617
11919
6083
15565
22644
7965
4214
30175
15606
22190
32188
10340
5026
28724
8144
8311
4540
16176
25148
10571
27702
8476
30633
2485
29222
32263
26614
10730
11128
15487
17543
18057
20448
11443
30432
21724
10771
11993
23922
31835
15159
6350
10932
18801
12952
7932
14966
32131
3484
17537
20851
8239
29689
5774
31525
13777
9253
14092
31197
16204
1039
31366
32018
26375
10764
7491
4601
32565
29204
21426
599
13658
29486
14860
5524
7946
26921
26420
26640
1012
26253
9954
19642
2336
25297
7936
27870
8565
30926
25684
6718
26494
26996
16992
1893
17518
14012
14982
23096
2145
27357
32368
19662
22500
24515
27055
20609
4792
6845
16034
26437
6099
4214
10906
10041
2728
25894
21819
7292
32168
32009
32550
32066
9737
28945
29653
25639
31942
15320
21189
1219
28903
13016
29659
3710
3842
8158
27393
12709
16898
3772
28432
31422
4391
9022
10226
30745
32590
2912
10248
23976
28531
25022
5321
6928
12916
5196
17068
6144
8727
9031
18504
2754
27983
19564
19642
7440
31163
30311
5448
21288
32368
28814
5700
26915
15352
23247
2866
6786
30106
18919
23085
2058
4060
31701
18054
12242
30791
12431
13999
11162
14954
31475
4439
10590
26146
7680
30167
21035
11032
19014
21453
4914
19850
20379
9734
32027
22607
5904
21666
11675
12309
31012
626
30537
27630
17463
18853
15277
5899
1857
11172
11162
16326
29891
14394
25022
30694
29182
12280
2936
10783
9828
9688
5097
26841
8012
25632
1358
6707
23529
6281
5261
9542
21885
2977
2829
1198
22474
26478
715
25159
15817
20820
10411
8244
26271
23352
30988
29478
30413
4070
10910
29146
14759
7856
15224
15844
14087
27224
21605
10668
20802
32561
30335
32694
32603
13440
9984
20262
30583
32040
3412
24963
23953
11143
14195
15803
19055
11419
30829
23655
16085
32361
5446
29009
22264
26015
13317
28211
21045
9848
16648
8898
17155
17632
16026
7659
31527
4057
13000
13405
2087
31773
10096
20551
21504
4612
28826
28259
15899
29353
11531
27699
16510
14408
13592
2955
30016
13803
27577
20303
4159
23110
9694
5502
8469
14815
7174
4719
12615
1138
6669
4443
4800
27027
24901
7708
29310
12437
28873
31796
908
1963
10254
3857
22064
20045
30651
6032
12133
24285
5307
27327
29835
7051
24976
1511
32606
17014
490
9162
28197
19731
19576
14121
17451
24275
3838
28297
28275
1792
22696
9527
168
23016
16030
25994
15955
9534
20184
24680
17489
17341
9524
32267
26243
21518
22213
27653
5575
22252
10094
19586
25127
30854
15792
27342
27985
2341
18625
6423
24903
26894
19678
7027
16216
27562
2529
17445
6991
30180
12310
9500
5866
23507
22347
31420
12686
16793
27686
13281
16440
907
1980
15137
8631
27026
25950
25938
793
10704
27318
10572
18531
32391
30228
1264
28037
21303
26370
13162
29580
19719
5406
6322
11802
12902
10537
1625
1299
30194
3163
15746
32410
26777
25081
21039
9532
22270
16170
21438
7786
5662
5383
24243
1325
17203
241
31671
23829
15065
30503
28641
12659
2927
31639
25141
13511
26304
23797
31338
29820
22242
9739
23793
29907
14943
14672
10290
18718
19347
19131
22297
31790
14165
11225
11473
23822
1754
7710
3535
1010
24789
8057
27155
9066
26083
25898
7338
31195
11303
30936
25720
30512
7729
11230
23092
27341
16677
21735
1972
19908
9753
3002
1131
32076
2750
22359
15152
31087
27971
578
15680
31746
6006
2335
18055
31706
25901
22399
22299
28733
18916
18170
1546
26775
22951
5246
29013
19566
22835
16358
28476
22424
6488
2510
25788
9900
8609
934
25943
26550
28215
26118
19
815
17667
8513
24005
20780
26131
23613
5263
11989
6975
21890
21672
2073
27404
23184
21083
10656
29392
18806
4435
28417
11287
20640
29973
8502
8518
24817
15054
6477
21886
1554
16463
31583
25539
6409
15446
7622
6494
269
19471
28811
3967
30360
31194
31006
2087
31935
8527
13898
4677
1215
21631
103
14624
28632
9853
14802
17140
25438
32542
25498
17120
8973
23548
27260
511
26013
8897
16402
982
22422
26786
5191
10734
16486
21289
17166
15041
32176
30264
19028
20443
18664
21323
23602
28473
31517
24061
24936
21493
17173
10702
7
10789
415
9507
31341
16896
16421
1422
31350
32322
30081
18768
7409
466
3345
29212
20817
24738
25614
23838
24997
22487
12569
23612
14027
20779
2583
29852
11488
13711
31807
26214
3066
21268
27249
25035
31002
23051
9674
3398
29532
13675
29813
16673
12657
17012
31428
7228
29519
11154
14975
22026
7207
27268
7292
29148
10392
13757
14447
14178
21794
23819
20228
5230
2269
22902
10795
19452
22635
5227
22451
5744
13611
10778
29211
5918
7343
11036
27557
19215
23665
8537
4011
21762
15809
23593
11830
19122
11778
18361
9677
26455
14102
21425
16267
18287
23575
11539
4469
4542
11848
20326
23306
12692
11851
12565
4123
1614
19860
3858
1500
11295
9245
7102
30268
16913
11867
5389
19826
20806
10098
1509
30168
14724
21413
14024
5629
18161
20240
4531
29941
21786
13465
32070
30964
9018
12580
29476
29724
15802
22278
21917
13202
8436
17852
18571
1239
31036
31198
4473
9558
9249
22862
17163
20537
22256
20405
14234
24193
3706
3888
7966
11606
11287
18758
9297
16027
25579
29726
27921
18374
24680
28654
31238
8943
16148
8375
10630
22054
19085
20528
25013
9482
5578
27647
9713
24728
23715
29743
7021
26944
19860
11743
16667
5950
8382
28215
24272
32039
8238
4513
28579
14530
1378
29493
2966
17946
20489
30836
5240
2257
31243
1338
10761
32695
11465
27630
10592
22171
23462
11772
15242
19042
26566
8325
14196
4950
12566
18773
23306
18880
14476
2069
8097
30904
14256
24513
11666
21308
20827
29789
13096
16256
16318
4324
8893
11397
9127
18818
7199
26093
22784
3586
1337
23054
29848
16522
5615
1605
20263
9350
23369
32140
16780
14818
30164
15695
30296
22652
5957
17532
29840
8153
864
8410
18351
3863
6168
26267
26859
22818
8440
17972
19897
18731
31169
13420
16275
19286
17493
22707
24825
28083
13779
13750
950
28016
16132
16432
13412
9293
5110
22531
7986
27215
22246
22407
12773
16313
27235
11554
7965
21304
11953
13081
9946
14430
11884
14757
18494
25169
32365
30538
16533
14021
21746
21348
31634
19751
7160
16131
22747
11803
748
4088
27337
10025
21379
4656
4712
1715
3559
17217
7366
21547
4115
27715
17770
22659
19584
3553
16930
2788
21505
21167
15362
13730
14059
31679
22953
26480
378
31599
16070
1232
22384
12932
9435
3534
29439
893
28993
27630
2793
12321
27757
23651
25574
13659
32369
19073
4422
6471
5317
11893
10455
24461
5448
17460
28169
6126
642
11953
14416
15132
13612
23379
6346
18895
20210
14758
802
25109
19063
6993
32180
16105
19610
20552
7410
22024
6904
21314
19974
2048
23473
6766
13497
5770
624
24673
8339
21785
3749
31059
23875
18355
32533
2188
25154
9216
7829
10777
9652
26785
3602
25795
5775
32450
12245
30786
510
6643
22533
23469
26632
18995
26222
53
877
29774
11648
11283
2256
9322
19099
447
24859
28380
21386
1891
25376
21312
32077
17039
20604
21960
8219
15406
6593
17108
15527
185
11732
20675
26275
28842
22675
5129
14466
30004
29883
31106
13443
27953
29961
15111
14059
26204
2208
574
23953
30400
24235
11702
2208
19056
19779
27699
22681
14713
24467
8774
19863
31253
3898
20001
27607
17185
11504
23978
2423
29393
15469
10958
10622
3491
18311
4632
2077
10641
27802
22402
15413
6539
11308
19851
4632
27940
14801
29321
916
6284
21581
30785
28974
22718
26873
27061
171
10234
1640
25405
17621
22134
25161
4313
4731
6993
30351
26310
9914
12744
31184
18511
635
22188
14059
4326
7997
14867
2030
13171
24853
14671
30775
25580
27122
29980
20953
32550
12838
6173
6721
9451
2594
24970
16921
14412
27009
18467
3180
14904
12105
18792
28939
12878
14189
14603
32304
6640
27030
9382
32098
32153
9506
8106
24472
18544
11885
2967
13473
28189
336
12403
12739
26331
11496
14709
2979
12750
7321
27137
10084
20888
29266
7897
26387
30503
22034
28561
5443
20176
24235
1091
13300
9122
30662
29573
12986
19700
26919
15512
20507
6721
25394
12770
10808
12598
13486
26526
17072
4616
3530
31443
31169
13835
29789
17538
17584
31873
19826
19748
9067
22959
8196
5204
6510
31799
29958
200
11747
23713
30887
3205
14093
27451
16595
339
29926
20515
23805
22895
16135
29090
4892
6273
18889
13499
28147
12493
18090
11268
150
18605
25586
10421
810
29759
28566
25087
11500
14171
8540
9887
28533
25544
20544
19634
30524
10159
5910
21451
5468
24655
11378
27971
30359
1267
29125
24272
19355
15905
32200
29529
18053
32021
9758
28169
4516
10094
19509
13219
9087
11046
29037
7701
5145
3783
22140
11855
22387
20956
10769
4181
339
12710
2743
9619
30276
9745
24572
2418
11742
10982
20179
17448
27207
10562
19768
8148
2298
5447
6418
21450
20679
5137
5725
31275
24859
15852
22664
954
9858
20676
23324
7658
30826
26333
11679
16188
17450
1476
5816
19911
26947
6533
29332
5144
10981
12318
20615
30781
23221
2356
5111
10525
8397
19973
7286
13835
1284
1438
14638
17562
7536
6477
27522
22706
1578
32090
15602
25315
1617
20978
11327
2298
1618
4196
30160
23762
15206
6288
15189
30061
11356
12955
20138
7747
29592
22760
9214
4314
25180
24132
12084
27799
26950
17505
12425
24788
27162
22150
13432
15667
22210
23684
19163
23601
16787
31212
14674
7166
17106
3455
11496
22924
22391
9446
12020
8677
7472
22692
24894
3523
4009
9288
17763
31578
11019
3815
4987
6777
6083
14281
25592
32465
17284
7011
12497
11412
2959
9349
29153
21315
23602
24021
22666
10945
27022
22396
28317
9899
26014
5407
7294
29676
22389
6161
23171
29835
30663
22983
4510
11720
13995
19084
28476
23656
20127
10357
12396
9037
2253
17048
10308
2121
5773
31865
1408
13108
9258
9669
7021
9020
2281
31299
12806
20093
14407
24071
8540
24530
22659
10729
15419
1770
8796
7221
19978
3742
28188
16804
12275
11649
4565
27275
14660
17593
29931
83
3861
270
31954
20265
5932
4673
14105
6134
4637
27807
25768
32402
8373
18645
19014
10293
14489
22022
27230
7726
19499
21019
3074
18647
10669
31835
13104
5832
21929
5691
28244
9291
25744
26231
7439
30480
6049
29281
5175
8738
16652
24953
17183
26138
13144
16191
15896
8595
16386
3909
21047
9693
2407
26504
1625
17398
11235
1280
11621
9653
571
3702
28113
18249
2360
31126
25192
9442
9877
17989
14410
28846
22300
1077
28212
25863
2059
22198
6401
1771
8124
27343
20849
27820
31109
5005
12074
23784
22750
155
29948
22972
6081
17171
21097
27701
5207
5268
24165
17415
8656
5269
12122
32642
146
28664
13423
12225
8599
9954
13322
27941
14608
25803
5011
4098
25679
7889
19580
24983
26339
27730
12926
22852
17157
19897
28453
14839
12595
21912
22158
9192
15130
26616
31088
28294
32185
1005
6233
24240
22212
19309
23610
3369
326
15713
30758
4422
25995
22013
6231
17386
8253
2381
17010
11956
1229
19473
2827
31607
7956
7883
17516
30699
30779
20246
2706
418
8920
25401
20601
28221
21081
25596
21146
17375
422
30907
4785
21986
27906
2488
16579
6601
25394
23733
13664
18550
12770
24515
24870
8094
12612
5717
21894
22393
13050
23704
19147
8382
22582
29959
18263
16078
4896
5178
19504
4655
22392
24318
10940
10045
15996
3755
26569
7452
8716
12210
20432
30961
29452
11894
8315
14674
20234
9821
27492
15867
6432
10022
5664
22466
6684
25725
7036
5325
27615
972
29190
7426
13315
31829
15312
12991
29121
15742
9072
11211
25361
3947
2635
30349
17682
25042
27668
32636
29613
32011
7055
2775
11381
18791
15515
22166
30930
8387
8047
6304
863
24157
24868
11582
23696
8422
30068
2512
29336
29400
32193
18367
16522
19721
4440
23474
30910
10113
23288
19717
11894
3208
12174
375
17089
25092
579
28962
6304
23810
22968
22193
21608
21395
10896
12237
10855
24793
15152
8664
202
3937
29890
5854
26814
32179
17792
9928
13014
12584
30767
8403
8877
2812
9449
18753
1484
5028
7968
8015
12750
4194
1248
16230
11714
5910
21332
13717
2768
5207
9356
21567
12320
30658
31357
25361
7671
31378
15178
14903
27683
13426
17090
7632
1946
29327
11561
28063
29534
1264
16187
32003
4259
30218
3950
10025
12852
24719
21624
29568
32531
22408
32017
24173
26719
5283
29946
6721
13947
24782
15166
23656
29037
27396
11704
2786
10372
359
11733
24056
23870
24720
667
18983
5480
3363
7146
18017
22663
27558
6914
17013
7287
2707
17478
25035
25938
21163
15936
20052
7316
4494
16868
14273
25468
4745
8217
21235
25781
14767
16501
28083
26933
21803
32072
27300
13414
6356
221
14709
27523
30722
2044
8027
3141
20896
11699
25535
14016
8835
9303
13620
20103
12794
32709
23211
14103
27815
29933
1258
12147
24973
12946
21562
4363
5481
14155
26208
30178
8262
18638
207
2544
18764
28781
11036
3014
5337
8417
19890
16496
30931
26951
10439
24223
11068
22888
14223
13576
16134
31549
21423
4103
809
1459
11508
8840
22516
11435
26949
30247
28320
12869
214
9878
10027
7518
10911
27711
100
14679
27917
14891
20034
17176
9975
29475
10873
26453
9427
31253
21327
30224
5674
8633
27820
28512
30537
16243
22385
19824
17210
25980
4875
12234
498
2109
23880
19414
1740
4859
1129
18077
29494
12217
8056
23507
20906
18010
8412
30229
23777
30471
30506
7279
18243
5072
12350
22817
5793
23958
21131
32163
26662
2088
24751
26598
12427
18860
15178
11485
19595
31041
21777
19516
30103
226
27934
20864
28362
9869
17290
1583
32287
28837
31806
6497
1506
10646
9222
24703
21092
18103
3048
5451
28659
13940
28339
13600
7433
22956
5338
25979
11460
11352
27267
443
28054
24942
15324
13861
26686
30213
2990
19499
2807
32697
14388
3054
5359
14929
25133
22273
22010
6303
18992
24688
5768
23720
6208
9729
15317
31493
16800
3769
31839
19849
232
21154
14493
22820
5209
4044
19438
11015
13934
12434
27088
4361
1203
1822
23378
12618
18650
16944
12492
17686
22540
7962
15309
31500
31869
32016
25941
17535
7491
13726
13380
4636
6248
24186
6163
17357
830
22652
19394
20446
17650
20459
25873
25951
16228
4602
25587
3529
31286
23442
22080
4580
1060
1362
25514
9703
32403
12501
22002
8417
1900
23347
29020
17241
29994
30922
12640
20785
6450
32318
15778
721
31843
31422
11044
4481
18927
10121
23994
25365
23657
4273
7615
6352
8479
15135
13831
1411
17833
27608
11796
20213
25538
29823
29837
16007
8023
10522
3563
1304
27358
25369
7030
30247
26089
13716
20080
32311
2555
14036
7056
22648
6554
789
17074
18339
1445
23690
32460
22054
15592
3234
29220
24961
6638
27274
8896
29936
25366
10995
6942
14154
4329
23829
806
28713
20139
14579
17757
26699
26928
8929
5211
10552
8178
2116
25727
24613
3168
31130
11745
26649
4984
9658
2696
16206
5527
6748
1246
27610
20624
28123
10848
5006
10236
13882
13978
19231
18386
29030
27219
24707
21816
17082
25349
9374
8600
10696
1680
30750
5109
5719
22318
8100
15488
32168
17322
8996
18022
21758
18381
15502
15341
5468
28954
6574
20671
11409
7099
30033
9861
32626
31674
19369
16312
24935
18036
11762
5300
9513
4171
31062
32527
10953
12956
29966
28456
3829
19953
7115
8195
24439
15479
5204
15700
30974
2226
7536
12249
29217
15471
28934
1005
14241
7162
25219
7771
15854
8594
15484
13168
27629
19738
8597
13396
8953
7185
29857
9882
2088
15812
3082
6677
29391
22466
13427
12525
9288
28305
18077
28147
11506
18079
21639
15666
8826
20859
12762
27334
2905
31557
23427
31730
9118
27748
674
7788
24302
4982
16035
8699
19401
2957
10922
12356
15374
12952
29237
14049
22210
1055
4349
14260
30477
3124
18973
29563
31877
1702
6773
8868
28848
32375
10833
12386
9667
400
582
11264
12976
15540
1885
25718
28768
5043
628
25146
23613
2528
14048
13144
1012
3780
19543
15813
24185
788
4110
3056
13899
2529
20766
18331
2297
31247
23596
22249
32741
1032
23113
20408
26184
24497
5911
13616
16502
5790
29229
13212
26724
16002
32701
20089
21351
14313
7284
13517
25918
17705
30882
12219
29779
3477
24219
24403
25406
24821
14429
14767
29579
20275
6259
59
13757
26711
18969
8020
14994
14517
11424
11285
27017
21861
24084
29805
8354
3316
31005
21877
357
4185
27171
19457
3877
10283
8117
29558
646
18961
6700
26331
30269
8825
7819
14386
20759
26253
4266
29192
4413
610
14484
22347
23734
30579
30509
21852
31533
32591
11800
23653
7413
18062
24279
4589
4938
21513
17716
4521
24026
28747
28896
12437
12676
8514
8795
30276
23647
3642
28435
16500
11006
24589
28880
17638
13042
29075
1103
25965
9873
25696
23341
2628
5622
28079
25864
30372
16713
28569
21472
19350
24641
12939
16323
11527
742
21238
11689
15642
28572
14152
32157
25026
8797
8732
1053
2191
20806
13485
21188
23752
6741
30097
29734
9147
15985
12196
7932
13137
3498
15682
9345
14053
26819
5049
7707
13910
31725
8957
7742
4955
5846
23966
26765
28951
17890
31992
30019
14830
4280
21930
17362
14230
513
20553
16586
29041
23660
23125
17147
17690
8438
25451
25566
27966
19048
15037
14129
27309
25121
24768
9698
944
21013
8484
28718
19870
6166
2313
6922
29866
15955
3440
19650
13823
15646
30191
23776
16399
10738
24490
6991
27943
22452
27774
4800
3143
19513
29311
19021
11314
12041
16293
19036
7361
5474
17858
26823
6780
20352
17079
8250
22635
6940
14568
30428
23594
24371
19437
14385
24636
21768
21899
1599
12449
17004
18146
1519
13739
10557
10727
10935
8461
4141
22293
25974
28981
18628
13152
15007
16092
22185
2667
922
2267
23581
22778
24423
29248
12232
7082
5765
9889
32696
30176
30226
22704
9639
17663
26163
3856
4220
29662
16310
13159
26389
8825
9462
6069
18500
30182
25087
26084
19479
9355
6131
11680
10845
4751
14253
1128
10853
4750
4003
27621
16393
7825
28945
29307
31211
7485
12372
16927
9471
1866
1171
4456
18762
311
2725
10984
25577
15676
28463
32444
596
14721
1037
29282
8932
11917
17652
25291
32403
16897
3925
3249
8196
20870
4484
20267
27587
27140
13593
31871
32205
16149
2199
11575
83
14009
27723
18807
24507
23883
1655
15501
32744
21939
17072
1738
22203
6622
24709
8592
4057
8043
21857
27053
7599
13479
1459
999
23476
10684
6475
28632
9710
6693
28423
15613
2488
27237
29616
5641
29634
19961
24607
5759
32601
27019
8868
7807
19177
25960
30632
6368
30144
1076
30096
26496
11028
4573
4069
27096
24136
16077
21938
20948
7275
15204
28462
15073
5890
10149
7835
14151
19463
11055
18542
18361
28465
18799
18096
28970
30838
17941
2980
25827
31695
11716
22442
28371
11835
22286
1635
7718
15366
28575
14102
23577
21579
27064
21587
25868
3512
24032
16086
22488
2193
13526
8109
20324
29175
11721
9630
14963
19563
5323
12739
26048
8590
15748
14199
27725
298
5667
21366
504
29046
26266
24127
19535
13462
4107
32189
15781
1890
24701
31271
9830
15720
20180
23077
28839
24116
13056
2612
14849
10191
20084
4939
16288
6789
14554
9407
20631
29163
1285
30052
14966
12065
12839
16373
25631
6229
15684
24245
2773
20872
26342
19031
21910
29333
275
27
12971
15983
22908
4923
13181
24490
5111
28037
23210
20029
2351
841
4184
17030
32154
32373
12490
22926
17580
9471
26929
20111
9291
32387
22212
28083
3202
32046
7186
9247
30585
11738
24727
20784
1445
13178
28302
15620
10812
4537
25351
22589
31724
2782
9273
10497
32204
5363
4633
2373
29843
10790
9516
6732
7176
30831
28569
4458
20665
13427
13442
16910
496
5033
2452
2304
32739
12731
14045
31974
31275
25903
18654
2061
17015
18246
2274
20326
10114
29476
20366
2767
31810
16434
26040
12948
8035
31681
26493
9782
5875
26096
23949
12395
5215
30159
202
3173
29854
10436
23570
20567
4268
24878
16472
24886
29242
6217
16122
21437
16548
26450
7758
24243
31267
11243
31870
17008
19780
19392
5271
18846
9880
23403
23004
18237
18093
11413
23904
13801
29758
1886
12756
23648
7847
4863
16797
6975
1179
12718
19242
18444
13081
21443
30596
14713
28828
1560
16166
26855
26771
16309
4368
19754
11024
12973
28695
21132
21700
9283
31359
5140
29483
4177
4043
14856
30980
7147
2260
8624
22276
6975
13849
12893
3275
11967
6230
938
17943
15235
1880
14594
22584
17128
15119
13922
13252
23934
27365
4704
7819
23841
30542
26989
18893
23141
20896
30295
6315
12600
5670
5138
10972
12482
3183
3255
32673
656
492
22989
17659
3314
12987
14792
10011
21665
13501
16079
13338
8613
6382
15042
10218
27510
14070
11388
13453
20578
22267
4693
6788
7214
11706
17899
9611
8704
24278
17699
24963
28029
31087
3178
7088
3886
8951
26177
1060
2088
25665
21496
891
6380
19675
29625
6345
30604
24734
1993
21457
12559
899
779
16248
14871
22457
16070
20601
29377
16884
15783
11353
8653
2055
8202
23710
11007
15797
11637
16956
1220
29636
5989
23888
12569
23892
22862
15632
15785
24431
23005
11266
3893
16097
12672
27757
31801
24650
14888
6414
31437
20081
19534
32267
26057
31451
19764
32301
7468
27805
29293
22601
1471
20846
24223
24831
11253
9472
31624
1191
3606
25233
13631
9609
20892
29885
31420
10828
26590
22422
10139
20658
26091
8438
15133
6274
5049
25364
112
23237
30335
7510
3120
24884
23135
12134
13101
4594
8008
648
24175
887
19739
23851
24695
3276
13068
5309
12232
9726
5708
4548
10918
11469
13285
23083
18462
24996
6629
5593
23110
12494
7102
16777
17862
7142
26093
981
21143
22415
29914
22675
31243
29030
29439
1637
22030
4661
16973
4748
5547
12394
13515
9981
6866
18119
14465
7863
9560
25434
31380
11347
12095
8880
17842
20189
24120
27462
8112
2274
11878
32064
27250
3530
14949
10845
3084
22888
17547
18987
25126
26064
25965
15991
1189
29545
933
7176
7048
5955
30931
19341
19471
938
2018
14035
291
16123
2189
22075
4850
15542
27681
12908
4570
3285
32644
11845
14472
5468
3702
11541
18785
2610
19479
26895
23328
5935
9385
3576
22721
28790
23704
27683
14495
15621
8375
22431
11993
3978
27597
1967
24313
24952
25936
2682
20696
17499
7536
8452
11452
15721
19032
5981
708
32601
27312
27929
8582
30328
29030
25087
16374
23289
24238
15110
32394
15756
27207
21373
923
16947
8960
20105
14095
32081
10108
31956
24885
9988
23602
19076
12528
6325
17079
18794
27928
18670
22080
11132
21789
14699
4451
16774
29933
2931
285
21020
28696
11881
2329
23763
2098
23710
15663
7601
25210
23145
29740
25825
20664
11130
30673
5803
8556
12907
30238
26532
15140
28312
6096
10530
1838
19505
24616
14835
28527
14989
14830
28495
29587
31937
21942
2570
6503
26738
15714
3086
15490
1767
16616
521
299
19554
8277
5475
28279
22961
5906
31347
29618
31744
11366
3826
23808
24305
27965
15536
31556
9455
29480
29829
833
22975
23716
21899
26624
29527
6815
21642
13425
21748
14136
30644
10324
2151
31175
31379
7258
8623
3101
28223
29064
205
1293
10708
4061
26068
31787
7971
14388
2880
2771
26536
11628
14984
24173
7613
30917
3831
16368
22028
19853
23223
13477
19786
20477
25135
7214
7715
17246
24975
28614
4976
25455
4264
1738
27312
27915
6402
1145
6838
6663
12840
21240
29343
5210
22599
20376
9479
9344
20727
3164
4989
7968
29273
19126
28211
21996
24674
5010
31738
4040
13430
4245
7790
19503
17209
2727
26222
21971
29858
12719
19664
26756
25169
4509
25426
28243
12322
22702
4563
6135
21250
21227
13251
21616
14849
16116
10712
27626
3497
24571
13314
16867
31118
28947
10146
656
13351
23979
22007
16253
14556
25429
14040
16245
26720
205
11177
1441
833
22070
28296
21491
12990
23206
455
11462
5080
2789
13215
6078
30892
30066
2594
11766
21503
18375
11122
12634
795
16606
5681
13137
27098
11508
15928
3744
5376
20109
24972
14475
22221
22712
10637
11580
4563
24212
27761
31593
9734
23571
8945
13106
13330
15358
26178
15432
10993
32570
2631
22356
21436
26953
10245
20119
20417
22035
11351
6605
15575
7399
16099
31064
29678
9405
5452
19610
5610
3518
1706
10147
23218
5126
29495
27660
22147
4008
21578
26914
10635
13810
2186
18248
19891
32755
12379
17046
30396
23099
11933
30918
14477
482
8598
20049
26571
13004
26668
11989
26795
2858
1880
11450
24580
18500
983
17429
31401
16503
1059
17612
16117
15993
20129
10236
7335
8677
30748
21655
12016
26867
22130
5970
25803
1926
2957
20926
909
12141
15509
9396
14269
28130
18788
6647
10277
16983
6203
4373
16169
4723
18867
29582
7768
8023
26870
29752
28737
24613
27694
24034
3208
26051
6462
13624
8761
11228
8881
12775
23643
31528
4335
21249
13513
16622
19383
4770
26941
32711
22473
31956
18094
15780
7395
11696
16092
4882
18415
31430
31785
16317
7547
19391
26538
26675
20585
26177
21886
24811
12520
12563
19294
10886
18339
12930
5494
852
12600
19971
7539
12826
19947
1305
14302
28179
6556
16249
23464
2100
16374
24173
30726
14772
16618
8054
23679
15308
14683
4661
26434
3260
9243
9611
28094
1550
10007
4096
4973
10270
16590
5985
752
16090
27144
31661
15713
17351
32708
2355
29669
8517
2418
5620
8064
15123
12130
28238
19246
24597
30077
29916
17455
2389
3635
31128
9378
2633
22964
3138
27733
5716
25955
19974
7132
16270
32647
1625
1504
21192
13124
32548
19130
13515
16587
27684
12864
9441
26061
24976
22495
2199
2613
7677
23787
9408
9494
11136
5426
26557
28130
7186
25047
10492
11742
25912
11870
447
17874
7907
17411
8991
15365
10644
26448
19792
26216
32709
29678
19494
1298
13957
27324
7384
24812
29026
9758
8453
17070
19851
10392
756
22026
2102
14747
12064
19750
25664
17566
1780
22608
4883
11889
12499
17902
9421
5326
10587
24243
17311
11314
31211
21017
15986
12266
14434
18187
9937
6257
13354
25825
1539
3065
29814
26770
28023
15688
27591
6693
26214
11461
1205
13929
1203
32723
27628
8422
8470
25181
15221
29203
32377
9906
27447
13770
24226
6036
10941
28152
18963
12427
2105
11673
3886
12416
2249
24548
15517
14982
5626
4034
6897
30971
25739
17285
27017
30416
14451
16599
25270
8997
10788
19696
19228
13081
20754
15629
4188
21984
30575
27421
15088
28438
15161
25277
14166
19282
16503
23142
14960
767
22720
19685
17707
32615
17404
18188
2911
22033
28271
15784
16886
28237
20467
32691
6225
9485
20612
6346
24807
25334
22018
14305
11567
22711
24371
28213
24769
21914
20488
23170
32696
27736
21281
5238
15450
23090
29842
27750
2043
25661
23016
21313
11038
7934
15207
32450
10462
21558
662
7657
29068
31487
12798
12715
10394
30232
31278
24041
439
3198
8194
18079
31036
20540
6181
19806
27591
26499
31701
17148
20773
27645
15078
24970
7798
21599
12042
8838
5003
7230
29775
17746
30611
7715
10985
6629
2295
21473
1586
25537
9346
28966
19695
26916
26565
3153
11989
643
21178
18819
4940
15924
11431
15353
17778
27755
12357
29081
8547
10087
17186
23754
9912
11245
15428
4233
5197
5622
32271
698
29000
21925
26473
18619
10070
28795
24603
575
4664
25294
1146
26202
10367
13687
13384
9944
8595
7116
2261
7635
15610
11726
30313
31109
3799
4771
7398
23130
30129
12102
2986
5961
7542
11645
31923
7269
13248
28427
19206
6063
12630
16679
10321
26671
23798
25646
21967
835
27474
15253
25708
17462
24664
14881
16426
23060
5558
24154
2755
18365
2718
21309
2448
10809
24774
2353
10921
14667
10932
23356
25934
13897
28472
5239
31109
15658
1594
27071
21253
11233
12981
15278
4947
5098
7684
13513
1835
27170
6237
6139
2849
26843
17051
21315
9096
22576
1344
10921
19347
12438
30906
3958
16314
19380
8933
30628
18271
6005
11730
18836
16818
32603
31687
12287
31186
22
15494
27183
1589
6485
26578
27759
14153
4572
16688
25792
22875
16854
18667
30669
19897
22381
15962
18977
16147
18841
5989
10648
29991
27957
4422
27411
2974
24664
16013
20592
4144
16354
13927
2746
19471
23381
18719
11420
15491
23271
24037
8476
32465
3029
24015
31366
13154
18169
20509
11685
7201
9631
3009
3385
31269
30869
8735
6566
28304
13697
26385
30954
25271
20087
14894
10961
15235
10187
30028
19820
23575
8228
9283
1471
15282
24274
27124
24762
4823
23650
13962
16491
25516
22895
13056
10609
24993
14267
1508
1204
31825
27006
21850
10579
4525
27389
10851
17118
2903
31327
6495
26566
27468
444
21457
29713
3014
26488
1891
31826
5729
14543
11818
27865
30332
25264
13354
10535
19170
27855
5661
16293
6826
27382
23920
1429
20827
6299
7567
12104
18004
21176
22114
14481
21355
25559
24599
12667
16085
22124
17443
17207
31814
16744
10115
344
2392
17163
10824
23363
26929
7674
24658
16864
864
11409
18268
21910
27145
7802
24121
12407
19266
13439
16732
8375
4540
28316
28830
26467
30886
24665
8764
20303
5838
8023
18207
12369
9482
40
9313
12972
982
5475
9740
26319
17470
9464
20261
1344
14335
1986
27369
27347
19689
10075
25430
9503
14215
3636
24813
9010
12546
15845
6071
24196
19523
16321
25990
4138
9816
9134
9597
17996
30233
24884
23762
28121
16139
20179
9427
9337
11140
9114
30247
26308
21008
14069
14679
28337
27156
29383
16525
22097
13233
11192
3739
21181
5867
21457
3902
6989
15883
15174
9380
20746
12097
21394
11821
31334
10638
10441
27759
26411
18657
1322
26236
4274
13697
29428
13415
19029
25258
4220
21252
22054
8315
27259
25840
12770
1296
20652
1233
12320
28907
22679
3295
12750
12952
679
30628
5086
3472
13699
15871
9533
10335
923
22127
14597
9730
28417
14734
10483
28307
8059
4060
23579
27432
16086
27838
9690
14584
28541
15047
4365
6079
4426
15669
27520
5988
18587
19135
9642
18649
31657
9614
23191
30276
14869
5257
5157
9820
17092
8661
8051
28437
7149
8860
1431
23423
29040
27662
31887
26859
11626
22950
25722
24401
32518
2223
9481
2286
17302
27910
32560
3377
1506
8993
10017
29400
1983
9040
14970
3415
2532
14915
26301
22905
17914
27341
21506
3401
20210
7399
10216
24371
19355
15864
13521
18535
16244
13908
10575
18046
21951
22530
21465
24672
25302
10946
20163
29285
4034
14670
10349
1466
25610
17377
23482
14087
8649
31734
11459
28750
10243
11602
15821
31255
20281
30788
28793
10186
29755
300
26427
9052
9534
14650
15117
7213
9518
9336
14693
23857
14662
16651
15972
3663
29917
29622
32592
9478
30595
7583
22852
18518
20812
16214
30758
11230
364
19731
27098
9794
17156
6207
29109
1743
7228
29238
12341
28258
25490
27724
29423
12165
12146
22798
16584
31196
25606
29386
30312
21696
21327
19281
1772
11561
9077
26875
13531
31441
28507
13548
22364
16534
21879
7830
32678
27680
26849
6271
4791
22725
14505
21060
11081
31145
24942
21471
22530
28458
23852
24101
2539
2939
1366
13458
18211
2702
31525
13385
30165
312
27183
23639
21351
18320
22843
11064
27636
25240
32084
30108
9725
12575
17180
6763
13915
24549
611
14342
4216
26881
4088
18128
9919
8832
8639
15597
3921
8271
14596
8009
24826
27995
1807
9180
23651
24566
32761
18733
13705
3453
4030
1813
4461
8503
9618
31942
3086
6785
2425
16395
23188
13864
12306
12754
24014
1815
179
31719
14558
562
16827
7170
16435
385
7972
8196
21688
657
32600
30590
32587
9239
6726
32371
24689
9943
1716
9567
18504
30148
12759
23159
2749
31081
29985
6195
25598
14983
15962
15626
307
6144
32242
4220
361
5107
20374
6486
718
31785
4353
10546
4132
29104
23317
16701
624
5061
4394
13373
10994
20984
31398
10706
22874
10634
6861
26363
4665
21018
15067
32733
2486
7552
23120
22208
13954
3834
31116
3163
4366
28038
29339
17745
21243
21902
21586
26875
19154
3530
29595
15720
6133
9059
9997
1186
25301
4436
24768
32563
25958
30486
6751
30696
22480
8828
18302
15573
5480
28892
16942
10649
3550
19311
26063
9956
22199
17146
19494
17206
28926
3758
24752
18665
5943
29261
15925
30065
10133
20367
2719
13795
32365
26308
17677
3252
21737
2746
14884
1219
30721
19425
4773
21914
27559
24237
12357
7409
20034
16700
19641
20852
4190
25657
3856
21191
21666
23296
2885
15046
3074
22275
24597
21521
8758
29292
26382
22984
20074
3588
10985
25747
23607
18003
6169
10470
210
17417
7076
27267
4227
27548
9266
18752
10329
12339
14691
19210
8221
3523
7526
18218
22660
28279
11464
5831
14760
32598
28809
11948
30137
14368
5749
1612
25584
6776
17329
28675
1989
27720
30101
18079
6242
29026
25785
5151
7255
26723
7763
5563
28047
20189
18368
16676
14723
12469
16480
12044
20909
1737
5543
3817
24640
26838
32113
2038
21782
5786
19094
11131
7914
7221
4031
23631
1223
5589
25720
20379
13248
22162
134
2784
21730
30359
8570
828
16231
3203
28294
16873
6956
5647
20112
12806
1894
21488
25733
31642
6544
7423
9712
4054
18600
27799
16331
19098
6298
12350
15764
19771
6653
6280
9892
30340
4605
28985
1469
7162
24216
17578
3810
26724
27406
20078
22379
907
18578
308
21592
26431
16198
9199
4838
1434
27494
18997
24416
9353
15043
11237
20024
4743
24180
8205
23382
6316
1224
16139
5040
19943
28543
28658
32027
12168
14905
25903
12384
8961
25902
19564
22931
17645
30752
13748
4768
10577
20878
30168
19495
28962
30251
2066
14474
22792
29838
13033
27972
9570
12587
29780
11900
3978
11906
31010
6361
6234
9622
9113
7577
25583
673
25950
1245
684
6662
28821
27207
19330
10631
1096
26567
11119
31160
22541
25266
3653
13235
27363
12053
17581
16142
14686
32072
2923
15370
7940
17862
6116
28173
26358
10043
19933
10835
20435
27359
645
7904
1753
8963
28854
1465
24141
6121
17016
6227
17181
30425
21447
22348
13765
30577
4758
31321
19055
27453
8211
7296
29790
27528
5933
30855
8332
6513
7251
18860
25490
9281
6783
9366
16073
2555
20852
23692
16559
17973
6468
18661
1164
25383
32532
32447
21845
8450
7971
21236
30672
10115
24585
14410
24569
30151
29501
19946
21925
1121
16090
12820
19557
19882
5283
27920
29357
12376
23108
2152
15413
24658
1755
9812
27552
22979
6582
11638
24412
2669
28254
23751
9673
9537
4565
23506
7325
21548
32029
6944
8071
15411
22777
6387
2578
1986
12024
24119
4301
27457
11182
18357
13737
22505
22085
28554
23458
20694
24885
19159
15777
5725
30799
20411
19617
7071
12288
14206
14609
31326
31188
12559
11130
22800
16953
6065
28770
30514
7046
497
7024
21471
6715
15579
26065
8865
18058
1901
19417
647
18199
8780
11758
11128
10493
1974
30882
1478
26897
24504
6175
24582
8810
1185
15048
14112
1569
11190
10013
17570
85
1575
10463
18266
11890
28226
22901
14883
2739
29927
18319
27903
28902
25404
16905
13414
24688
1185
18962
8926
8080
19687
28813
204
9192
11964
8887
30346
25657
13930
10763
7353
30574
15554
25443
26329
9436
18002
29023
7191
18888
25311
28170
21093
14377
8463
24507
8144
29360
27237
30010
30222
27142
23410
19748
23639
8021
27722
19601
31607
20489
32054
18675
12320
3800
7080
2370
6020
28159
4980
25174
18979
7887
8252
29332
14562
10857
21292
16588
24670
10182
232
16994
18047
4858
19395
3244
30288
10681
7730
13724
28174
28954
10624
10143
13183
18587
15555
27844
644
11877
2062
13601
18930
6354
8168
7283
27294
2349
21757
29444
27831
15289
13332
3538
8025
6388
16961
25069
22110
19484
18780
28449
14968
8947
18609
15829
24445
6848
24057
29747
5377
16022
14986
18057
9514
15064
30922
18159
30144
18941
26089
22571
16260
24209
5072
18385
20419
11900
18260
21423
2090
903
5808
7783
4316
29980
19506
22366
28866
28493
24884
6613
34
11033
9550
18262
26996
31722
26058
24914
11377
5729
10584
9736
22380
13398
21507
29864
27365
14875
18276
15545
7004
16641
21270
31928
25955
11038
2410
5122
10231
9293
19547
27636
14608
13429
9924
15440
10359
18191
17872
28386
9432
19426
9906
26212
14104
21777
19607
11424
18408
22104
4825
19412
9115
27027
28534
22362
28724
15488
14784
26504
18884
3013
18774
3286
30963
20277
338
32318
30684
31567
7108
1769
14622
31751
18784
30471
25903
19658
31091
7167
500
20924
24092
968
14479
22084
184
3990
11641
21706
31390
6586
7888
27583
9741
12995
15602
9182
23394
14826
29002
27570
3726
21677
1898
27737
24776
2489
27738
7047
31359
781
30768
11982
16787
15197
30177
21532
16324
6836
23895
21381
19819
18014
29636
32322
21608
10245
17973
3834
16219
28698
12906
24385
26903
6007
29157
5727
8275
9282
23361
13650
5027
13844
19909
9238
14759
7514
31545
9251
2434
508
1016
19512
6030
23869
6471
29015
27215
19171
6629
8464
7077
30103
23780
4355
6725
8846
7862
10145
8041
8297
17547
562
11463
7514
27099
7196
9920
10377
27710
31586
24283
25270
27012
1643
8817
8735
25602
26373
8618
3492
298
7849
17064
29481
5727
12289
13569
23868
30727
423
22899
11255
16097
24112
20947
13608
30616
13673
19783
12208
28825
736
25781
28201
6690
32166
7035
11468
11420
30036
22625
30353
2347
76
27339
26007
2179
24385
28724
17095
11261
14842
11735
18613
25834
6482
12975
3526
26151
17028
21922
22936
13298
22437
25594
27038
26107
24946
5140
26891
20414
9804
4188
8178
785
29313
11897
7595
24825
13773
9924
25208
11458
6689
24575
19560
21839
30626
9028
19324
26798
18933
19515
8457
26095
2746
18832
11869
24887
5462
420
5797
11792
30710
28547
14351
1027
21969
3095
16427
20841
16045
22427
24471
12414
8100
5969
24795
12983
12584
7032
9874
30294
1605
8569
21707
14907
8486
9825
10670
25597
12507
15763
18787
11321
23641
16319
303
25898
16066
26126
17888
3962
30951
9631
29036
12632
31756
24375
981
9163
29163
14132
27471
19014
26107
10691
6053
26748
5105
12115
23769
2677
32647
1354
26891
13026
14717
28406
20891
17326
30174
710
31634
21717
22405
22458
25406
28025
5343
10008
1821
21299
23027
13921
31229
25511
2975
7555
24672
11355
20516
15696
23845
13513
229
31279
12645
11954
26987
3857
5020
182
30637
3239
521
24354
16782
22739
5207
26377
936
16988
4220
28566
32072
31973
18146
1440
19897
6432
31172
17791
14022
19775
21468
1822
26746
8619
12859
4178
14890
22009
17784
16746
29878
4634
19980
28680
4619
14289
30717
25647
5612
26730
6586
11164
25587
4778
23110
14170
14034
7426
665
30609
7391
7
32324
27039
7632
25895
20307
19561
28098
7572
31095
28403
20865
1413
10341
19759
6147
10142
5497
28435
19765
13484
28831
15854
2555
9110
20595
17404
1393
3473
28071
2616
19320
6802
11685
2161
15470
4617
16502
23456
14908
25548
21987
13945
9878
15697
11738
16448
5758
32545
2067
21982
24330
9865
14066
24884
24424
32659
22960
15023
11295
13109
438
18717
32663
1479
18249
21439
5084
22970
4460
15007
18847
19080
5378
2339
16510
29671
20276
5859
17541
14658
32530
10936
13556
8553
25213
21525
18498
6792
14916
28315
20835
14934
22925
999
27207
20110
17527
32687
10147
20899
8701
27149
14835
6064
1310
7194
8128
18349
20794
8895
19742
29929
15808
17352
27770
27828
15622
22842
7314
3164
19064
30439
20421
13148
25589
3647
12429
9679
12918
1129
12106
29483
9713
28307
7489
13611
2173
26758
30948
15117
19638
14717
20308
29950
7011
15159
22308
13267
25686
14155
10336
4345
30356
11964
13773
4783
25526
16333
27507
24690
12943
7702
5721
7097
9487
20696
31120
12515
5479
11150
13426
13422
11886
13508
24108
8297
836
28460
31354
1580
18997
14575
11186
2118
16096
13633
17924
12471
28568
29752
10240
30560
31242
19678
31832
3255
31520
7557
18664
15551
13862
26202
28403
32312
14124
29245
176
530
29867
464
4101
22312
13419
11470
23186
30251
14243
28063
30449
18908
29283
2857
26428
1919
21039
21736
13520
27532
22508
25921
31057
11943
2305
24083
30959
18130
31670
21392
12775
18658
735
22859
1356
32303
15551
26001
23815
656
2343
32509
29469
32391
10974
26695
7728
20920
6213
15965
18249
16800
16187
15541
27860
131
16447
7137
22252
8358
25812
15972
24793
18367
21802
8132
31703
13994
20730
14816
20249
31069
28594
21636
6414
21278
11218
29499
13795
15092
15766
21860
28489
31835
2261
15496
31096
20539
8745
27883
16756
539
12112
7265
28815
30098
9938
17251
18735
8191
13028
1122
16593
19066
15245
7515
31566
12299
23559
6060
2909
19481
18280
10790
7258
27941
24706
355
26950
24504
2311
25178
9486
17817
27633
23344
14352
27972
18208
30290
30427
15768
30789
9152
13878
2512
20736
19628
24677
25012
30277
17731
28583
12816
20228
4299
29187
18790
17929
11246
31300
5344
25377
20821
8771
10632
32638
27769
612
28091
6492
11958
16995
30427
2789
31394
10065
28485
10322
6556
17113
6275
2388
28584
10184
15810
434
8570
18381
10886
3379
24784
24188
31132
12990
21253
3481
20561
8896
17891
3732
23009
5326
9914
7504
5938
10380
28590
40
22210
19917
32597
20788
26846
30715
3714
27848
25622
8378
14427
10558
3565
24008
18610
15350
15317
3623
17554
28570
16474
25215
24855
4007
14493
17598
23683
11561
19972
25345
28047
8390
16432
25015
15615
28157
19247
30979
7545
27568
15859
355
30103
21984
21763
13200
4155
11449
11633
8101
18211
1230
25612
8066
15293
11429
13526
18547
4668
19318
11961
8205
25323
23856
20341
6233
21953
12221
7133
5941
7222
17799
2115
3318
15702
16699
17713
24146
26644
16077
17498
9598
16352
15804
2511
3731
22396
151
7542
21302
19979
1472
12473
6520
17003
32112
19579
14843
4292
24827
6992
12631
3681
3925
9197
16571
14271
4821
2013
472
1252
29754
6774
29178
22514
16108
25612
14456
14844
6788
25956
11343
23064
7565
12139
23818
694
15756
9000
8933
31024
63
28144
31281
31650
21027
5593
11770
20731
9784
10865
5608
8020
17160
28079
27491
31873
24806
2345
31226
27878
32116
9096
12038
17548
2152
27193
19594
7797
19855
25446
17246
24108
16402
7205
30861
28575
2808
1775
31227
14641
2796
7763
26187
29708
5440
8171
3071
24244
12339
29584
993
32226
8303
4810
19106
24463
28630
1162
7618
5199
20862
16668
8111
21216
1786
4695
1841
31235
10972
17431
24069
25738
1143
14573
4809
17331
18666
14100
25112
29620
27994
423
23285
32407
28286
4626
621
16712
12641
1479
23160
26349
24931
5170
20513
11893
28545
8430
21734
11892
5847
15929
10082
2862
2659
13221
3881
21233
12300
23825
4084
29865
3299
30168
22526
1198
18088
9288
28077
17376
24208
22870
24693
7414
2373
22671
250
3091
18479
31826
25716
9370
10226
2621
14168
10564
18488
11237
9013
27248
4272
24522
19419
24250
14167
30346
10179
10702
31734
28756
14251
1407
15595
20128
24961
16659
18733
11805
29314
19169
5003
15595
3235
30751
11060
24843
816
32501
7548
8980
27315
22229
9437
12583
24599
29455
18748
3620
19213
2976
21870
16670
8111
26699
17915
6413
25443
25068
5410
22723
30979
3592
2077
24354
30779
18600
24998
8075
5170
4200
7609
32409
21868
26827
6812
26384
10991
14033
21277
11024
5796
19404
3611
1423
30977
4719
10055
20486
16357
4648
21804
16489
31939
15536
4205
17245
9731
14816
78
18086
1957
9670
4214
2014
10024
29944
5108
15213
7850
29480
6527
8117
13136
4089
21762
20621
10984
28177
16984
28401
9421
26735
25939
28919
31243
511
19204
11781
26820
29548
12342
31554
3795
19254
28988
27722
30638
21508
9965
3110
16785
13627
5356
8827
7641
463
19757
22785
12462
10586
11444
21815
5092
32619
5536
6742
291
19744
2665
18307
26438
8439
3686
1608
28418
20705
28562
15685
13000
25240
23951
23331
11756
20019
29163
19914
9990
20216
3491
31188
6553
13937
12261
17985
25330
30146
10778
4204
13907
20793
21796
7229
7249
29223
11236
21665
379
19182
28416
28727
6204
348
13795
20045
4611
21303
4357
8202
29600
10521
8556
12780
2290
19326
18803
26998
15295
28188
23242
19234
20963
1395
26046
7325
22189
6820
3514
30515
13190
4486
1806
24200
15315
5367
8688
12170
12317
7536
1728
31651
31855
17885
1937
9267
13824
25259
10980
19005
7186
3874
21430
26209
8218
9461
10942
7434
14625
21015
11504
8936
1642
16593
837
17825
1365
1554
1982
27843
24195
18950
7079
9982
3643
24297
13081
6032
27661
14878
14786
22528
21941
891
13544
8719
322
12008
18092
21996
14967
21544
30348
12455
3953
14582
25388
18152
12426
16724
16726
6113
1918
14880
19519
19585
18892
12776
2828
30442
2655
21503
3988
26150
3694
31184
4712
25109
27041
26227
4113
25514
9589
24702
19352
7511
30689
7710
23116
26566
19770
14182
7359
26314
10580
4838
18706
31381
9194
128
27250
20779
1087
30327
31203
11287
16390
9417
29756
11868
24959
21183
4467
18094
6372
15042
283
2530
32003
22640
20523
4516
16172
23791
23553
13160
22093
15745
30375
9123
25948
4185
8276
22842
24821
11182
31286
17722
14405
15117
22126
13003
1318
16115
2397
25439
1931
10907
24606
15151
28703
5141
24659
4584
15913
10904
13605
31649
13491
26393
28038
7697
10987
11036
28601
26111
15305
16843
17941
12537
6386
30533
10502
16201
1245
14904
27220
549
14388
31666
9640
6694
13949
16692
23116
6652
22009
7433
21042
24927
32460
213
31288
9288
25951
7793
4010
29282
17411
19190
18184
21179
22487
6168
20490
18368
9451
6070
23266
20328
17829
32174
705
13231
18788
5110
16796
16198
26212
13545
20784
10889
738
16350
7492
21681
22912
15359
11054
7499
15594
7513
6808
29161
16058
24623
9092
25623
15769
28308
13710
23440
7847
1081
7281
14514
13854
1155
19917
31536
9010
30432
17448
16647
9019
7516
2866
12723
8213
22895
24909
10658
32199
21273
4684
14825
27492
5681
28539
20534
15151
6651
2272
6917
1538
26360
3009
32279
7665
20226
27239
11040
5162
27544
12577
12993
22047
22134
11403
8629
9704
20584
17679
32335
29154
19041
13229
14884
20381
1223
29688
27653
7669
14610
5985
26160
4734
405
23992
31942
13862
29595
14064
4224
5397
8118
4643
12702
9688
27732
7637
28449
11199
32403
23933
9786
6275
9559
14402
26114
12588
31385
25858
15211
31282
12034
22424
31095
12003
13240
4959
20904
18436
13944
1778
20663
21947
9189
21814
5001
12461
9247
12187
18526
18019
17816
9630
20556
1266
18979
3475
5356
10715
19022
27297
26195
30768
8946
29710
30019
6648
24840
8636
15779
12501
8126
25076
29997
23012
3275
23651
21095
10469
1791
26210
16340
24220
2846
3195
20331
24182
25326
21800
584
10096
19087
8413
14498
21557
11
19273
24061
26246
28974
29146
9632
25055
31640
895
27466
31064
29456
32177
3105
21705
25115
31412
19435
12593
14541
29978
6784
24665
24032
25738
19839
27572
22019
6079
8769
24202
30068
28627
7179
31573
20433
24766
4744
24684
23084
23322
1142
24542
29533
809
671
3745
18076
22808
18187
20204
15439
13957
19572
23009
27936
17728
31226
3183
19283
21326
14104
31607
30294
10292
31703
4909
27802
16242
12609
17858
4002
3149
30233
3392
11866
10961
7113
17589
2473
8727
28572
7315
1865
7108
9261
11863
1751
13522
28448
29545
3366
19347
12047
9027
14809
28402
11719
15574
15153
21245
21173
16169
13347
28320
22939
21828
18606
9907
24967
31052
17515
10808
26630
21231
3942
25565
1173
21763
25900
9417
30808
24169
549
27796
26127
25144
15140
29335
17989
23319
13117
21607
27594
3563
9175
3484
11364
24499
27393
7383
450
17071
21514
31235
14001
32456
20043
16858
29843
22828
1608
15019
17676
24377
5368
5723
23550
22684
14688
5547
15800
9402
20583
28856
5482
1871
32485
10440
20444
10324
16893
10051
20064
19239
22957
19968
17926
230
16803
23746
7950
23067
11346
20483
26787
23455
13382
7408
13510
15032
14260
28340
28808
9349
4694
18681
3196
5276
10613
13228
2412
32497
32328
21505
15691
20730
14972
5816
25707
3600
27412
20382
21232
2841
23923
29270
23173
3428
21175
18521
14413
20692
32073
18492
7964
14657
31922
29234
12776
13083
19377
21969
634
1872
21642
9497
26729
9840
8096
30898
17481
12048
20550
10613
800
13164
25555
25390
30233
592
26356
21664
21117
30520
5447
8394
28126
5558
5925
30057
2710
29716
20927
27326
18544
14650
32108
4241
3492
12755
30273
19574
31753
16556
31459
27983
18054
11868
19865
6162
31433
7210
27557
29133
4924
7723
20181
10983
25909
16555
27989
20392
16238
31950
27591
507
19636
24695
13717
115
3811
28009
28550
7821
1553
29613
30864
4661
22538
27443
27886
14987
3069
4284
24434
17382
11892
18934
15643
19737
29065
5353
3818
29174
7511
1683
3570
24337
25776
7375
15791
21191
29198
26492
152
12158
16587
19674
23287
813
5780
27959
22521
10272
12571
27084
17665
25333
31756
4834
14146
8683
25411
16697
3981
16732
5436
24233
28775
31111
18890
25098
23135
22931
24844
16978
25247
29649
28317
9469
14272
8002
1292
19378
26851
29273
21900
1315
8957
23297
30700
9525
22642
30690
28361
18529
1766
5856
15362
26201
3919
31973
6508
30703
21583
23265
10695
13363
4802
5135
13809
10460
10387
14713
19034
12778
15827
24254
18616
5257
1036
11283
16892
16695
32722
20872
11396
297
4252
16269
19090
4843
10962
18612
21757
31304
30759
4280
15910
1897
21033
27839
8494
22849
19222
6364
12646
24360
14578
26328
15879
7621
30422
18994
7716
15154
20619
25956
6364
5723
19544
31848
7636
28071
18199
28795
25061
22747
5774
10529
13329
6715
9725
3689
7868
2802
16628
30834
10520
9907
103
14382
19682
31393
3588
7526
29772
31596
12740
7678
5178
1725
24001
635
14000
5077
11335
15298
2443
22385
1069
17954
17776
24304
22374
15765
259
26295
12243
1859
17497
28629
32347
13384
28847
22755
24638
439
20572
32302
20134
6623
25348
9497
27776
31437
14863
14012
26249
9746
31065
3537
6572
32198
20523
23505
29579
29388
32363
26970
16732
26712
14863
13780
24822
28847
2263
14932
2091
18222
25148
21440
5721
11150
11684
6197
9276
614
28887
7077
17926
24305
17078
26565
13234
23058
22059
11046
19349
23189
12636
25505
9014
12984
25892
2041
6751
14058
22723
29884
9332
12754
32212
8298
15364
22931
128
23257
13470
10831
18418
7128
24294
18922
23306
9491
13031
22800
32086
31543
29867
21881
6206
31318
1801
29035
17534
2444
24767
1153
2010
12771
22465
31148
6924
7284
14032
24183
19458
15311
20813
30607
20550
9373
2384
32386
7102
22916
31733
27847
3989
3659
18422
30719
5497
9791
8831
9082
31495
29141
11837
2813
8579
28560
18617
19138
21965
5157
16868
10433
25744
24030
12786
25390
16061
14140
24940
18499
16952
27872
30593
31551
31441
15019
25246
2735
28533
13349
12094
15340
20389
3099
16642
12261
5416
32653
8708
17694
28157
26567
23657
23289
660
14285
4661
23093
27710
26876
18275
9908
28641
6895
4662
24193
20720
27296
9674
2577
20634
17615
27374
8649
11586
14248
6966
3265
13872
1952
4683
31944
18310
2976
18822
19368
17013
5221
12733
15787
21936
25383
24413
19805
10785
29560
15545
25748
18396
7280
13986
9902
18257
19719
5944
12314
8901
26562
767
28442
15363
402
19510
31174
27214
2041
4196
1365
9371
4718
21555
25240
7165
25347
4481
9159
23137
23109
27573
20352
14715
25187
32335
17677
17920
5523
31172
13798
25366
9138
648
22646
16905
15146
1644
14370
575
31001
31786
18056
3438
9392
16702
4612
1036
14809
2552
17785
19975
1820
6096
21838
9143
25283
10745
32182
8977
15164
23609
30261
17693
1728
26615
32352
18346
22066
31638
10212
24384
3914
7169
457
17750
4594
17543
2296
30405
19696
14570
507
13949
1478
15794
8197
10358
22486
10951
7474
6378
11978
3135
10255
17346
16435
17781
19037
12366
18544
27227
11538
30008
3794
17169
23969
30907
29950
11702
30843
272
5522
21118
23766
10537
13835
24068
19885
3490
4070
13794
9224
17909
13573
23424
30333
32237
4949
28969
23031
17245
23470
5476
8118
23569
20474
2177
13463
14341
15514
20594
1430
21461
8453
20188
3473
8053
19378
32110
28751
15650
27961
17522
18112
11416
26293
8097
134
13958
22380
1340
32437
11327
11698
17240
19415
20402
16138
18298
5428
30620
11151
1123
18768
17404
4242
27181
32692
30408
20101
9367
3569
17630
26135
5022
28131
13117
12449
12877
22835
21621
30657
24533
15903
31324
12356
16096
29054
12291
23626
7971
16894
4072
22692
9522
20657
19053
6529
9369
21192
28809
6730
24616
8350
22206
1226
9358
13816
9291
21394
28970
1931
25250
29596
8989
20926
8476
10542
22180
17586
236
15361
29349
12671
15698
11939
4743
7361
1041
1306
16967
23124
12834
24266
16584
5723
18602
26521
15467
28551
11818
25680
15840
1686
4085
24132
13628
10009
30696
12855
23883
28027
27221
1657
26919
3647
8256
27730
12297
8841
12750
12453
19296
7648
17658
8141
23328
20786
5258
16587
25693
7960
25409
19363
32280
17756
12119
24323
16473
24505
14886
14630
10622
2017
14374
30712
28114
14021
15643
9339
25953
19216
14477
3433
3083
22772
5753
13595
18392
10026
22598
22185
27019
32052
14842
18003
7034
9958
14254
12575
12956
20772
1856
32708
5604
9197
23111
24775
12237
15769
31820
15844
7735
29534
8503
8367
5233
31513
30727
19067
9111
25163
21958
891
23838
30306
3260
25895
941
571
17380
9185
15918
1252
25244
7129
294
17830
25760
9518
8769
26947
10809
29526
18994
27772
6322
959
14521
10198
7948
24502
3845
16542
29427
13705
5181
11051
6640
3304
10330
8803
4831
6801
22839
14465
13220
30509
19947
25877
3866
15732
